t,c,witness_m,b_t
2,1,3,3
3,1,4,4
3,2,7,8
5,2,11,12
5,3,15,18
5,4,19,24
7,2,5,16
7,4,25,32
7,6,41,48
9,3,13,30
13,9,105,126
13,10,113,140
13,11,117,154
13,12,125,168
15,13,153,208
15,14,163,224
21,14,223,308
21,15,237,330
21,16,281,352
21,17,283,374
21,18,291,396
23,8,69,192
23,11,139,264
23,12,171,288
23,13,225,312
23,21,357,504
25,14,213,364
25,15,245,390
25,16,255,416
31,15,269,480
31,17,343,544
31,18,379,576
31,19,389,608
31,20,393,640
31,21,425,672
31,22,463,704
31,23,489,736
31,24,509,768
31,26,581,832
31,27,629,864
33,15,253,510
33,22,495,748
37,26,641,988
37,27,693,1026
37,28,721,1064
39,33,975,1320
39,34,979,1360
39,35,1041,1400
39,36,1049,1440
39,37,1099,1480
41,21,493,882
45,32,1071,1472
45,36,1169,1656
45,41,1417,1886
45,42,1459,1932
45,43,1469,1978
45,44,1481,2024
47,12,21,576
47,11,29,528
47,13,57,624
47,14,89,672
47,19,403,912
47,22,499,1056
47,27,785,1296
47,28,793,1344
47,29,859,1392
47,30,883,1440
47,31,919,1488
47,45,1589,2160
47,46,1633,2208
55,28,961,1568
55,46,1843,2576
55,49,1965,2744
55,50,2045,2800
55,51,2151,2856
55,54,2289,3024
57,40,1699,2320
63,52,2369,3328
63,53,2401,3392
65,42,1797,2772
69,64,3351,4480
71,31,1021,2232
71,33,1121,2376
71,35,1333,2520
71,36,1377,2592
79,78,4963,6240
85,76,4953,6536
85,77,5073,6622
87,66,4077,5808
87,67,4085,5896
87,70,4459,6160
87,71,4575,6248
87,78,5049,6864
87,79,5081,6952
87,80,5165,7040
89,58,3125,5220
89,61,3809,5490
93,72,4961,6768
93,73,4981,6862
93,77,5281,7238
93,82,5871,7708
93,83,5931,7802
93,92,6569,8648
95,82,5633,7872
95,83,5669,7968
95,84,5751,8064
95,85,5779,8160
95,87,5991,8352
95,86,6033,8256
95,89,6329,8544
97,41,1713,4018
97,42,1911,4116
103,35,749,3640
103,36,753,3744
103,66,4579,6864
103,65,4597,6760
103,67,4671,6968
103,68,4677,7072
103,86,6439,8944
103,87,6449,9048
103,93,7071,9672
103,94,7491,9776
105,35,905,3710
105,54,2899,5724
105,55,2909,5830
105,56,3051,5936
107,106,8743,11448
109,82,5981,9020
109,80,6051,8800
109,81,6065,8910
109,84,6089,9240
109,83,6103,9130
109,85,6269,9350
111,35,705,3920
111,34,801,3808
117,101,8281,11918
117,100,8581,11800
117,109,9517,12862
117,108,9585,12744
117,111,9717,13098
117,110,9725,12980
117,112,9735,13216
127,113,10433,14464
127,114,10977,14592
127,120,11203,15360
127,117,11211,14976
127,121,11513,15488
127,119,11571,15232
127,122,11793,15616
127,124,11833,15872
127,123,11889,15744
127,126,12043,16128
127,125,12237,16000
141,124,12809,17608
141,125,12965,17750
141,127,13177,18034
141,130,13417,18460
141,129,13433,18318
141,131,13639,18602
141,135,13671,19170
141,132,13761,18744
141,136,13953,19312
141,134,14169,19028
141,133,14179,18886
143,63,4011,9072
143,70,5217,10080
151,58,3101,8816
151,61,3345,9272
151,59,3463,8968
151,60,3593,9120
153,45,951,6930
153,102,10071,15708
155,154,18591,24024
159,60,3369,9600
159,61,3379,9760
159,97,9319,15520
159,125,13873,20000
159,131,15181,20960
159,152,17761,24320
159,146,17945,23360
159,147,18139,23520
161,65,4185,10530
161,64,4275,10368
161,93,8729,15066
161,92,8769,14904
167,122,13553,20496
167,123,13829,20664
167,128,14655,21504
167,130,14757,21840
167,129,15545,21672
173,142,17753,24708
173,140,18129,24360
173,141,18233,24534
173,157,19701,27318
175,67,4321,11792
175,70,4773,12320
175,69,5009,12144
175,92,8817,16192
175,93,8835,16368
175,94,8849,16544
175,95,8923,16720
175,96,9079,16896
175,97,9703,17072
175,98,9741,17248
175,101,10041,17776
175,102,10063,17952
175,100,10399,17600
175,103,10589,18128
175,104,10593,18304
175,105,10695,18480
175,106,11683,18656
183,67,3615,12328
183,167,22491,30728
183,169,23105,31096
183,171,23441,31464
185,56,1543,10416
185,80,6351,14880
185,81,6393,15066
191,73,5293,14016
191,74,5415,14208
191,85,6893,16320
191,84,7073,16128
191,101,10857,19392
193,85,7425,16490
193,107,12135,20758
193,110,12261,21340
193,109,12417,21146
193,129,15485,25026
193,126,16551,24444
199,73,5169,14600
199,124,14871,24800
201,73,5133,14746
201,104,11405,21008
201,105,11419,21210
201,107,11533,21614
201,106,11849,21412
201,109,12163,22018
201,108,12231,21816
201,110,12333,22220
201,112,12499,22624
201,111,12597,22422
201,116,13329,23432
201,119,14609,24038
201,123,15019,24846
201,124,15097,25048
205,181,26697,37286
207,65,1977,13520
213,158,22873,33812
213,164,23489,35096
213,159,23743,34026
213,162,24231,34668
213,161,24601,34454
215,126,15929,27216
215,125,16349,27000
215,127,16569,27432
215,128,16617,27648
215,129,16753,27864
215,130,16865,28080
215,131,16869,28296
215,180,29091,38880
215,181,29233,39096
217,55,177,11990
217,57,513,12426
217,56,523,12208
217,58,593,12644
217,59,1431,12862
217,61,1649,13298
217,62,1685,13516
217,60,1709,13080
217,64,1841,13952
217,63,2001,13734
217,66,2157,14388
217,65,2249,14170
217,103,10413,22454
217,136,17239,29648
217,138,18461,30084
217,139,18509,30302
217,141,18777,30738
217,146,20331,31828
221,166,25971,36852
221,167,26037,37074
221,205,33365,45510
221,206,33717,45732
221,209,34893,46398
221,214,35189,47508
223,170,25159,38080
223,175,26143,39200
223,165,26165,36960
223,180,27365,40320
223,179,27705,40096
223,181,27905,40544
223,183,28113,40992
223,184,28123,41216
223,182,28183,40768
223,185,28321,41440
223,190,30679,42560
223,194,30739,43456
229,197,32669,45310
229,223,38701,51290
229,224,38877,51520
229,227,39653,52210
231,116,14623,26912
231,117,14697,27144
231,125,16561,29000
245,183,30725,45018
245,185,30993,45510
245,197,33561,48462
245,203,34445,49938
245,226,41331,55596
245,227,42141,55842
247,188,31181,46624
247,189,31275,46872
247,205,35659,50840
249,75,3831,18750
249,77,4625,19250
249,79,4851,19750
249,133,18213,33250
249,135,18457,33750
249,137,18989,34250
249,134,19613,33500
249,145,21601,36250
253,189,31861,48006
253,191,32623,48514
253,190,32817,48260
253,193,33471,49022
255,247,49093,63232
263,89,5613,23496
263,92,6457,24288
269,213,40889,57510
269,214,41211,57780
277,241,49993,66998
277,248,52709,68944
277,249,52981,69222
279,133,17151,37240
279,134,17369,37520
279,130,17765,36400
279,138,18965,38640
279,136,19393,38080
279,137,19423,38360
279,135,19519,37800
287,95,7473,27360
287,96,7773,27648
287,99,7879,28512
287,102,8013,29376
287,100,8061,28800
287,101,8419,29088
287,103,9051,29664
287,105,9249,30240
287,104,9345,29952
287,108,11101,31104
287,107,11241,30816
287,164,25141,47232
287,170,26877,48960
287,168,26931,48384
287,165,26997,47520
287,166,27009,47808
287,169,27033,48672
287,167,27041,48096
287,160,27329,46080
287,205,39679,59040
287,207,40791,59616
287,210,41181,60480
289,72,193,20880
289,73,209,21170
289,74,333,21460
289,76,673,22040
289,191,34851,55390
289,192,35373,55680
289,193,35377,55970
289,200,37137,58000
289,202,37377,58580
289,201,37425,58290
289,203,37617,58870
289,206,37663,59740
289,207,37723,60030
289,205,37921,59450
289,210,41261,60900
293,261,55875,76734
293,280,60657,82320
293,281,60771,82614
295,128,16829,37888
295,213,42237,63048
295,222,43777,65712
295,221,44385,65416
295,262,58409,77552
297,96,5557,28608
297,107,9831,31886
297,109,10335,32482
297,108,10431,32184
297,112,10819,33376
297,111,11121,33078
297,131,17081,39038
297,132,17331,39336
297,134,18065,39932
297,135,18079,40230
297,136,18297,40528
297,153,23211,45594
297,152,23321,45296
297,154,23617,45892
297,150,24253,44700
297,151,24309,44998
297,163,25099,48574
297,188,35433,56024
297,187,35765,55726
301,235,49237,70970
301,234,49257,70668
301,230,49311,69460
301,231,49423,69762
301,240,50659,72480
301,229,50697,69158
311,229,48369,71448
313,171,31121,53694
317,298,70529,94764
319,272,63969,87040
319,291,67377,93120
319,290,67437,92800
319,305,71673,97600
319,313,73177,100160
319,300,73229,96000
319,301,73233,96320
319,316,73483,101120
319,315,73639,100800
319,314,73671,100480
319,317,74085,101440
319,312,74173,99840
319,318,74539,101760
321,115,11383,37030
335,107,8173,35952
335,114,10485,38304
335,112,10677,37632
335,113,10829,37968
335,115,11113,38640
335,223,48393,74928
335,224,48957,75264
335,267,63573,89712
341,308,75333,105336
341,307,75403,104994
341,311,76579,106362
341,310,76677,106020
341,312,77169,106704
341,313,77265,107046
341,309,77533,105678
341,314,77649,107388
341,315,77715,107730
341,316,77769,108072
343,146,21259,50224
343,148,21749,50912
343,149,21777,51256
343,150,21965,51600
343,160,24813,55040
343,161,26203,55384
343,162,26337,55728
343,164,26921,56416
343,165,27089,56760
343,163,27291,56072
343,166,28469,57104
343,167,28533,57448
343,180,32683,61920
343,181,32773,62264
343,182,32779,62608
343,183,33305,62952
343,184,33653,63296
343,186,34153,63984
343,200,39823,68800
343,201,39957,69144
373,333,89697,124542
373,370,102013,138380
373,369,102581,138006
373,372,103813,139128
373,371,103815,138754
375,204,41921,76704
375,205,42069,77080
375,203,42763,76328
375,206,43215,77456
377,240,55663,90720
381,313,85339,119566
381,312,87591,119184
383,149,21255,57216
383,153,21921,58752
383,156,22519,59904
383,157,22529,60288
383,158,22657,60672
383,152,22709,58368
383,154,24171,59136
383,163,24877,62592
383,160,25269,61440
383,161,25731,61824
383,162,26655,62208
383,167,27553,64128
383,168,27739,64512
383,171,27869,65664
383,170,29653,65280
383,191,37513,73344
383,192,38285,73728
383,201,40077,77184
383,207,41941,79488
383,203,42531,77952
383,213,44413,81792
383,209,44649,80256
383,211,44895,81024
383,204,45435,78336
383,219,45531,84096
383,217,46985,83328
383,214,47653,82176
383,307,82095,117888
383,308,82581,118272
383,316,83313,121344
383,317,84297,121728
383,318,84381,122112
383,320,84463,122880
383,321,92013,123264
383,322,92685,123648
383,364,101295,139776
383,370,104503,142080
383,379,108161,145536
385,96,1409,37056
385,123,8913,47478
385,155,21729,59830
385,156,22243,60216
385,154,23895,59444
385,162,25063,62532
385,161,25219,62146
385,163,25423,62918
385,160,25455,61760
385,159,25663,61374
385,169,28695,65234
385,167,29479,64462
385,174,30111,67164
385,175,30231,67550
385,173,31021,66778
385,177,31971,68322
385,196,37491,75656
385,197,37529,76042
385,199,37573,76814
385,200,37861,77200
385,202,38405,77972
385,192,38659,74112
385,201,39809,77586
385,204,40049,78744
385,198,40149,76428
385,203,41511,78358
385,209,43843,80674
385,210,44025,81060
385,262,64121,101132
385,265,64917,102290
385,266,65031,102676
385,267,65115,103062
385,263,65263,101518
385,264,65383,101904
385,268,65461,103448
385,278,70279,107308
385,279,70639,107694
385,280,70671,108080
385,281,71273,108466
385,282,72471,108852
391,102,241,39984
391,103,313,40376
391,98,453,38416
391,99,477,38808
391,107,2529,41944
391,306,81981,119952
391,307,82181,120344
391,316,84477,123872
391,313,84545,122696
391,315,84591,123480
391,310,84909,121520
391,314,85879,123088
391,352,100633,137984
391,357,101391,139944
391,356,101539,139552
393,187,36697,73678
397,97,1,38606
397,98,679,39004
397,306,85661,121788
397,313,86381,124574
397,318,87653,126564
397,314,88469,124972
397,321,88677,127758
397,319,88689,126962
397,320,88783,127360
397,316,89503,125768
397,317,89641,126166
397,310,90979,123380
397,311,91841,123778
397,326,94829,129748
397,325,94993,129350
399,110,3417,44000
399,111,3477,44400
399,113,3965,45200
399,112,4169,44800
399,114,4221,45600
405,351,101913,142506
405,350,102521,142100
405,382,114319,155092
405,383,114919,155498
405,384,116997,155904
405,386,117277,156716
405,385,117291,156310
405,387,117305,157122
405,388,117541,157528
407,172,27919,70176
407,171,28077,69768
407,176,29561,71808
407,175,30583,71400
407,178,31929,72624
407,183,32945,74664
407,184,32983,75072
407,186,33643,75888
407,185,33703,75480
407,187,34033,76296
407,193,37953,78744
407,194,38129,79152
407,199,39037,81192
407,204,41503,83232
407,206,43513,84048
407,207,43625,84456
407,208,43773,84864
407,216,45905,88128
407,217,46829,88536
409,301,81817,123410
409,302,83253,123820
415,132,15189,54912
415,133,15343,55328
415,135,15513,56160
415,140,16219,58240
415,250,59561,104000
415,249,60117,103584
415,248,60799,103168
415,261,62045,108576
415,265,65685,110240
415,264,65973,109824
415,361,109459,150176
415,381,114103,158496
415,382,114703,158912
417,211,44779,88198
417,213,44893,89034
417,214,45735,89452
421,356,104613,150232
421,358,106191,151076
421,360,106237,151920
421,357,106699,150654
421,361,107181,152342
425,279,75793,118854
425,280,76665,119280
431,342,99353,147744
431,343,99471,148176
431,344,99763,148608
431,340,101521,146880
431,341,103575,147312
439,190,36525,83600
439,189,37053,83160
441,328,96057,144976
441,326,96073,144092
449,286,77839,128700
449,285,77945,128250
449,287,78453,129150
481,176,24953,84832
481,172,25003,82904
481,175,26391,84350
481,173,26475,83386
481,292,82785,140744
481,299,87341,144118
487,131,5225,63928
487,430,148173,209840
487,429,148251,209352
487,427,154035,208376
487,428,156189,208864
487,462,162721,225456
487,471,169159,229848
489,175,24321,85750
489,174,24343,85260
489,178,28603,87220
489,179,28611,87710
489,180,28713,88200
489,229,54689,112210
489,236,56037,115640
489,237,56151,116130
489,239,57823,117110
489,243,60593,119070
489,296,87319,145040
489,295,87389,144550
489,298,87905,146020
489,299,87951,146510
489,300,88201,147000
489,297,89241,145530
489,290,90973,142100
489,313,93057,153370
489,316,93199,154840
489,315,93375,154350
489,314,93393,153860
489,317,93413,155330
489,318,93417,155820
489,319,94001,156310
489,324,98713,158760
489,327,101225,160230
493,382,127813,188708
493,383,127905,189202
501,378,126313,189756
503,261,66753,131544
503,260,67671,131040
503,273,72281,137592
503,274,72341,138096
503,275,74413,138600
503,276,74899,139104
503,288,82421,145152
503,417,148205,210168
503,419,148993,211176
503,420,149391,211680
503,418,151303,210672
503,414,154243,208656
503,415,154399,209160
503,429,159097,216216
503,428,159885,215712
505,130,3297,65780
509,393,132921,200430
509,392,135231,199920
511,472,182909,241664
511,473,184049,242176
511,503,202035,257536
511,502,202971,257024
513,227,52137,116678
519,132,135,68640
535,227,49939,121672
535,358,121781,191888
543,486,190491,264384
543,490,195945,266560
543,489,196093,266016
543,492,197419,267648
543,495,208173,269280
543,530,214911,288320
545,223,44833,121758
545,224,45633,122304
545,317,94373,173082
545,316,94453,172536
545,318,96499,173628
545,315,96549,171990
545,319,97753,174174
549,413,151109,227150
549,416,151593,228800
549,415,151805,228250
549,417,151819,229350
549,418,151857,229900
549,412,152083,226600
549,414,152235,227700
549,420,152383,231000
549,422,152793,232100
549,424,154071,233200
549,428,154095,235400
549,425,154385,233750
549,426,157557,234300
549,427,157617,234850
549,429,158225,235950
549,419,160065,230450
549,433,160843,238150
549,434,160875,238700
549,437,162217,240350
549,435,164037,239250
549,436,164377,239800
549,439,164553,241450
549,440,164563,242000
549,441,164743,242550
549,442,166353,243100
549,443,166685,243650
549,462,176383,254100
549,463,176401,254650
549,464,177253,255200
549,465,182331,255750
567,344,114513,195392
569,290,91145,165300
581,451,186957,262482
581,452,187093,263064
581,517,218383,300894
581,518,218397,301476
581,520,218893,302640
581,519,218917,302058
581,521,222135,303222
581,534,223569,310788
581,537,224849,312534
581,535,224871,311370
581,538,224983,313116
581,531,225231,309042
581,539,227377,313698
581,556,250713,323592
583,215,38917,125560
583,213,39185,124392
583,372,132433,217248
583,373,132657,217832
583,488,199363,284992
583,476,200599,277984
583,498,206881,290832
583,499,208305,291416
583,507,209031,296088
583,502,209119,293168
583,508,211329,296672
583,512,213739,299008
583,514,214089,300176
583,517,214575,301928
583,515,214597,300760
583,519,214813,303096
583,520,215211,303680
583,521,215353,304264
583,518,215391,302512
583,513,215489,299592
583,516,215493,301344
583,543,232317,317112
583,545,234729,318280
583,557,242409,325288
583,573,246217,334632
583,579,250605,338136
583,578,250821,337552
583,580,251083,338720
583,581,251133,339304
585,340,111993,199240
591,233,49155,137936
591,235,49903,139120
591,234,50299,138528
591,236,51345,139712
591,237,51389,140304
591,238,51739,140896
591,241,53721,142672
591,242,54753,143264
591,274,71857,162208
591,275,75393,162800
591,326,107337,192992
591,327,107353,193584
591,328,107733,194176
591,330,107789,195360
591,329,107865,194768
591,332,111591,196544
601,183,22011,110166
601,184,22953,110768
601,186,24937,111972
601,185,26525,111370
601,194,29211,116788
601,197,30989,118594
601,198,31089,119196
601,200,32083,120400
601,205,33473,123410
601,206,34613,124012
601,418,161757,251636
601,420,162171,252840
601,419,162253,252238
605,583,263153,353298
605,588,263429,356328
605,589,265169,356934
605,590,266511,357540
605,587,266599,355722
605,591,266673,358146
607,296,88123,179968
607,297,88221,180576
607,298,88441,181184
607,300,90061,182400
607,475,196077,288800
607,476,197549,289408
607,478,197623,290624
607,477,198375,290016
607,479,200271,291232
607,474,207711,288192
607,523,229515,317984
609,251,56751,153110
609,252,57771,153720
609,257,62203,156770
609,258,62261,157380
609,259,63813,157990
609,256,64113,156160
609,254,64685,154940
615,278,74419,171248
615,337,114411,207592
637,495,220869,315810
653,539,245705,352506
653,538,246509,351852
653,607,288111,396978
653,610,290233,398940
653,611,290959,399594
655,310,94865,203360
655,311,95353,204016
655,312,97515,204672
655,370,131541,242720
655,474,200941,310944
655,476,204601,312256
655,475,204831,311600
663,170,1957,112880
663,182,4663,120848
663,176,4713,116864
663,187,6619,124168
663,173,6661,114872
663,186,6697,123504
663,174,8529,115536
663,195,17353,129480
663,455,194873,302120
663,456,194981,302784
663,479,209557,318056
663,483,211693,320712
663,480,213177,318720
671,313,91545,210336
671,316,94681,212352
671,314,94759,211008
671,315,97665,211680
671,320,100575,215040
671,319,104081,214368
677,634,311025,429852
677,673,344201,456294
679,491,217421,333880
679,492,217977,334560
679,504,226125,342720
679,506,227165,344080
679,502,227733,341360
679,503,227743,342040
679,505,228283,343400
679,576,291021,391680
679,575,291711,391000
679,634,316125,431120
679,635,316237,431800
681,236,45043,160952
681,237,45103,161634
681,243,48643,165726
685,575,275621,394450
685,576,276613,395136
685,592,284069,406112
685,593,285165,406798
687,417,174763,286896
687,498,228241,342624
687,499,228609,343312
687,505,228979,347440
687,506,228989,348128
687,502,229353,345376
687,503,229409,346064
687,500,229617,344000
687,501,229685,344688
687,504,232671,346752
687,507,235311,348816
687,526,243313,361888
687,527,244985,362576
695,388,146817,270048
695,409,165129,284664
695,408,165429,283968
695,410,165975,285360
695,419,175313,291624
695,436,179705,303456
695,435,180933,302760
695,437,181521,304152
695,417,182069,290232
697,208,28709,145184
697,234,40191,163332
697,439,188803,306422
705,193,13363,136258
705,195,13723,137670
705,201,17913,141906
705,202,18163,142612
705,434,178731,306404
705,433,179031,305698
705,437,179345,308522
705,435,180075,307110
705,436,180353,307816
705,460,209263,324760
711,583,285237,415096
711,582,286565,414384
711,589,287571,419368
711,590,288365,420080
727,209,24929,152152
727,244,44345,177632
727,247,46017,179816
727,250,46913,182000
727,251,47045,182728
727,252,48559,183456
727,253,48813,184184
727,255,48933,185640
727,256,49049,186368
727,257,51221,187096
727,258,55257,187824
727,259,55377,188552
727,254,55579,184912
727,260,57413,189280
727,261,58761,190008
727,351,124311,255528
727,501,234531,364728
727,505,235649,367640
727,500,239889,364000
729,440,189343,321200
729,515,242023,375950
729,516,242041,376680
729,517,243231,377410
733,566,292603,415444
741,647,338353,480074
741,652,340209,483784
741,657,342537,487494
741,655,344789,486010
741,651,345741,483042
741,658,348005,488236
741,663,348489,491946
741,653,362525,484526
741,654,365373,485268
751,206,9957,154912
751,207,10293,155664
751,208,11023,156416
751,226,30477,169952
751,223,30929,167696
751,224,31025,168448
751,225,33231,169200
759,446,190773,338960
759,448,191249,340480
759,447,191457,339720
759,449,192817,341240
759,451,192853,342760
759,450,192861,342000
759,466,208903,354160
759,467,209023,354920
759,465,210485,353400
759,461,211755,350360
759,462,212249,351120
759,464,213253,352640
765,613,323217,469558
765,616,325121,471856
765,622,331813,476452
765,623,333861,477218
769,342,112845,263340
769,343,113211,264110
769,339,113409,261030
769,341,114439,262570
769,345,115529,265650
769,347,116055,267190
769,340,117389,261800
769,346,118925,266420
769,344,119959,264880
769,440,190303,338800
769,441,191181,339570
769,436,199565,335720
769,475,214081,365750
769,476,218151,366520
769,477,218217,367290
769,469,221273,361130
769,470,226661,361900
775,195,3269,151320
775,224,23151,173824
775,543,272181,421368
775,548,276291,425248
775,550,277783,426800
775,554,278013,429904
775,552,278141,428352
775,551,278217,427576
775,553,278331,429128
775,544,289449,422144
781,603,320143,471546
781,604,324473,472328
781,606,324531,473892
781,605,324711,473110
781,608,325215,475456
781,607,325617,474674
789,626,342345,494540
789,771,455229,609090
789,776,461193,613040
789,778,464077,614620
789,777,464373,613830
789,775,465449,612250
791,708,410877,560736
791,711,416985,563112
791,712,417633,563904
799,205,7095,164000
799,206,7603,164800
799,216,14309,172800
799,215,15689,172000
799,240,35391,192000
799,249,36793,199200
799,310,87573,248000
799,312,89517,249600
799,315,90641,252000
799,320,91721,256000
799,321,91925,256800
799,319,92037,255200
799,311,92137,248800
799,314,92239,251200
799,322,92353,257600
799,317,92475,253600
799,331,99269,264800
799,326,99345,260800
799,327,101091,261600
799,332,101505,265600
799,325,103469,260000
799,423,180429,338400
799,424,183471,339200
799,469,213221,375200
799,470,218981,376000
799,476,219837,380800
799,477,221419,381600
799,473,221631,378400
799,474,221733,379200
799,475,221953,380000
799,471,222253,376800
799,479,222785,383200
799,472,223057,377600
799,478,225009,382400
799,480,225465,384000
799,481,226869,384800
799,483,231457,386400
799,486,232423,388800
799,484,233151,387200
799,485,233295,388000
799,487,234941,389600
799,509,240725,407200
799,507,240933,405600
799,510,241001,408000
799,511,250505,408800
799,508,252177,406400
799,514,253805,411200
799,515,253853,412000
799,513,254779,410400
799,533,264679,426400
799,530,265821,424000
799,531,265857,424800
799,532,266645,425600
799,537,271961,429600
799,539,276093,431200
801,525,257373,421050
807,553,284839,446824
807,554,286941,447632
807,555,287781,448440
807,556,290645,449248
807,557,301505,450056
807,558,301985,450864
807,572,303245,462176
807,573,303477,462984
807,570,303725,460560
807,579,311931,467832
807,581,315121,469448
807,589,318051,475912
807,580,321961,468640
807,639,357435,516312
807,658,366297,531664
807,657,366421,530856
807,660,366941,533280
807,656,367261,530048
807,655,367399,529240
807,659,367929,532472
807,661,368175,534088
807,718,445461,580144
813,711,414721,578754
813,710,415053,577940
813,712,415183,579568
813,717,418197,583638
813,719,421197,585266
813,716,421333,582824
813,720,422025,586080
813,721,422091,586894
813,718,427561,584452
813,722,427733,587708
813,723,428157,588522
813,727,428493,591778
813,724,429161,589336
813,725,429643,590150
813,728,430653,592592
825,280,52841,231280
825,284,60813,234584
833,407,160385,339438
833,408,161021,340272
833,410,164713,341940
833,453,215691,377802
853,806,504199,688324
853,807,506693,689178
861,705,414351,607710
861,703,415453,605986
861,704,417273,606848
861,709,419369,611158
861,707,419829,609434
861,708,424903,610296
865,310,78433,268460
865,309,80145,267594
865,322,90883,278852
865,343,107841,297038
865,345,108605,298770
865,347,110681,300502
865,378,136473,327348
865,487,236945,421742
865,511,258679,442526
865,510,258905,441660
865,561,299457,485826
865,560,316553,484960
871,459,207651,400248
871,460,209683,401120
871,726,448153,633072
871,725,449059,632200
871,829,528975,722888
871,831,530489,724632
871,832,532257,725504
871,830,533337,723760
871,822,535677,716784
871,821,536521,715912
871,824,537905,718528
871,834,538993,727248
871,836,539299,728992
871,835,540305,728120
871,833,541949,726376
871,837,542933,729864
873,306,82063,267444
873,319,88685,278806
873,318,88797,277932
873,322,88809,281428
873,321,90513,280554
873,329,91509,287546
873,320,92385,279680
873,325,93609,284050
873,332,103533,290168
873,333,104997,291042
873,410,162531,358340
873,411,162537,359214
873,408,165221,356592
873,452,204233,395048
873,567,298377,495558
873,568,300581,496432
873,566,302863,494684
873,559,308817,488566
875,874,570373,765624
879,507,252293,446160
879,508,252297,447040
887,335,96015,297480
887,333,97589,295704
887,334,97625,296592
887,339,99051,301032
887,340,99153,301920
887,336,100949,298368
887,342,102799,303696
887,343,103061,304584
887,346,108569,307248
887,393,147111,348984
887,391,147435,347208
887,392,150499,348096
887,395,150597,350760
887,394,151033,349872
887,485,241841,430680
887,483,243177,428904
887,486,245091,431568
887,484,245761,429792
887,487,246525,432456
887,546,297485,484848
887,787,539109,698856
887,788,540789,699744
889,396,154421,352440
889,664,401705,590960
903,592,323899,535168
903,591,324043,534264
903,593,324821,536072
903,596,329645,538784
903,599,333853,541496
903,595,336329,537880
903,611,349971,552344
903,617,353923,557768
903,615,357545,555960
903,618,360849,558672
903,621,364335,561384
903,620,364529,560480
903,622,364569,562288
903,623,367173,563192
903,740,469737,668960
903,739,491977,668056
903,778,497923,703312
903,780,506553,705120
903,779,507929,704216
903,792,519245,715968
903,793,520477,716872
909,838,548323,762580
919,718,449469,660560
919,740,465079,680800
919,736,467009,677120
919,738,467013,678960
919,737,470613,678040
919,739,471337,679880
919,745,471777,685400
919,741,472573,681720
919,730,474693,671600
919,731,474795,672520
919,780,510693,717600
929,558,298221,518940
929,556,299525,517080
929,564,305309,524520
929,563,305863,523590
929,580,327389,539400
929,581,330573,540330
929,583,331929,542190
929,589,333223,547770
929,590,333975,548700
929,596,337889,554280
929,595,338197,553350
929,600,338481,558000
929,601,338813,558930
929,597,339597,555210
929,598,341105,556140
929,602,353203,559860
929,603,354029,560790
933,748,481353,698632
933,749,482263,699566
933,746,484721,696764
933,750,485997,700500
933,747,488141,697698
933,751,489521,701434
933,755,489817,705170
933,752,490085,702368
933,753,490113,703302
933,757,491805,707038
933,788,517725,735992
933,789,518273,736926
959,777,520325,745920
959,779,522757,747840
959,778,522993,746880
959,811,552041,778560
959,776,552537,744960
959,839,584571,805440
959,838,585209,804480
965,741,484245,715806
965,746,487617,720636
965,869,626285,839454
967,844,588713,816992
967,847,592603,819896
967,894,633401,865392
975,351,114171,342576
1001,330,75369,330660
1001,332,76005,332664
1001,331,76371,331662
1001,333,76663,333666
1001,328,77661,328656
1001,361,110393,361722
1001,360,110609,360720
1001,362,111495,362724
1001,363,111545,363726
1001,365,114079,365730
1001,359,114259,359718
1001,367,119645,367734
1001,618,367265,619236
1001,620,368637,621240
1001,621,369277,622242
1001,622,370269,623244
1001,619,377059,620238
1001,646,387233,647292
1001,647,392593,648294
1001,648,392609,649296
1001,645,392631,646290
1001,649,393079,650298
1001,650,397173,651300
1001,643,397575,644286
1001,644,397699,645288
1001,651,398143,652302
1001,652,398189,653304
1001,653,398877,654306
1001,654,399753,655308
1001,657,401429,658314
1001,656,403543,657312
1001,655,407309,656310
1005,820,566713,824920
1013,905,663439,917670
1013,913,666343,925782
1013,927,688573,939978
1013,926,721301,938964
1015,420,166575,426720
1015,422,177149,428752
1015,449,198673,456184
1015,447,200031,454152
1015,466,210061,473456
1015,461,210523,468376
1015,463,211039,470408
1015,464,213037,471424
1015,462,213283,469392
1015,470,220561,477520
1015,512,276461,520192
1015,511,280911,519176
1015,515,283423,523240
1015,514,285513,522224
1015,545,310137,553720
1015,534,310699,542544
1015,535,312393,543560
1015,811,573837,823976
1015,812,574377,824992
1015,810,575433,822960
1015,814,577177,827024
1015,813,578017,826008
1015,815,578899,828040
1015,816,581833,829056
1015,817,581985,830072
1015,851,603061,864616
1015,852,603711,865632
1015,854,610917,867664
1015,853,611031,866648
1023,860,628251,880640
1023,1014,801319,1038336
1023,1013,801785,1037312
1039,551,303933,573040
1039,557,304219,579280
1039,558,304999,580320
1039,552,307797,574080
1039,560,309343,582400
1039,559,309919,581360
1039,562,311081,584480
1039,563,311789,585520
1039,561,317779,583440
1039,547,319949,568880
1047,345,89933,361560
1047,857,629377,898136
1049,781,547593,820050
1061,897,663845,952614
1071,712,480105,763264
1071,713,480859,764336
1071,723,482121,775056
1071,725,484629,777200
1071,726,485913,778272
1089,777,544381,846930
1089,778,544417,848020
1089,776,544737,845840
1089,783,559039,853470
1089,784,561763,854560
1089,789,561969,860010
1089,788,563853,858920
1089,787,571149,857830
1095,1065,922893,1167240
1097,448,197271,491904
1103,464,206391,512256
1103,471,216425,519984
1103,478,225129,527712
1103,485,228393,535440
1103,486,230751,536544
1103,487,230923,537648
1103,492,233779,543168
1113,313,35409,348682
1113,314,35489,349796
1113,315,36231,350910
1113,772,552277,860008
1119,968,767779,1084160
1119,959,773937,1074080
1119,958,774629,1072960
1119,971,777883,1087520
1119,972,780481,1088640
1119,973,785945,1089760
1127,328,50391,369984
1127,335,53513,377880
1127,334,60965,376752
1127,346,71781,390288
1127,345,74697,389160
1127,354,75433,399312
1127,349,79425,393672
1127,347,81019,391416
1127,352,82613,397056
1127,353,82717,398184
1127,350,83211,394800
1127,503,248295,567384
1127,504,248331,568512
1127,614,376713,692592
1127,616,378259,694848
1127,622,384943,701616
1127,621,385215,700488
1127,618,388289,697104
1127,623,391481,702744
1127,625,392565,705000
1127,617,394145,695976
1133,850,643173,963900
1133,853,644013,967302
1133,851,648369,965034
1133,852,651453,966168
1141,946,748305,1080332
1143,366,88879,418704
1143,367,89769,419848
1143,368,89779,420992
1143,370,91529,423280
1143,371,93585,424424
1143,377,96513,431288
1143,376,102333,430144
1143,375,102801,429000
1143,374,103017,427856
1143,378,104391,432432
1145,835,638977,956910
1177,873,677673,1028394
1177,876,677993,1031928
1177,874,679561,1029572
1177,879,691039,1035462
1183,406,126199,480704
1183,407,129741,481888
1183,408,129877,483072
1183,409,130401,484256
1183,413,139695,488992
1183,425,142273,503200
1183,422,142333,499648
1183,426,143691,504384
1183,416,144583,492544
1183,415,144615,491360
1183,418,145057,494912
1183,417,145305,493728
1183,424,145633,502016
1183,419,146595,496096
1183,414,148473,490176
1183,423,152609,500832
1183,427,152949,505568
1183,428,155541,506752
1183,665,426753,787360
1183,669,442731,792096
1183,667,446133,789728
1183,673,447485,796832
1183,675,450181,799200
1183,668,450657,790912
1183,692,471273,819328
1183,737,522739,872608
1183,736,524593,871424
1183,739,531009,874976
1183,750,535791,888000
1183,885,701465,1047840
1185,711,486665,843246
1185,710,494405,842060
1185,714,539803,846804
1189,1079,924489,1284010
1189,1078,925011,1282820
1189,1081,929553,1286390
1189,1082,932769,1287580
1189,1083,934181,1288770
1189,1077,936929,1281630
1189,1105,944849,1314950
1189,1101,954113,1310190
1189,1102,958181,1311380
1189,1104,958329,1313760
1189,1103,958497,1312570
1189,1114,960001,1325660
1189,1100,962009,1309000
1189,1136,1001009,1351840
1191,399,120111,475608
1191,784,580389,934528
1191,782,581803,932144
1191,781,582013,930952
1191,788,583601,939296
1191,786,587961,936912
1191,785,590013,935720
1191,789,590309,940488
1191,787,591079,938104
1191,790,594315,941680
1191,783,613329,933336
1191,901,707719,1073992
1191,902,707751,1075184
1191,893,723771,1064456
1191,904,740061,1077568
1191,905,745395,1078760
1191,911,773945,1085912
1191,910,774537,1084720
1191,1044,878593,1244448
1191,1057,900943,1259944
1191,1058,902565,1261136
1191,1137,997041,1355304
1191,1142,1009921,1361264
1193,488,217905,582672
1193,490,218793,585060
1193,602,367205,718788
1193,606,374593,723564
1193,600,385393,716400
1193,599,389295,715206
1197,1016,847317,1217168
1197,1014,850461,1214772
1197,1015,850889,1215970
1197,1013,851765,1213574
1197,1011,914789,1211178
1199,358,58099,429600
1199,345,58155,414000
1199,356,62405,427200
1199,353,65803,423600
1199,490,228309,588000
1199,493,229551,591600
1199,498,230557,597600
1199,497,236941,596400
1199,496,241551,595200
1199,495,241699,594000
1199,679,467083,814800
1199,699,469693,838800
1199,700,470973,840000
1199,701,473397,841200
1199,704,474621,844800
1199,703,475053,843600
1199,702,476673,842400
1199,707,496829,848400
1199,708,497359,849600
1199,711,502329,853200
1199,712,502791,854400
1199,719,506561,862800
1199,710,507379,852000
1199,713,508665,855600
1199,725,512151,870000
1199,726,514173,871200
1199,729,514603,874800
1199,724,515973,868800
1199,739,517545,886800
1199,728,517857,873600
1199,731,518203,877200
1199,727,518345,872400
1199,740,520469,888000
1199,742,520533,890400
1199,741,521331,889200
1199,743,537919,891600
1199,746,540697,895200
1207,1157,1101909,1397656
1207,1158,1102409,1398864
1215,752,537601,914432
1215,753,539669,915648
1215,754,542151,916864
1215,756,544483,919296
1215,755,547279,918080
1217,317,6411,386106
1217,855,673205,1041390
1217,856,675979,1042608
1217,857,676745,1043826
1217,854,682483,1040172
1217,860,693177,1047480
1217,861,710233,1048698
1229,1226,1126605,1507980
1229,1227,1127299,1509210
1229,1225,1132381,1506750
1231,501,241851,617232
1231,500,242415,616000
1231,508,243989,625856
1239,764,563893,947360
1239,982,842299,1217680
1239,977,843015,1211480
1239,976,882859,1210240
1239,1059,932323,1313160
1239,1066,945033,1321840
1239,1068,947145,1324320
1239,1067,947561,1323080
1239,1080,965553,1339200
1239,1069,991181,1325560
1239,1070,991745,1326800
1241,316,9,392472
1241,311,1289,386262
1241,318,9481,394956
1241,319,14585,396198
1241,320,17105,397440
1241,328,28873,407376
1241,329,31313,408618
1241,327,32023,406134
1241,406,116457,504252
1241,407,116925,505494
1241,832,656233,1033344
1241,875,688113,1086750
1241,870,689217,1080540
1241,876,693629,1087992
1241,854,701501,1060668
1241,891,722397,1106622
1241,892,722625,1107864
1241,893,733393,1109106
1241,894,733805,1110348
1241,903,743041,1121526
1241,921,791211,1143882
1247,1100,1028553,1372800
1247,1099,1029161,1371552
1269,995,847893,1263650
1269,996,851009,1264920
1269,997,851383,1266190
1269,993,855739,1261110
1269,994,856099,1262380
1269,999,861195,1268730
1269,1000,864121,1270000
1269,1001,866165,1271270
1269,1003,879105,1273810
1269,1005,879463,1276350
1269,1004,880819,1275080
1269,1006,882343,1277620
1269,1025,913033,1301750
1269,1031,914083,1309370
1269,1028,951679,1305560
1269,1029,953811,1306830
1269,1032,969555,1310640
1271,573,326997,728856
1271,572,329013,727584
1271,575,330697,731400
1271,576,331183,732672
1271,578,332193,735216
1271,574,334441,730128
1271,581,337071,739032
1271,577,338133,733944
1271,586,341833,745392
1271,587,343759,746664
1271,602,345361,765744
1271,580,346693,737760
1271,595,352317,756840
1271,596,352933,758112
1271,594,353405,755568
1271,597,353933,759384
1271,601,356969,764472
1271,598,361265,760656
1271,591,371743,751752
1271,645,404217,820440
1277,1038,924403,1326564
1277,1041,926433,1330398
1277,1069,953401,1366182
1277,1068,955363,1364904
1277,1107,1016119,1414746
1277,1105,1020629,1412190
1277,1080,1026357,1380240
1277,1081,1026411,1381518
1279,1219,1134495,1560320
1279,1220,1134961,1561600
1279,1227,1159329,1570560
1279,1236,1167223,1582080
1279,1235,1168917,1580800
1279,1238,1176673,1584640
1279,1251,1189173,1601280
1279,1249,1189759,1598720
1279,1250,1190331,1600000
1281,406,112841,520492
1281,405,114389,519210
1281,614,370745,787148
1281,619,374457,793558
1281,620,374521,794840
1281,618,375641,792276
1281,621,380443,796122
1281,615,383175,788430
1281,622,386393,797404
1281,627,394013,803814
1281,852,676999,1092264
1281,847,684919,1085854
1281,879,710193,1126878
1281,880,713193,1128160
1281,878,713757,1125596
1287,1195,1186557,1539160
1287,1194,1187263,1537872
1287,1251,1194171,1611288
1287,1252,1196037,1612576
1289,427,125849,550830
1289,428,126559,552120
1289,453,169621,584370
1289,655,423765,844950
1289,661,425489,852690
1289,658,429493,848820
1289,659,430989,850110
1289,657,439461,847530
1289,660,440761,851400
1289,669,450199,863010
1289,668,453845,861720
1289,722,514581,931380
1289,827,642869,1066830
1289,828,650321,1068120
1289,839,653577,1082310
1289,840,654873,1083600
1289,841,655169,1084890
1289,848,664183,1093920
1289,850,666961,1096500
1289,843,667177,1087470
1289,838,668165,1081020
1289,834,668393,1075860
1309,1122,1028977,1469820
1309,1120,1032509,1467200
1309,1121,1034659,1468510
1309,1123,1038763,1471130
1309,1124,1039281,1472440
1309,1125,1039385,1473750
1309,1131,1050281,1481610
1311,373,56625,489376
1311,890,749033,1167680
1311,894,754017,1172928
1311,897,755465,1176864
1311,898,758115,1178176
1311,942,804343,1235904
1311,943,804763,1237216
1311,985,867453,1292320
1319,491,225079,648120
1319,834,684461,1100880
1319,832,695115,1098240
1319,833,695271,1099560
1335,912,754209,1218432
1335,910,758653,1215760
1337,444,140769,594072
1337,448,141869,599424
1337,449,144401,600762
1337,446,144945,596748
1337,450,153885,602100
1337,452,158529,604776
1337,481,192097,643578
1337,480,194017,642240
1341,1281,1267949,1719102
1341,1282,1270833,1720444
1341,1283,1271013,1721786
1341,1284,1273005,1723128
1343,1291,1275823,1735104
1351,1346,1355383,1819792
1351,1345,1356259,1818440
1351,1347,1356481,1821144
1351,1338,1366593,1808976
1353,649,430699,878746
1353,651,433101,881454
1353,690,470633,934260
1353,689,474981,932906
1353,687,479641,930198
1353,692,487039,936968
1357,1336,1361881,1814288
1359,875,765651,1190000
1367,1190,1147865,1627920
1367,1186,1148143,1622448
1367,1189,1150357,1626552
1367,1210,1163705,1655280
1367,1211,1164665,1656648
1367,1220,1189865,1668960
1367,1194,1225625,1633392
1367,1330,1339431,1819440
1367,1331,1341401,1820808
1367,1332,1343229,1822176
1369,414,103961,567180
1369,466,166437,638420
1369,469,169533,642530
1369,470,170217,643900
1369,479,188249,656230
1369,480,189425,657600
1369,477,196759,653490
1369,478,197281,654860
1369,494,203683,676780
1369,493,204153,675410
1369,483,210285,661710
1369,552,282171,756240
1369,820,655625,1123400
1369,821,659189,1124770
1369,819,659521,1122030
1369,823,661029,1127510
1369,824,671713,1128880
1369,872,724033,1194640
1369,869,763581,1190530
1369,870,764201,1191900
1369,920,782961,1260400
1369,919,786223,1259030
1369,968,834873,1326160
1373,1038,934949,1426212
1373,1039,937311,1427586
1373,1052,959781,1445448
1373,1053,959789,1446822
1373,1051,959861,1444074
1373,1055,960061,1449570
1373,1056,963945,1450944
1373,1054,965229,1448196
1373,1048,967033,1439952
1373,1044,968409,1434456
1373,1083,994977,1488042
1373,1081,1012981,1485294
1375,1212,1195305,1667712
1375,1211,1229825,1666336
1375,1229,1267685,1691104
1377,385,48859,530530
1377,388,51813,534664
1377,386,54319,531908
1377,397,68097,547066
1377,396,70185,545688
1377,395,70985,544310
1377,398,73617,548444
1377,974,902609,1342172
1377,971,919491,1338038
1383,677,461741,936968
1383,679,467981,939736
1383,680,473933,941120
1383,683,474703,945272
1383,681,479893,942504
1391,545,268761,758640
1391,544,270849,757248
1391,546,275369,760032
1391,551,279163,766992
1391,556,286939,773952
1391,555,288449,772560
1391,560,293217,779520
1391,562,296753,782304
1391,557,298921,775344
1391,558,299577,776736
1391,564,304293,785088
1391,565,312421,786480
1391,841,680705,1170672
1391,842,680715,1172064
1391,849,706541,1181808
1397,1046,964201,1462308
1397,1047,966961,1463706
1397,1048,974091,1465104
1397,1049,974273,1466502
1397,1050,974751,1467900
1397,1055,984481,1474890
1399,533,256265,746200
1399,536,256993,750400
1399,535,258943,749000
1399,537,259953,751800
1399,566,285079,792400
1399,567,285859,793800
1399,565,286903,791000
1399,776,600613,1086400
1399,773,601301,1082200
1399,774,601805,1083600
1399,1230,1224481,1722000
1407,1119,1076101,1575552
1407,1117,1077163,1572736
1407,1120,1144693,1576960
1409,504,211245,710640
1409,505,211311,712050
1409,502,214819,707820
1409,503,216121,709230
1409,881,775971,1242210
1409,882,776757,1243620
1409,968,876973,1364880
1409,996,893265,1404360
1409,999,894141,1408590
1409,998,895317,1407180
1409,997,897793,1405770
1409,1022,996989,1441020
1421,1325,1382271,1884150
1421,1297,1422619,1844334
1429,1365,1508697,1951950
1431,1385,1453161,1983320
1431,1387,1456635,1986184
1431,1386,1459041,1984752
1431,1389,1460625,1989048
1431,1388,1465857,1987616
1431,1399,1490221,2003368
1431,1397,1491973,2000504
1433,780,607473,1118520
1433,854,706137,1224636
1433,853,726305,1223202
1441,361,1209,520562
1441,372,21789,536424
1441,373,25273,537866
1441,423,89101,609966
1441,421,97243,607082
1441,501,203993,722442
1441,500,209413,721000
1441,505,216233,728210
1441,507,217251,731094
1441,506,217941,729652
1441,508,219133,732536
1441,504,221945,726768
1441,642,393697,925764
1441,643,404323,927206
1441,645,405019,930090
1441,646,406183,931532
1441,644,409215,928648
1441,647,417259,932974
1441,786,608385,1133412
1441,788,612941,1136296
1441,785,613579,1131970
1441,784,616003,1130528
1441,801,645821,1155042
1441,1003,925569,1446326
1441,1033,962105,1489586
1441,1046,969619,1508332
1441,1042,972643,1502564
1441,1043,974013,1504006
1441,1044,974443,1505448
1441,1035,976671,1492470
1441,1036,976833,1493912
1441,1040,978213,1499680
1441,1034,980405,1491028
1441,1030,980959,1485260
1441,1029,981379,1483818
1441,1037,986101,1495354
1441,1021,987369,1472282
1441,1015,1011291,1463630
1441,1020,1020389,1470840
1447,918,788761,1329264
1471,1069,1019991,1573568
1471,1068,1020165,1572096
1471,1073,1031681,1579456
1471,1077,1038813,1585344
1471,1079,1046281,1588288
1471,1082,1047513,1592704
1471,1285,1332493,1891520
1473,525,240435,773850
1473,524,241749,772376
1473,857,725421,1263218
1473,858,733113,1264692
1473,859,733191,1266166
1473,860,738249,1267640
1473,900,801171,1326600
1477,1476,1624071,2181528
1477,1475,1624377,2180050
1477,1474,1628691,2178572
1479,707,521061,1046360
1479,742,559003,1098160
1479,743,559363,1099640
1479,1391,1522257,2058680
1479,1407,1532839,2082360
1479,1408,1533573,2083840
1479,1409,1533665,2085320
1479,1404,1536337,2077920
1479,1405,1539521,2079400
1479,1406,1541595,2080880
1479,1410,1544397,2086800
1481,742,557613,1099644
1481,741,558433,1098162
1481,740,588577,1096680
1487,985,920465,1465680
1487,990,922575,1473120
1487,986,922579,1467168
1493,1122,1106985,1676268
1493,1126,1107831,1682244
1493,1127,1115143,1683738
1493,1131,1115173,1689714
1493,1133,1119661,1692702
1493,1132,1120977,1691208
1493,1130,1126953,1688220
1493,1134,1127419,1694196
1493,1119,1180841,1671786
1493,1118,1182313,1670292
1497,576,316021,862848
1503,1502,1680117,2259008
1505,458,119479,689748
1505,459,126353,691254
1505,461,126993,694266
1505,587,317239,884022
1505,588,325497,885528
1505,664,414081,999984
1505,660,417433,993960
1505,659,417441,992454
1505,662,429979,996972
1505,663,431899,998478
1505,666,432897,1002996
1505,665,433745,1001490
1505,667,452769,1004502
1517,1141,1147241,1732038
1517,1142,1150273,1733556
1517,1148,1157461,1742664
1517,1149,1158221,1744182
1517,1145,1159197,1738110
1517,1144,1159483,1736592
1517,1146,1163775,1739628
1517,1143,1164043,1735074
1517,1147,1166353,1741146
1517,1150,1170199,1745700
1517,1151,1171529,1747218
1517,1152,1173111,1748736
1517,1153,1175829,1750254
1517,1160,1177509,1760880
1517,1155,1178737,1753290
1517,1158,1186579,1757844
1517,1167,1187045,1771506
1517,1156,1189071,1754808
1517,1161,1193849,1762398
1517,1166,1196009,1769988
1517,1159,1197195,1759362
1517,1164,1199585,1766952
1517,1165,1201893,1768470
1517,1169,1203449,1774542
1517,1174,1206057,1782132
1517,1175,1206403,1783650
1517,1176,1215015,1785168
1517,1242,1305837,1885356
1517,1243,1306029,1886874
1517,1250,1327981,1897500
1517,1246,1389237,1891428
1517,1247,1394623,1892946
1527,580,307169,886240
1527,906,783173,1384368
1527,903,787813,1379784
1527,905,791391,1382840
1527,900,799317,1375200
1527,902,800745,1378256
1527,928,822919,1417984
1527,930,835889,1421040
1527,931,837711,1422568
1527,935,840217,1428680
1527,936,841529,1430208
1527,934,841879,1427152
1527,929,844533,1419512
1527,937,845753,1431736
1527,932,893733,1424096
1529,432,66735,660960
1529,431,67233,659430
1529,430,71201,657900
1529,463,123641,708390
1529,1074,1049853,1643220
1529,1073,1050781,1641690
1529,1075,1056849,1644750
1529,1076,1060423,1646280
1529,1079,1061721,1650870
1529,1077,1066133,1647810
1529,1083,1069093,1656990
1529,1082,1072137,1655460
1529,1086,1073165,1661580
1529,1087,1075413,1663110
1529,1085,1088909,1660050
1529,1091,1095989,1669230
1529,1092,1096981,1670760
1529,1093,1097893,1672290
1529,1084,1101637,1658520
1535,673,433917,1033728
1535,670,434893,1029120
1535,668,442421,1026048
1535,683,447761,1049088
1535,684,451021,1050624
1535,686,455931,1053696
1535,669,459681,1027584
1535,688,461535,1056768
1535,687,463341,1055232
1535,692,475177,1062912
1535,682,487537,1047552
1535,732,555605,1124352
1535,731,557871,1122816
1535,733,561961,1125888
1535,750,571177,1152000
1535,786,612199,1207296
1535,779,617023,1196544
1535,778,618495,1195008
1535,1518,1752411,2331648
1535,1520,1755513,2334720
1535,1519,1759303,2333184
1535,1521,1759649,2336256
1535,1517,1759785,2330112
1535,1522,1761079,2337792
1535,1525,1767221,2342400
1535,1526,1767969,2343936
1535,1524,1769157,2340864
1535,1523,1769429,2339328
1535,1528,1771783,2347008
1535,1531,1774113,2351616
1535,1534,1784705,2356224
1543,528,208785,815232
1543,529,209053,816776
1549,1339,1466415,2075450
1549,1329,1478631,2059950
1549,1349,1484445,2090950
1549,1330,1548897,2061500
1549,1331,1569133,2063050
1559,1475,1685271,2301000
1559,1477,1685409,2304120
1559,1476,1686389,2302560
1559,1478,1686777,2305680
1559,1474,1688391,2299440
1559,1473,1696543,2297880
1559,1481,1713619,2310360
1561,401,6375,626362
1561,405,13401,632610
1561,403,14461,629486
1561,406,14849,634172
1561,402,17517,627924
1561,407,22617,635734
1561,411,26001,641982
1561,410,29599,640420
1561,409,29661,638858
1561,408,35013,637296
1561,423,41281,660726
1561,429,67121,670098
1561,437,71973,682594
1561,438,72373,684156
1561,468,122503,731016
1561,469,123021,732578
1561,1072,1061673,1674464
1561,1073,1063441,1676026
1561,1070,1082697,1671340
1561,1111,1113381,1735382
1561,1112,1114879,1736944
1561,1110,1123065,1733820
1561,1123,1124511,1754126
1561,1118,1132025,1746316
1561,1117,1136069,1744754
1561,1121,1136073,1751002
1561,1122,1141229,1752564
1561,1126,1159413,1758812
1561,1130,1162071,1765060
1561,1129,1162233,1763498
1561,1124,1196849,1755688
1561,1125,1213469,1757250
1565,1479,1755237,2316114
1565,1478,1755373,2314548
1567,1276,1370391,2000768
1567,1310,1432089,2054080
1577,529,202025,834762
1577,530,202459,836340
1577,536,223173,845808
1577,537,225733,847386
1577,902,776729,1423356
1577,903,782505,1424934
1577,904,790783,1426512
1577,905,791769,1428090
1577,906,792261,1429668
1577,901,802353,1421778
1577,907,802999,1431246
1577,908,807361,1432824
1577,914,816429,1442292
1581,1392,1575897,2202144
1581,1400,1579709,2214800
1581,1413,1603361,2235366
1581,1417,1608353,2241694
1581,1418,1609099,2243276
1581,1416,1609293,2240112
1581,1414,1610253,2236948
1581,1419,1613393,2244858
1581,1421,1613691,2248022
1581,1415,1617817,2238530
1581,1422,1623817,2249604
1581,1423,1625193,2251186
1581,1424,1630575,2252768
1581,1420,1632825,2246440
1581,1430,1638139,2262260
1581,1428,1638177,2259096
1581,1429,1642657,2260678
1581,1431,1644061,2263842
1581,1427,1646691,2257514
1581,1425,1647051,2254350
1581,1426,1649179,2255932
1583,1025,994473,1623600
1583,1027,1006557,1626768
1591,583,284765,928136
1591,584,297873,929728
1591,614,347105,977488
1591,953,869025,1517176
1591,954,869871,1518768
1591,952,871769,1515584
1591,992,923801,1579264
1591,1005,944273,1599960
1591,993,954333,1580856
1591,989,956419,1574488
1591,998,970141,1588816
1591,1000,976681,1592000
1591,1001,980443,1593592
1593,1147,1223981,1828318
1593,1176,1249311,1874544
1599,474,123149,758400
1599,492,156569,787200
1599,590,307971,944000
1599,591,309291,945600
1599,597,311169,955200
1599,601,315705,961600
1599,614,334573,982400
1599,634,361301,1014400
1599,635,361575,1016000
1599,626,361981,1001600
1599,629,362769,1006400
1599,631,366293,1009600
1599,630,371271,1008000
1599,642,383803,1027200
1599,641,386993,1025600
1599,633,391813,1012800
1599,640,397611,1024000
1599,639,397813,1022400
1599,652,401889,1043200
1599,665,413257,1064000
1599,667,413301,1067200
1599,664,413391,1062400
1599,666,413661,1065600
1599,659,420477,1054400
1599,658,421423,1052800
1599,676,431173,1081600
1599,674,439349,1078400
1599,694,461133,1110400
1599,693,461217,1108800
1599,692,467173,1107200
1599,691,468993,1105600
1599,867,752501,1387200
1599,868,753199,1388800
1599,878,755013,1404800
1599,881,755473,1409600
1599,880,758091,1408000
1599,877,759029,1403200
1599,879,759149,1406400
1599,869,763183,1390400
1599,874,775183,1398400
1599,873,775613,1396800
1599,885,787183,1416000
1599,886,787929,1417600
1599,884,788021,1414400
1599,888,793873,1420800
1599,904,796473,1446400
1599,905,796913,1448000
1599,907,797049,1451200
1599,906,797497,1449600
1599,908,801619,1452800
1599,900,803937,1440000
1599,901,805303,1441600
1599,882,805473,1411200
1599,903,806719,1444800
1599,902,807439,1443200
1599,899,828241,1438400
1599,1050,1035845,1680000
1599,1042,1037853,1667200
1599,1041,1041433,1665600
1599,1043,1041761,1668800
1599,1044,1044673,1670400
1599,1040,1049009,1664000
1599,1039,1049625,1662400
1623,1445,1663949,2346680
1623,1441,1668417,2340184
1623,1444,1670179,2345056
1623,1442,1671585,2341808
1623,1443,1671859,2343432
1623,1448,1691895,2351552
1639,411,5473,674040
1639,410,6681,672400
1639,412,10841,675680
1639,415,11621,680600
1639,413,12453,677320
1639,414,12831,678960
1639,416,15333,682240
1639,418,19639,685520
1639,435,37275,713400
1639,434,47609,711760
1639,437,49797,716680
1639,436,52191,715040
1639,461,82497,756040
1639,518,172543,849520
1639,519,172911,851160
1639,520,186561,852800
1639,540,206369,885600
1639,551,219945,903640
1639,553,228943,906920
1639,554,234753,908560
1639,1038,1019513,1702320
1639,1037,1019941,1700680
1639,1039,1021183,1703960
1639,1036,1028493,1699040
1639,1041,1031617,1707240
1639,1042,1032673,1708880
1639,1053,1045533,1726920
1639,1056,1047869,1731840
1639,1057,1049473,1733480
1639,1045,1051123,1713800
1639,1044,1059449,1712160
1639,1043,1060085,1710520
1639,1054,1067037,1728560
1639,1067,1067457,1749880
1639,1068,1077439,1751520
1639,1080,1089353,1771200
1639,1055,1122905,1730200
1639,1095,1137117,1795800
1639,1132,1186455,1856480
1639,1133,1186589,1858120
1639,1134,1195977,1859760
1639,1151,1204911,1887640
1639,1154,1223881,1892560
1639,1153,1270941,1890920
1639,1230,1338809,2017200
1639,1243,1342737,2038520
1639,1238,1351399,2030320
1639,1246,1351875,2043440
1639,1239,1355401,2031960
1639,1247,1357971,2045080
1639,1241,1359941,2035240
1639,1252,1361189,2053280
1639,1251,1382917,2051640
1639,1237,1385233,2028680
1639,1265,1399953,2074600
1639,1249,1407559,2048360
1639,1275,1412203,2091000
1639,1268,1419273,2079520
1639,1269,1419701,2081160
1639,1292,1420181,2118880
1639,1291,1421189,2117240
1639,1290,1422735,2115600
1639,1293,1423155,2120520
1639,1286,1423673,2109040
1639,1273,1427263,2087720
1639,1272,1427993,2086080
1639,1299,1441933,2130360
1639,1295,1442775,2123800
1639,1294,1444575,2122160
1639,1300,1446537,2132000
1639,1307,1473929,2143480
1639,1360,1545449,2230400
1639,1381,1574049,2264840
1639,1379,1575319,2261560
1639,1374,1575729,2253360
1639,1380,1578185,2263200
1639,1376,1580023,2256640
1639,1385,1594665,2271400
1639,1357,1642335,2225480
1639,1372,1657437,2250080
1639,1373,1663857,2251720
1639,1425,1665305,2337000
1639,1579,2043153,2589560
1645,1267,1401583,2085482
1645,1268,1402011,2087128
1645,1269,1403031,2088774
1645,1270,1408569,2090420
1645,1266,1425233,2083836
1645,1290,1432685,2123340
1645,1292,1433041,2126632
1645,1291,1433655,2124986
1645,1288,1436189,2120048
1645,1265,1477183,2082190
1647,440,40999,725120
1647,1146,1201963,1888608
1647,1169,1230703,1926512
1647,1168,1231071,1924864
1647,1167,1241849,1923216
1647,1172,1253553,1931456
1647,1171,1257157,1929808
1647,1197,1289153,1972656
1647,1198,1296703,1974304
1647,1199,1297569,1975952
1647,1203,1300857,1982544
1647,1200,1304529,1977600
1647,1253,1368453,2064944
1647,1252,1370451,2063296
1647,1251,1370953,2061648
1647,1254,1372521,2066592
1647,1255,1373693,2068240
1647,1258,1378177,2073184
1647,1263,1392329,2081424
1647,1264,1399321,2083072
1647,1265,1399445,2084720
1647,1262,1412653,2079776
1647,1261,1427049,2078128
1647,1310,1487073,2158880
1647,1328,1497559,2188544
1647,1327,1497943,2186896
1647,1330,1498663,2191840
1647,1331,1498865,2193488
1647,1312,1501949,2162176
1647,1313,1504053,2163824
1647,1329,1513911,2190192
1647,1283,1519385,2114384
1647,1284,1519819,2116032
1647,1276,1524609,2102848
1655,564,244797,933984
1655,565,245697,935640
1655,567,249273,938952
1655,661,415253,1094616
1655,1060,1053861,1755360
1655,1058,1055757,1752048
1655,1061,1057865,1757016
1655,1063,1063663,1760328
1655,1059,1066311,1753704
1655,1062,1073261,1758672
1655,1068,1088169,1768608
1655,1070,1096205,1771920
1655,1082,1102749,1791792
1655,1079,1108709,1786824
1655,1076,1109393,1781856
1655,1078,1113481,1785168
1655,1077,1113559,1783512
1677,1365,1596485,2290470
1677,1383,1611353,2320674
1677,1384,1611945,2322352
1677,1364,1686853,2288792
1687,540,181243,911520
1687,541,184273,913208
1687,1276,1423929,2153888
1687,1277,1427109,2155576
1687,1278,1431329,2157264
1687,1271,1439953,2145448
1687,1272,1440051,2147136
1687,1273,1441441,2148824
1687,1270,1453293,2143760
1687,1274,1454059,2150512
1687,1275,1454729,2152200
1687,1297,1471917,2189336
1687,1302,1493391,2197776
1687,1290,1565517,2177520
1687,1293,1568383,2182584
1695,1275,1449343,2162400
1697,479,61089,813342
1697,478,62623,811644
1697,461,63951,782778
1697,477,84397,809946
1697,476,85569,808248
1697,481,90111,816738
1697,474,94081,804852
1697,501,130161,850698
1697,497,133985,843906
1697,502,146517,852396
1697,531,173169,901638
1697,532,174255,903336
1697,554,225545,940692
1697,565,236713,959370
1697,564,237403,957672
1697,1111,1148613,1886478
1697,1110,1148849,1884780
1697,1113,1154969,1889874
1697,1114,1162095,1891572
1697,1115,1172091,1893270
1697,1122,1179597,1905156
1697,1123,1189085,1906854
1697,1124,1189999,1908552
1697,1128,1202121,1915344
1697,1127,1203111,1913646
1697,1093,1209729,1855914
1697,1094,1212697,1857612
1697,1126,1214899,1911948
1697,1125,1215281,1910250
1697,1140,1217489,1935720
1697,1141,1226683,1937418
1697,1184,1271863,2010432
1697,1147,1272329,1947606
1697,1146,1277973,1945908
1697,1181,1288409,2005338
1697,1189,1292985,2018922
1697,1190,1295233,2020620
1697,1197,1295733,2032506
1697,1202,1299333,2040996
1697,1201,1303437,2039298
1697,1191,1303505,2022318
1697,1199,1304373,2035902
1697,1200,1304623,2037600
1697,1188,1305705,2017224
1697,1192,1305785,2024016
1697,1194,1311217,2027412
1697,1195,1312437,2029110
1697,1193,1312573,2025714
1697,1205,1320673,2046090
1697,1204,1321301,2044392
1697,1196,1321769,2030808
1701,1549,1898265,2636398
1709,1318,1523681,2253780
1709,1319,1530831,2255490
1711,727,503337,1244624
1711,728,503959,1246336
1711,1222,1353069,2092064
1719,588,260521,1011360
1719,595,288697,1023400
1719,604,305713,1038880
1719,603,318919,1037160
1719,602,319801,1035440
1719,1082,1099671,1861040
1719,1089,1110521,1873080
1719,1080,1111039,1857600
1719,1088,1112775,1871360
1719,1083,1113315,1862760
1719,1084,1113711,1864480
1719,1081,1114413,1859320
1719,1087,1115773,1869640
1719,1074,1116489,1847280
1719,1079,1117365,1855880
1719,1086,1118309,1867920
1719,1106,1144029,1902320
1719,1093,1144695,1879960
1719,1109,1156483,1907480
1719,1107,1156653,1904040
1719,1110,1158629,1909200
1719,1112,1165497,1912640
1719,1111,1166691,1910920
1719,1073,1171665,1845560
1721,1265,1435311,2178330
1721,1264,1435661,2176608
1721,1266,1436521,2180052
1721,1267,1436969,2181774
1721,1263,1439513,2174886
1721,1260,1440735,2169720
1721,1261,1440739,2171442
1721,1262,1441681,2173164
1721,1269,1451501,2185218
1733,1542,1927649,2673828
1733,1551,1949441,2689434
1733,1550,1958121,2687700
1743,754,564297,1314976
1743,752,569733,1311488
1743,783,604461,1365552
1743,784,608203,1367296
1743,789,644861,1376016
1743,786,645065,1370784
1743,785,645185,1369040
1749,1411,1722163,2469250
1749,1419,1841217,2483250
1751,1048,1071319,1836096
1757,1642,2103553,2886636
1757,1644,2114313,2890152
1757,1643,2115449,2888394
1757,1670,2227529,2935860
1757,1646,2247763,2893668
1757,1714,2250401,3013212
1757,1645,2251649,2891910
1757,1713,2253461,3011454
1757,1733,2269881,3046614
1757,1741,2272717,3060678
1757,1743,2274641,3064194
1757,1740,2278145,3058920
1757,1737,2286573,3053646
1757,1716,2289313,3016728
1757,1738,2290509,3055404
1757,1736,2290889,3051888
1759,1442,1754691,2537920
1759,1441,1763113,2536160
1759,1440,1764293,2534400
1759,1439,1766031,2532640
1759,1438,1767749,2530880
1759,1543,1964385,2715680
1759,1542,1967503,2713920
1759,1590,2000983,2798400
1759,1644,2126909,2893440
1759,1645,2127171,2895200
1759,1651,2282713,2905760
1781,1736,2315789,3093552
1781,1737,2323243,3095334
1781,1771,2366073,3155922
1781,1779,2366899,3170178
1781,1780,2378355,3171960
1781,1773,2378681,3159486
1781,1772,2381893,3157704
1785,467,33761,834062
1785,471,55999,841206
1785,470,59983,839420
1785,472,61797,842992
1785,473,65959,844778
1785,474,69891,846564
1785,500,82219,893000
1785,1279,1472737,2284294
1785,1299,1497237,2320014
1785,1287,1573737,2298582
1785,1288,1593129,2300368
1789,1426,1756785,2552540
1807,1806,2439281,3265248
1813,1724,2401529,3127336
1823,605,273689,1103520
1823,604,282633,1101696
1823,1085,1138815,1979040
1823,1084,1139825,1977216
1823,1083,1140915,1975392
1823,1138,1296043,2075712
1829,1627,2140201,2977410
1829,1640,2154703,3001200
1829,1727,2378991,3160410
1829,1804,2460705,3301320
1829,1802,2461265,3297660
1829,1803,2464053,3299490
1839,1000,1039999,1840000
1847,1343,1640599,2481864
1847,1345,1643465,2485560
1847,1349,1659583,2492952
1847,1386,1714181,2561328
1853,1741,2341971,3227814
1853,1745,2351645,3235230
1853,1746,2353473,3237084
1853,1743,2356469,3231522
1853,1747,2359469,3238938
1853,1740,2361189,3225960
1853,1744,2362483,3233376
1853,1742,2380389,3229668
1853,1776,2446961,3292704
1853,1774,2453309,3288996
1853,1775,2454233,3290850
1855,971,945501,1802176
1869,1636,2201257,3059320
1869,1728,2352761,3231360
1869,1727,2354273,3229490
1871,941,890133,1761552
1871,940,891969,1759680
1871,939,891989,1757808
1871,938,893599,1755936
1871,948,902345,1774656
1871,947,908841,1772784
1871,944,947457,1767168
1871,945,952501,1769040
1881,523,111089,984286
1881,542,133311,1020044
1881,566,171953,1065212
1881,567,176331,1067094
1881,606,243185,1140492
1881,615,263285,1157430
1881,621,270401,1168722
1881,617,273893,1161194
1881,616,277063,1159312
1881,630,299001,1185660
1881,629,300809,1183778
1881,634,321681,1193188
1881,763,555301,1435966
1881,762,561351,1434084
1881,765,567021,1439730
1881,766,567559,1441612
1881,764,568413,1437848
1881,801,599419,1507482
1881,799,604985,1503718
1881,800,605037,1505600
1881,802,610183,1509364
1881,803,610653,1511246
1881,806,612873,1516892
1881,804,618361,1513128
1881,807,625215,1518774
1881,805,625257,1515010
1881,812,627305,1528184
1881,808,629359,1520656
1881,814,630069,1531948
1881,815,635983,1533830
1881,811,640325,1526302
1881,813,645701,1530066
1881,816,683355,1535712
1881,817,683465,1537594
1881,1218,1405453,2292276
1881,1219,1415973,2294158
1881,1304,1566033,2454128
1881,1303,1566043,2452246
1881,1305,1575061,2456010
1881,1311,1577885,2467302
1881,1348,1658889,2536936
1885,1422,1786191,2681892
1885,1426,1789191,2689436
1885,1423,1789903,2683778
1885,1424,1792433,2685664
1885,1425,1792611,2687550
1885,1427,1798099,2691322
1885,1495,1928105,2819570
1885,1499,1930685,2827114
1885,1498,1932403,2825228
1885,1501,1935425,2830886
1885,1500,1936809,2829000
1885,1496,1939813,2821456
1885,1502,2041049,2832772
1887,1706,2324553,3220928
1887,1704,2344933,3217152
1897,1298,1536975,2463604
1897,1299,1543985,2465502
1897,1300,1544137,2467400
1903,728,478639,1386112
1903,770,561733,1466080
1903,1154,1305301,2197216
1909,1442,1815553,2754220
1909,1441,1822473,2752310
1909,1440,1822759,2750400
1909,1445,1827231,2759950
1909,1439,1835461,2748490
1911,1808,2547065,3456896
1911,1745,2570835,3336440
1911,1744,2576221,3334528
1913,629,281681,1203906
1913,630,282103,1205820
1913,1168,1321293,2235552
1913,1174,1327565,2247036
1913,1169,1335581,2237466
1913,1185,1349885,2268090
1913,1175,1353909,2248950
1913,1186,1367013,2270004
1913,1207,1374101,2310198
1913,1208,1374591,2312112
1913,1214,1384229,2323596
1913,1213,1384431,2321682
1913,1210,1390243,2315940
1913,1211,1390565,2317854
1913,1212,1390603,2319768
1913,1197,1395873,2291058
1913,1216,1397085,2327424
1913,1215,1397151,2325510
1913,1219,1407485,2333166
1913,1218,1408985,2331252
1913,1217,1415381,2329338
1913,1222,1417001,2338908
1913,1227,1423793,2348478
1913,1223,1433997,2340822
1913,1230,1440043,2354220
1913,1234,1441561,2361876
1913,1233,1445373,2359962
1913,1254,1475473,2400156
1913,1259,1573289,2409726
1921,545,126125,1047490
1921,549,134529,1055178
1921,546,134765,1049412
1921,547,134825,1051334
1921,548,137161,1053256
1933,1466,1902313,2835244
1933,1465,1904861,2833310
1933,1467,1908813,2837178
1933,1481,1913055,2864254
1933,1501,1943977,2902934
1933,1493,1947721,2887462
1933,1494,1949235,2889396
1933,1527,2007673,2953218
1933,1526,2014209,2951284
1933,1528,2021281,2955152
1933,1522,2023521,2943548
1933,1531,2028773,2960954
1933,1530,2028873,2959020
1933,1495,2038797,2891330
1933,1491,2039263,2883594
1933,1490,2048803,2881660
1933,1561,2065731,3018974
1933,1560,2071551,3017040
1933,1562,2079693,3020908
1933,1554,2091633,3005436
1933,1555,2103777,3007370
1933,1569,2114633,3034446
1933,1565,2115951,3026710
1933,1566,2115981,3028644
1933,1568,2118657,3032512
1933,1572,2119521,3040248
1933,1573,2119551,3042182
1933,1571,2120497,3038314
1933,1570,2121253,3036380
1933,1563,2126331,3022842
1933,1576,2132649,3047984
1933,1549,2175919,2995766
1933,1553,2181425,3003502
1933,1556,2195705,3009304
1933,1557,2196473,3011238
1935,1378,1697189,2667808
1935,1379,1698961,2669744
1935,1377,1699281,2665872
1935,1399,1768113,2708464
1935,1396,1769405,2702656
1935,1397,1769829,2704592
1935,1398,1777639,2706528
1941,1802,2548145,3499484
1941,1805,2563793,3505310
1941,1811,2565057,3516962
1941,1807,2569183,3509194
1941,1817,2581989,3528614
1941,1804,2583485,3503368
1941,1816,2584781,3526672
1941,1812,2585969,3518904
1941,1818,2587921,3530556
1941,1815,2594649,3524730
1941,1819,2595799,3532498
1941,1832,2608737,3557744
1941,1843,2610249,3579106
1941,1833,2611425,3559686
1941,1841,2613881,3575222
1941,1831,2614141,3555802
1941,1840,2615001,3573280
1941,1842,2615105,3577164
1941,1849,2635173,3590758
1941,1824,2647145,3542208
1941,1823,2650423,3540266
1941,1826,2653977,3546092
1941,1837,2654055,3567454
1941,1838,2655859,3569396
1941,1892,2747733,3674264
1943,918,832939,1784592
1943,935,882337,1817640
1943,937,882477,1821528
1943,936,882523,1819584
1943,938,886833,1823472
1943,998,980953,1940112
1943,999,983059,1942056
1943,1000,984105,1944000
1943,1001,986345,1945944
1943,1002,1005433,1947888
1943,1003,1005573,1949832
1943,1018,1034861,1978992
1943,1015,1037937,1973160
1943,1014,1037969,1971216
1943,1016,1038555,1975104
1943,1004,1057437,1951776
1943,1448,1884345,2814912
1943,1447,1898513,2812968
1943,1718,2397125,3339792
1943,1717,2515159,3337848
1945,489,2889,951594
1945,492,3523,957432
1945,491,5091,955486
1945,769,538085,1496474
1945,810,627319,1576260
1945,904,820209,1759184
1945,905,820377,1761130
1945,1140,1256391,2218440
1945,1141,1256857,2220386
1945,1147,1304589,2232062
1949,1823,2596265,3554850
1949,1824,2602229,3556800
1949,1822,2617579,3552900
1949,1843,2640771,3593850
1949,1844,2644085,3595800
1949,1842,2650073,3591900
1949,1840,2652195,3588000
1949,1845,2653473,3597750
1949,1841,2764753,3589950
1953,631,288093,1232974
1953,1278,1538503,2497212
1953,1277,1540533,2495258
1953,1276,1540953,2493304
1977,691,380045,1366798
1977,696,383345,1376688
1977,693,388057,1370754
1977,690,388673,1364820
1977,694,388801,1372732
1977,689,389385,1362842
1977,692,390111,1368776
1977,697,393089,1378666
1977,702,402645,1388556
1977,699,420701,1382622
1977,704,430363,1392512
1977,706,433611,1396468
1977,789,580191,1560642
1977,791,582051,1564598
1977,790,611825,1562620
1977,849,696193,1679322
1977,850,696531,1681300
1977,851,699433,1683278
1977,852,706437,1685256
1977,1228,1451761,2428984
1977,1229,1453065,2430962
1983,1683,2414397,3339072
1983,1682,2416777,3337088
1983,1697,2434603,3366848
1983,1696,2434695,3364864
1983,1734,2461363,3440256
1983,1735,2469777,3442240
1983,1736,2474683,3444224
1983,1739,2476413,3450176
1983,1755,2482513,3481920
1983,1761,2483779,3493824
1983,1740,2483793,3452160
1983,1743,2488589,3458112
1983,1749,2491565,3470016
1983,1759,2502741,3489856
1983,1762,2502957,3495808
1983,1764,2513779,3499776
1983,1760,2515557,3491840
1983,1765,2515565,3501760
1983,1757,2516143,3485888
1983,1766,2527843,3503744
1983,1758,2528959,3487872
1983,1786,2567239,3543424
1983,1788,2570023,3547392
1983,1787,2570503,3545408
1983,1763,2606613,3497792
1983,1831,2647399,3632704
1983,1832,2649193,3634688
1983,1847,2669865,3664448
1983,1846,2670057,3662464
1983,1848,2670675,3666432
1983,1849,2675273,3668416
1983,1854,2684645,3678336
1983,1855,2687165,3680320
1983,1858,2691619,3686272
1983,1867,2705373,3704128
1983,1868,2705853,3706112
1983,1886,2713317,3741824
1983,1865,2720045,3700160
1983,1866,2721471,3702144
1983,1875,2726885,3720000
1983,1876,2727253,3721984
1983,1885,2727753,3739840
1983,1791,2728989,3553344
1983,1878,2729683,3725952
1983,1887,2732479,3743808
1983,1879,2734173,3727936
1983,1877,2735193,3723968
1983,1790,2743153,3551360
1983,1884,2746279,3737856
1983,1881,2750157,3731904
1983,1882,2753175,3733888
1983,1883,2754313,3735872
1983,1823,2759377,3616832
1983,1891,2760435,3751744
1983,1906,2772463,3781504
1983,1907,2772619,3783488
1983,1908,2776109,3785472
1983,1903,2777391,3775552
1983,1905,2779371,3779520
1983,1910,2791033,3789440
1983,1909,2791085,3787456
1983,1911,2792281,3791424
1983,1904,2793633,3777536
1983,1912,2796993,3793408
1983,1913,2798091,3795392
1983,1900,2807489,3769600
1985,899,803985,1785414
1985,915,814731,1817190
1985,901,827053,1789386
1985,930,856861,1846980
1985,929,859131,1844994
1985,928,859917,1843008
1985,931,862437,1848966
1985,932,862713,1850952
1985,935,862819,1856910
1985,936,865053,1858896
1985,934,866649,1854924
1985,938,867833,1862868
1985,937,873943,1860882
1985,939,878033,1864854
1985,940,884959,1866840
1985,933,885213,1852938
1985,943,892093,1872798
1985,942,892689,1870812
1985,978,940341,1942308
1985,976,954799,1938336
1985,977,955399,1940322
1985,979,958875,1944294
1985,981,961113,1948266
1985,982,963389,1950252
1985,980,967893,1946280
1985,983,968069,1952238
1985,986,969591,1958196
1985,984,970893,1954224
1985,985,976353,1956210
1985,987,982745,1960182
1985,1005,999605,1995930
1985,1015,1012145,2015790
1985,1016,1012221,2017776
1985,1013,1019877,2011818
1985,1014,1020873,2013804
1985,1011,1023417,2007846
1985,1017,1043109,2019762
1985,1110,1206329,2204460
1985,1109,1206869,2202474
1985,1129,1326089,2242194
1985,1130,1331397,2244180
1985,1144,1357219,2271984
1999,588,182201,1176000
1999,600,193873,1200000
1999,599,194239,1198000
1999,601,197289,1202000
1999,598,206589,1196000
1999,633,273033,1266000
1999,634,273629,1268000
1999,1287,1592317,2574000
1999,1289,1592391,2578000
1999,1288,1593103,2576000
1999,1286,1602195,2572000
1999,1290,1602591,2580000
1999,1292,1604119,2584000
1999,1313,1613745,2626000
1999,1303,1623793,2606000
1999,1304,1626057,2608000
1999,1302,1626809,2604000
1999,1315,1629609,2630000
1999,1316,1633865,2632000
1999,1325,1638771,2650000
1999,1306,1646765,2612000
1999,1326,1651251,2652000
1999,1324,1652637,2648000
1999,1323,1653937,2646000
1999,1320,1654001,2640000
1999,1305,1659283,2610000
1999,1308,1665237,2616000
1999,1309,1666431,2618000
1999,1294,1670093,2588000
1999,1321,1681385,2642000
1999,1307,1696317,2614000
1999,1351,1700151,2702000
1999,1352,1708251,2704000
1999,1369,1716413,2738000
1999,1368,1723417,2736000
1999,1317,1724383,2634000
1999,1370,1731315,2740000
1999,1383,1759873,2766000
1999,1382,1761051,2764000
1999,1381,1761733,2762000
1999,1387,1788525,2774000
1999,1385,1790331,2770000
1999,1386,1792385,2772000
1999,1365,1846693,2730000
1999,1518,2019697,3036000
1999,1519,2023155,3038000
1999,1517,2049701,3034000
1999,1521,2057873,3042000
1999,1524,2058569,3048000
1999,1522,2058859,3044000
1999,1523,2060959,3046000
1999,1528,2075025,3056000
1999,1527,2076559,3054000
1999,1534,2092399,3068000
1999,1535,2095201,3070000
1999,1560,2102037,3120000
1999,1557,2109633,3114000
1999,1559,2113381,3118000
1999,1555,2116325,3110000
1999,1556,2121113,3112000
1999,1568,2124849,3136000
1999,1565,2125159,3130000
1999,1566,2130421,3132000
1999,1562,2131681,3124000
1999,1569,2135857,3138000
2005,1503,2004869,3015018
2005,1504,2015229,3017024
2009,631,243245,1268310
2009,630,244611,1266300
2009,632,249629,1270320
2009,633,252729,1272330
2009,634,252933,1274340
2009,637,259513,1280370
2009,636,259635,1278360
2009,644,269969,1294440
2009,643,302281,1292430
2009,671,348093,1348710
2011,2010,3055373,4044120
2023,573,141029,1159752
2023,574,142639,1161776
2023,570,146985,1153680
2023,568,149133,1149632
2023,1601,2356273,3240424
2023,1890,2967761,3825360
2039,1397,1811753,2849880
2039,1398,1815933,2851920
2039,1419,1858089,2894760
2039,1420,1888689,2896800
2047,612,220353,1253376
2047,737,458817,1509376
2047,752,486193,1540096
2047,753,487201,1542144
2047,751,488525,1538048
2047,754,488885,1544192
2047,755,497921,1546240
2047,758,504489,1552384
2047,842,688437,1724416
2047,843,690609,1726464
2047,853,693717,1746944
2047,844,693913,1728512
2047,850,696561,1740800
2047,891,756777,1824768
2047,890,771679,1822720
2047,889,796389,1820672
2047,1071,1158637,2193408
2047,1106,1224463,2265088
2047,1107,1224643,2267136
2047,1105,1228293,2263040
2047,1103,1232811,2258944
2047,1104,1236785,2260992
2047,1172,1342491,2400256
2047,1221,1443153,2500608
2047,1222,1520737,2502656
2047,1851,2703901,3790848
2047,1850,2704873,3788800
2047,1852,2706559,3792896
2047,1867,2708641,3823616
2047,1868,2712301,3825664
2047,1875,2769689,3840000
2047,1911,2994951,3913728
2047,1991,3000613,4077568
2047,2027,3226131,4151296
2047,2028,3228133,4153344
2049,555,102291,1137750
2049,561,104141,1150050
2049,560,106423,1148000
2049,565,108033,1158250
2049,562,108079,1152100
2049,564,116189,1156200
2049,587,166557,1203350
2049,586,168771,1201300
2049,590,168781,1209500
2049,589,175573,1207450
2049,588,181773,1205400
2049,639,254105,1309950
2049,640,262123,1312000
2049,714,411013,1463700
2049,715,411231,1465750
2049,716,425225,1467800
2049,725,430589,1486250
2049,730,441559,1496500
2049,731,451311,1498550
2049,739,466131,1514950
2049,736,473977,1508800
2049,962,912321,1972100
2049,964,914625,1976200
2049,963,918051,1974150
2049,961,926383,1970050
2049,1268,1527065,2599400
2049,1269,1529765,2601450
2049,1279,1542233,2621950
2049,1267,1558253,2597350
2049,1278,1576317,2619900
2049,1281,1577033,2626050
2049,1277,1577955,2617850
2049,1283,1578809,2630150
2049,1285,1584477,2634250
2049,1381,1781105,2831050
2049,1382,1785133,2833100
2049,1384,1790173,2837200
2049,1394,1793673,2857700
2049,1396,1807925,2861800
2049,1429,1870745,2929450
2049,1431,1875993,2933550
2049,1430,1880277,2931500
2049,1445,1893855,2962250
2049,1443,1922415,2958150
2049,1474,1970753,3021700
2049,1473,1972039,3019650
2049,1442,1998905,2956100
2049,1512,2014575,3099600
2049,1511,2015637,3097550
2055,608,180657,1250048
2055,607,181653,1247992
2055,609,203733,1252104
2055,613,212451,1260328
2055,620,220897,1274720
2055,621,223491,1276776
2055,702,350009,1443312
2055,701,353553,1441256
2055,695,359909,1428920
2055,704,363679,1447424
2055,705,366361,1449480
2055,693,387449,1424808
2055,1309,1614749,2691304
2055,1308,1621701,2689248
2055,1304,1625229,2681024
2055,1298,1625613,2668688
2055,1300,1626793,2672800
2055,1302,1628031,2676912
2055,1301,1629817,2674856
2055,1307,1633353,2687192
2055,1305,1635213,2683080
2055,1306,1636371,2685136
2055,1400,1797019,2878400
2055,1396,1812705,2870176
2055,1395,1813185,2868120
2055,1397,1813815,2872232
2055,1398,1814345,2874288
2055,1402,1814653,2882512
2055,1403,1815615,2884568
2055,1399,1815717,2876344
2055,1401,1815831,2880456
2055,1394,1817143,2866064
2055,1385,1901113,2847560
2055,1531,2101513,3147736
2055,1543,2238619,3172408
2055,1680,2429973,3454080
2055,1683,2430869,3460248
2055,1681,2431879,3456136
2055,1682,2432701,3458192
2057,1241,1506777,2553978
2057,1240,1507341,2551920
2057,1406,1817151,2893548
2061,1744,2516023,3596128
2061,1745,2527071,3598190
2061,1746,2536289,3600252
2061,1749,2538645,3606438
2061,1759,2549533,3627058
2061,1751,2554717,3610562
2061,1753,2557491,3614686
2061,1760,2572731,3629120
2061,1784,2603737,3678608
2061,1805,2630751,3721910
2061,1807,2630793,3726034
2061,1800,2634717,3711600
2061,1803,2649013,3717786
2061,1790,2655405,3690980
2061,1791,2656377,3693042
2061,1812,2692551,3736344
2061,1832,2697259,3777584
2061,1827,2734865,3767274
2061,1826,2739633,3765212
2061,1828,2745261,3769336
2061,1766,2745901,3641492
2061,1765,2748193,3639430
2061,1839,2756585,3792018
2061,1860,2774031,3835320
2061,1835,2801779,3783770
2061,1844,2889929,3802328
2061,1845,2890371,3804390
2061,1823,2895153,3759026
2063,1657,2452377,3420048
2063,1656,2453045,3417984
2069,1914,3019709,3961980
2069,1915,3031783,3964050
2071,1682,2418453,3485104
2071,1683,2426353,3487176
2071,1698,2448765,3518256
2071,1699,2451041,3520328
2071,1702,2482483,3526544
2071,1717,2499809,3557624
2071,1716,2501331,3555552
2079,1685,2436739,3504800
2079,1747,2527459,3633760
2079,1749,2533843,3637920
2079,1750,2533925,3640000
2079,1748,2536273,3635840
2079,1753,2550199,3646240
2079,1755,2552009,3650400
2079,1752,2553153,3644160
2079,1751,2554113,3642080
2079,1754,2556901,3648320
2079,1756,2567419,3652480
2079,1767,2592481,3675360
2079,1768,2601033,3677440
2079,1769,2605353,3679520
2079,1781,2619069,3704480
2079,1782,2625163,3706560
2079,1839,2722977,3825120
2079,1840,2723649,3827200
2079,1842,2731497,3831360
2079,1882,2981239,3914560
2079,1883,2993235,3916640
2103,1180,1380397,2482720
2103,1181,1390413,2484824
2103,1192,1414215,2507968
2109,2062,3285821,4350820
2109,2063,3286155,4352930
2111,1332,1715705,2813184
2111,1334,1718489,2817408
2111,1333,1718669,2815296
2111,1335,1729689,2819520
2111,1336,1729893,2821632
2111,1340,1732183,2830080
2111,1339,1733645,2827968
2113,857,702891,1811698
2113,866,714597,1830724
2113,865,715865,1828610
2113,864,718161,1826496
2113,867,718281,1832838
2113,858,718663,1813812
2113,876,724851,1851864
2113,861,731263,1820154
2113,863,732421,1824382
2113,877,733399,1853978
2113,878,734969,1856092
2113,879,737715,1858206
2113,881,739689,1862434
2113,880,743059,1860320
2113,870,764409,1839180
2113,1213,1430991,2564282
2113,1220,1450685,2579080
2113,1237,1470005,2615018
2113,1235,1470199,2610790
2113,1248,1494309,2638272
2113,1244,1500853,2629816
2113,1246,1507529,2634044
2113,1243,1507809,2627702
2113,1245,1510393,2631930
2113,1240,1554891,2621360
2113,1241,1563945,2623474
2117,1870,2842201,3960660
2119,1055,1096141,2236600
2119,1057,1102663,2240840
2119,1056,1102801,2238720
2127,827,610193,1759856
2127,1238,1499473,2634464
2127,1239,1509591,2636592
2127,1246,1514073,2651488
2127,1250,1531999,2660000
2127,1271,1568381,2704688
2137,558,57569,1193004
2137,568,58303,1214384
2137,569,58575,1216522
2137,560,60065,1197280
2137,567,60163,1212246
2137,559,60823,1195142
2143,1779,2668039,3814176
2145,813,564915,1744698
2145,814,570357,1746844
2145,848,643303,1819808
2145,851,671909,1826246
2151,1808,2756779,3890816
2151,1814,2936451,3903728
2151,1813,2967943,3901576
2151,2063,3265903,4439576
2151,2064,3275271,4441728
2151,2066,3275811,4446032
2151,2067,3276135,4448184
2151,2062,3280459,4437424
2151,2065,3280985,4443880
2151,2076,3289049,4467552
2151,2075,3290225,4465400
2151,2074,3293165,4463248
2151,2077,3300189,4469704
2151,2072,3302789,4458944
2151,2069,3302977,4452488
2151,2071,3303245,4456792
2151,2089,3314773,4495528
2151,2092,3316137,4501984
2151,2096,3318689,4510592
2151,2097,3320013,4512744
2151,2094,3322399,4506288
2151,2032,3322625,4372864
2151,2090,3322773,4497680
2151,2093,3325191,4504136
2151,2073,3325497,4461096
2151,2099,3328989,4517048
2151,2095,3334709,4508440
2151,2091,3335235,4499832
2151,2101,3342117,4521352
2151,2103,3356493,4525656
2151,2098,3359973,4514896
2151,2031,3411465,4370712
2159,1440,1945305,3110400
2159,1444,1952453,3119040
2159,1443,1952645,3116880
2159,1445,1953125,3121200
2159,1436,1954113,3101760
2159,1442,1954209,3114720
2159,1437,1962969,3103920
2159,1438,1963371,3106080
2165,1932,3003777,4184712
2165,1933,3005433,4186878
2165,1934,3021591,4189044
2165,1935,3022281,4191210
2165,1943,3034141,4208538
2165,1944,3036771,4210704
2165,1937,3047871,4195542
2165,1939,3080257,4199874
2165,1891,3109049,4095906
2167,740,418437,1604320
2167,739,419249,1602152
2167,741,419713,1606488
2167,738,419899,1599984
2167,742,423403,1608656
2167,745,440533,1615160
2167,1266,1585709,2744688
2167,1271,1587177,2755528
2167,1270,1588371,2753360
2167,1273,1589877,2759864
2167,1267,1675759,2746856
2167,1390,1824823,3013520
2167,1391,1826151,3015688
2167,1392,1828601,3017856
2167,1393,1830321,3020024
2167,1389,1841045,3011352
2167,1394,1867663,3022192
2167,1405,1868653,3046040
2169,1469,1997955,3187730
2169,1480,2150533,3211600
2177,1110,1241271,2417580
2177,1109,1285049,2415402
2189,2093,3377205,4583670
2189,2096,3389729,4590240
2189,2088,3396881,4572720
2191,1297,1615625,2843024
2191,1304,1644245,2858368
2191,1312,1650681,2875904
2191,1305,1651663,2860560
2191,1307,1653909,2864944
2191,1303,1661719,2856176
2191,1310,1662213,2871520
2191,1306,1663625,2862752
2191,1308,1667631,2867136
2191,1315,1668079,2882480
2191,1316,1669099,2884672
2191,1317,1671633,2886864
2191,1319,1678485,2891248
2191,1318,1680001,2889056
2207,791,526325,1746528
2207,803,530753,1773024
2207,801,535673,1768608
2207,792,539539,1748736
2207,802,544353,1770816
2207,790,546093,1744320
2207,794,553873,1753152
2207,1062,1121909,2344896
2207,1312,1681745,2896896
2207,1311,1685345,2894688
2207,1313,1685955,2899104
2207,1320,1776139,2914560
2207,1382,1840993,3051456
2207,1383,1847151,3053664
2207,1384,1848305,3055872
2207,1385,1850161,3058080
2207,1379,1915505,3044832
2207,1377,1931625,3040416
2207,1367,1934895,3018336
2207,1378,1946069,3042624
2207,1381,1960801,3049248
2207,2206,3634003,4870848
2221,1808,2824657,4017376
2221,2038,3304561,4528436
2221,2047,3313653,4548434
2221,2066,3340453,4590652
2221,2059,3343137,4575098
2221,2062,3357351,4581764
2221,2064,3378653,4586208
2221,2068,3520949,4595096
2221,2067,3522569,4592874
2237,2116,3723593,4735608
2237,2115,3733205,4733370
2241,1355,1799281,3037910
2241,1356,1804551,3040152
2241,1359,1809209,3046878
2241,1358,1810301,3044636
2241,1360,1814497,3049120
2241,1357,1816049,3042394
2247,1413,1916241,3176424
2247,1467,1998473,3297816
2247,1466,1999033,3295568
2247,1465,2000337,3293320
2247,1468,2006045,3300064
2247,1469,2006683,3302312
2247,1464,2007717,3291072
2247,1463,2018885,3288824
2247,1462,2019089,3286576
2261,1725,2610481,3901950
2261,1729,2610823,3910998
2261,1730,2629393,3913260
2261,1739,2650205,3933618
2261,1738,2650413,3931356
2261,1753,2659579,3965286
2261,1745,2671815,3947190
2261,1714,2732217,3877068
2261,1713,2734141,3874806
2261,1825,2838929,4128150
2261,1828,2846517,4134936
2261,1827,2850883,4132674
2261,1826,2867273,4130412
2269,1805,2926761,4097350
2269,1816,2995717,4122320
2269,1817,3017945,4124590
2269,2265,3838575,5141550
2269,2268,3841625,5148360
2269,2266,3841985,5143820
2269,2267,3842025,5146090
2269,2264,3844797,5139280
2271,2173,3749013,4937056
2271,2174,3897079,4939328
2273,1058,1097863,2405892
2279,1001,996365,2282280
2279,1008,1003311,2298240
2287,1752,2716833,4008576
2287,1758,2740071,4022304
2295,1840,2872833,4224640
2295,1839,2879175,4222344
2295,1820,2890843,4178720
2295,1845,2917377,4236120
2295,1842,2918863,4229232
2295,1844,2920797,4233824
2295,1843,2921715,4231528
2295,1841,2921779,4226936
2295,1848,2927773,4243008
2295,1850,2929673,4247600
2295,1849,2929993,4245304
2295,1852,2933441,4252192
2295,1853,2933677,4254488
2295,1851,2944565,4249896
2295,1856,2951121,4261376
2295,1900,3020803,4362400
2295,1888,3026077,4334848
2295,1899,3034385,4360104
2295,1898,3035203,4357808
2295,1907,3058635,4378472
2295,1908,3059825,4380768
2295,1909,3061409,4383064
2295,1906,3062217,4376176
2295,1910,3066255,4385360
2295,1980,3214629,4546080
2295,1981,3216697,4548376
2295,2024,3487791,4647104
2295,2023,3488753,4644808
2297,915,791493,2102670
2305,874,671059,2015444
2305,885,686881,2040810
2305,884,687285,2038504
2305,892,708969,2056952
2305,917,794473,2114602
2305,916,832417,2112296
2305,1328,1735999,3062368
2305,1329,1736097,3064674
2305,1375,1810569,3170750
2305,1374,1812849,3168444
2305,1372,1820285,3163832
2305,1373,1821269,3166138
2305,1442,2005393,3325252
2305,1507,2152505,3475142
2305,1508,2159505,3477448
2305,1510,2170783,3482060
2305,1509,2176241,3479754
2305,1684,2514943,3883304
2305,1681,2515137,3876386
2305,1685,2531239,3885610
2305,1683,2532199,3880998
2327,2081,3473443,4844568
2327,2082,3486163,4846896
2327,2085,3525705,4853880
2327,2084,3525965,4851552
2327,2083,3526243,4849224
2327,2108,3537329,4907424
2327,2109,3556957,4909752
2335,894,699619,2088384
2335,896,713239,2093056
2335,895,714485,2090720
2335,1345,1776019,3141920
2335,1344,1789921,3139584
2341,2326,4311665,5447492
2341,2325,4325433,5445150
2345,785,428585,1841610
2345,784,430191,1839264
2345,783,430545,1836918
2345,782,452839,1834572
2345,795,473881,1865070
2345,786,486051,1843956
2345,797,491313,1869762
2345,814,533685,1909644
2345,853,613865,2001138
2345,857,627651,2010522
2345,863,630905,2024598
2345,1437,1970849,3371202
2345,1438,1971045,3373548
2345,1439,1974771,3375894
2345,1441,1986079,3380586
2345,1440,1986449,3378240
2345,1436,1986653,3368856
2345,1453,2031591,3408738
2345,1470,2047173,3448620
2345,1471,2047321,3450966
2345,1472,2050939,3453312
2345,1475,2057811,3460350
2345,1476,2070343,3462696
2345,1477,2078571,3465042
2345,1473,2097369,3455658
2345,1484,2099235,3481464
2345,1482,2106893,3476772
2345,1483,2110303,3479118
2345,1474,2110721,3458004
2345,1485,2138693,3483810
2345,1452,2164431,3406392
2345,1524,2200777,3575304
2345,1515,2204033,3554190
2345,1516,2209265,3556536
2345,1518,2224801,3561228
2345,1533,2240517,3596418
2345,1532,2246773,3594072
2345,1534,2251605,3598764
2345,1559,2264465,3657414
2345,1558,2265365,3655068
2345,1557,2290601,3652722
2345,1560,2300923,3659760
2345,1568,2304821,3678528
2345,1567,2308639,3676182
2345,1520,2419519,3565920
2369,684,207945,1621080
2369,685,208515,1623450
2369,682,208911,1616340
2369,686,225255,1625820
2369,693,269359,1642410
2369,730,328363,1730100
2369,1642,2577005,3891540
2369,1648,2603775,3905760
2369,1649,2615599,3908130
2369,1644,2645091,3896280
2369,1643,2649337,3893910
2391,790,446993,1889680
2397,2326,4164357,5577748
2397,2327,4167269,5580146
2397,2347,4188619,5628106
2397,2395,4291875,5743210
2401,849,599213,2039298
2401,850,600199,2041700
2401,853,600521,2048906
2401,860,602921,2065720
2401,859,603297,2063318
2401,858,606351,2060916
2401,855,607257,2053710
2401,861,615477,2068122
2401,906,744249,2176212
2401,908,745377,2181016
2401,907,746593,2178614
2401,905,747313,2173810
2401,909,747593,2183418
2401,1553,2266999,3730306
2401,1549,2268195,3720698
2401,1550,2279959,3723100
2401,1551,2282373,3725502
2401,1554,2284721,3732708
2401,1552,2288369,3727904
2401,1555,2295245,3735110
2407,2139,3827973,5150712
2407,2140,3841385,5153120
2407,2359,4211419,5680472
2407,2360,4219421,5682880
2407,2366,4241161,5697328
2407,2364,4243353,5692512
2407,2365,4249505,5694920
2407,2363,4252365,5690104
2409,1234,1523829,2973940
2409,1235,1525785,2976350
2409,1238,1532669,2983580
2423,2017,3424529,4889208
2423,2018,3428377,4891632
2423,2281,4060793,5529144
2423,2280,4062531,5526720
2423,2308,4108953,5594592
2423,2307,4117579,5592168
2423,2291,4308361,5553384
2423,2292,4316701,5555808
2425,1008,982133,2445408
2425,1007,982723,2442982
2425,1015,995031,2462390
2425,1017,1001659,2467242
2425,1080,1146103,2620080
2425,1084,1168417,2629784
2425,1082,1184613,2624932
2425,1098,1192903,2663748
2425,1097,1195837,2661322
2425,1103,1207243,2675878
2425,1110,1220181,2692860
2425,1111,1223293,2695286
2425,1112,1228813,2697712
2425,1109,1233449,2690434
2425,1096,1245315,2658896
2425,1192,1435777,2891792
2425,1193,1440831,2894218
2425,1194,1441265,2896644
2425,1195,1445719,2899070
2425,1196,1446929,2901496
2425,1197,1448713,2903922
2425,1208,1469271,2930608
2425,1199,1475143,2908774
2425,1296,1662929,3144096
2425,1297,1674785,3146522
2425,1335,1775945,3238710
2425,1347,1786071,3267822
2425,1345,1789453,3262970
2425,1349,1790683,3272674
2425,1351,1825653,3277526
2425,1352,1899689,3279952
2431,602,5549,1464064
2431,608,8157,1478656
2431,605,18319,1471360
2431,730,273453,1775360
2431,1508,2278569,3667456
2431,1675,2578901,4073600
2431,1679,2581821,4083328
2431,1678,2585451,4080896
2431,1677,2621359,4078464
2431,1674,2644515,4071168
2431,1769,2802785,4302208
2431,1772,2806399,4309504
2431,1774,2817591,4314368
2431,1775,2820573,4316800
2431,1776,2821935,4319232
2431,1771,2836709,4307072
2431,1770,2842321,4304640
2431,1794,2861931,4363008
2431,1809,2887017,4399488
2431,2052,3602241,4990464
2433,1008,976925,2453472
2433,1069,1120533,2601946
2433,1070,1126453,2604380
2433,1068,1129303,2599512
2433,1203,1444491,2928102
2433,1204,1446075,2930536
2433,1199,1447095,2918366
2433,1206,1450699,2935404
2433,1205,1451373,2932970
2433,1207,1458259,2937838
2433,1212,1460373,2950008
2433,1211,1465365,2947574
2433,1208,1466121,2940272
2433,1280,1637239,3115520
2433,1281,1640673,3117954
2439,627,11893,1529880
2439,621,16311,1515240
2439,623,29309,1520120
2439,624,29969,1522560
2439,630,33893,1537200
2439,631,38881,1539640
2439,634,52533,1546960
2439,632,52989,1542080
2439,633,53465,1544520
2439,1752,2795165,4274880
2439,1750,2797731,4270000
2439,1738,2802943,4240720
2439,1771,2823605,4321240
2439,1763,2826721,4301720
2439,1764,2827381,4304160
2439,1770,2850771,4318800
2439,1772,2851579,4323680
2439,1808,2916799,4411520
2439,1807,2950181,4409080
2439,1747,2962677,4262680
2439,1885,3086401,4599400
2439,1881,3100611,4589640
2439,1887,3110181,4604280
2439,1888,3111933,4606720
2439,1882,3112639,4592080
2439,1884,3112841,4596960
2439,1886,3113119,4601840
2439,1883,3113921,4594520
2439,1890,3115409,4611600
2439,1891,3115755,4614040
2439,1889,3119385,4609160
2439,1894,3126241,4621360
2439,1892,3126369,4616480
2439,1964,3296081,4792160
2439,1980,3322843,4831200
2439,1978,3336919,4826320
2439,1981,3339435,4833640
2439,1977,3342725,4823880
2439,2052,3506953,5006880
2439,2053,3506959,5009320
2439,2424,4409373,5914560
2439,2425,4411431,5917000
2439,2373,4426423,5790120
2439,2372,4428541,5787680
2439,2426,4430553,5919440
2439,2428,4431019,5924320
2439,2427,4432081,5921880
2441,979,960485,2390718
2441,1037,1039483,2532354
2441,1040,1040839,2539680
2441,1039,1040871,2537238
2441,1041,1044621,2542122
2441,1038,1053441,2534796
2441,1401,1936209,3421242
2441,1405,1947913,3431010
2441,1413,1950645,3450546
2441,1398,1963625,3413916
2441,1399,1964137,3416358
2453,2330,4492605,5717820
2453,2382,4601825,5845428
2455,635,25441,1559560
2455,1775,2859679,4359400
2455,1959,3310843,4811304
2455,1957,3315845,4806392
2463,953,808759,2348192
2463,986,903111,2429504
2463,1348,1797669,3321472
2463,1350,1822629,3326400
2463,1349,1828169,3323936
2463,1391,2018585,3427424
2463,1506,2182073,3710784
2463,1505,2292591,3708320
2463,2234,3983153,5504576
2463,2235,3984171,5507040
2463,2236,3987111,5509504
2463,2231,3989829,5497184
2463,2233,3990701,5502112
2465,1305,1714431,3218130
2465,1347,1816593,3321702
2469,2026,3468051,5004220
2493,2438,4685285,6080372
2493,2439,4688517,6082866
2495,2216,3930237,5531136
2495,2209,3933721,5513664
2495,2215,3972493,5528640
2495,2206,3981125,5506176
2495,2224,3991671,5551104
2495,2219,4008093,5538624
2495,2230,4045633,5566080
2495,2269,4094885,5663424
2495,2276,4102569,5680896
2495,2264,4105925,5650944
2495,2265,4108181,5653440
2495,2277,4119321,5683392
2495,2279,4119897,5688384
2495,2287,4124321,5708352
2495,2286,4127383,5705856
2495,2280,4135819,5690880
2495,2285,4137937,5703360
2495,2283,4142563,5698368
2495,2284,4143929,5700864
2495,2289,4159003,5713344
2495,2282,4159519,5695872
2495,2290,4177843,5715840
2495,2288,4191833,5710848
2495,2294,4216925,5725824
2495,2405,4429197,6002880
2495,2406,4430609,6005376
2501,2438,4504401,6099876
2501,2440,4511031,6104880
2501,2439,4512429,6102378
2501,2441,4516233,6107382
2521,1617,2458275,4078074
2521,1618,2461519,4080596
2521,1619,2462789,4083118
2535,2350,4311933,5959600
2535,2345,4320933,5946920
2535,2349,4324297,5957064
2535,2343,4338005,5941848
2535,2352,4338259,5964672
2535,2364,4350269,5995104
2535,2332,4561445,5913952
2535,2333,4589811,5916488
2535,2485,4661873,6301960
2535,2489,4700489,6312104
2535,2488,4700621,6309568
2535,2490,4701249,6314640
2535,2487,4701351,6307032
2535,2493,4733541,6322248
2535,2494,4734379,6324784
2535,2492,4735617,6319712
2535,2507,4759793,6357752
2535,2508,4766653,6360288
2535,2526,4783483,6405936
2535,2527,4855911,6408472
2537,959,809413,2433942
2537,954,839977,2421252
2537,979,890189,2484702
2537,1148,1291533,2913624
2537,1149,1303433,2916162
2537,1194,1419619,3030372
2537,1195,1421889,3032910
2537,1196,1422799,3035448
2537,1192,1436091,3025296
2537,1191,1436285,3022758
2537,1219,1478441,3093822
2537,1193,1529263,3027834
2537,1218,1593153,3091284
2537,1327,1765685,3367926
2537,1326,1766419,3365388
2537,1330,1775501,3375540
2549,2207,4089141,5627850
2549,2241,4092223,5714550
2549,2247,4095231,5729850
2549,2239,4099257,5709450
2549,2240,4099461,5712000
2549,2262,4119841,5768100
2549,2259,4126219,5760450
2549,2260,4126431,5763000
2549,2257,4132693,5755350
2549,2263,4138041,5770650
2549,2266,4142203,5778300
2549,2275,4308269,5801250
2549,2245,4342889,5724750
2549,2274,4368881,5798700
2549,2261,4378265,5765550
2549,2276,4394901,5803800
2549,2422,4846265,6176100
2549,2421,4848065,6173550
2551,1084,1144161,2766368
2551,1086,1146673,2771472
2551,1085,1154405,2768920
2551,1087,1196457,2774024
2551,1258,1600903,3210416
2551,1255,1612253,3202760
2551,1254,1612741,3200208
2551,1259,1612963,3212968
2551,1437,2041819,3667224
2551,1438,2042525,3669776
2551,1435,2044629,3662120
2551,1451,2058559,3702952
2551,1449,2105109,3697848
2551,1434,2154577,3659568
2557,1922,3307423,4916476
2557,1928,3309537,4931824
2557,1923,3313617,4919034
2557,1956,3319999,5003448
2557,1957,3321471,5006006
2557,1958,3340497,5008564
2557,1959,3340921,5011122
2557,1960,3353331,5013680
2557,1953,3364953,4995774
2557,1955,3365697,5000890
2557,1951,3371157,4990658
2557,1926,3444195,4926708
2557,1942,3444537,4967636
2557,1997,3472833,5108326
2557,1996,3477777,5105768
2557,1943,3478949,4970194
2557,1925,3488641,4924150
2557,2015,3609593,5154370
2559,728,237073,1863680
2559,727,237305,1861120
2559,725,253611,1856000
2559,743,269093,1902080
2559,738,271339,1889280
2559,781,346141,1999360
2559,796,378669,2037760
2559,798,380083,2042880
2559,797,387777,2040320
2559,799,390439,2045440
2559,809,437681,2071040
2559,819,440563,2096640
2559,820,444425,2099200
2559,821,446443,2101760
2559,823,476969,2106880
2559,824,477171,2109440
2559,836,483531,2140160
2559,834,486073,2135040
2559,843,491143,2158080
2559,842,495033,2155520
2559,833,497377,2132480
2559,838,512775,2145280
2559,839,513225,2147840
2559,840,515873,2150400
2559,841,517473,2152960
2559,825,523431,2112000
2559,861,549161,2204160
2559,874,570465,2237440
2559,877,570569,2245120
2559,864,570831,2211840
2559,875,571197,2240000
2559,876,573725,2242560
2559,865,579045,2214400
2559,867,587913,2219520
2559,868,590037,2222080
2559,866,590401,2216960
2559,870,593709,2227200
2559,872,594795,2232320
2559,873,597309,2234880
2559,871,598273,2229760
2559,998,896241,2554880
2559,990,909001,2534400
2559,1003,909771,2567680
2559,991,912813,2536960
2559,1002,913689,2565120
2559,992,913723,2539520
2559,1006,915297,2575360
2559,993,920133,2542080
2559,996,928999,2549760
2559,1010,932553,2585600
2559,1012,934155,2590720
2559,994,935133,2544640
2559,1000,935681,2560000
2559,1011,937349,2588160
2559,999,943453,2557440
2559,1009,943611,2583040
2559,1001,953429,2562560
2559,1007,963281,2577920
2559,1031,984075,2639360
2559,1026,984231,2626560
2559,1025,984673,2624000
2559,1028,985737,2631680
2559,1024,994349,2621440
2559,1037,994879,2654720
2559,1038,997993,2657280
2559,1029,999453,2634240
2559,1030,1003349,2636800
2559,1032,1005149,2641920
2559,1027,1006017,2629120
2559,1033,1006085,2644480
2559,1035,1006553,2649600
2559,1034,1008337,2647040
2559,1036,1008711,2652160
2559,1040,1020841,2662400
2559,1041,1022091,2664960
2559,1039,1028353,2659840
2559,1044,1035343,2672640
2559,1042,1035817,2667520
2559,1043,1057505,2670080
2559,1065,1067877,2726400
2559,1066,1089223,2728960
2559,1069,1096257,2736640
2559,1070,1102819,2739200
2559,1433,2012309,3668480
2559,1432,2012433,3665920
2559,1431,2014341,3663360
2559,1442,2042713,3691520
2559,1435,2044301,3673600
2559,1434,2048733,3671040
2559,1436,2050035,3676160
2559,1443,2058403,3694080
2559,1512,2200653,3870720
2559,1541,2324313,3944960
2559,1525,2341529,3904000
2559,1526,2343021,3906560
2559,1527,2360233,3909120
2559,1542,2413349,3947520
2559,1583,2439249,4052480
2559,1581,2448223,4047360
2559,1582,2449821,4049920
2559,1641,2529185,4200960
2559,1636,2548313,4188160
2559,1648,2557311,4218880
2559,1639,2562771,4195840
2559,1637,2570091,4190720
2559,1646,2574079,4213760
2559,1649,2578611,4221440
2559,1635,2579489,4185600
2559,1643,2581361,4206080
2559,1645,2583117,4211200
2559,1644,2583357,4208640
2559,1640,2585913,4198400
2559,1638,2586193,4193280
2559,1681,2657857,4303360
2559,1680,2673005,4300800
2559,1682,2684301,4305920
2559,1683,2684345,4308480
2559,1679,2687299,4298240
2559,1684,2693729,4311040
2559,1688,2698373,4321280
2559,1687,2750161,4318720
2559,1727,2751433,4421120
2559,1668,2758093,4270080
2559,1669,2760301,4272640
2559,1686,2770363,4316160
2559,1671,2772545,4277760
2559,1672,2781417,4280320
2559,1723,2795683,4410880
2559,1720,2799463,4403200
2559,1719,2802537,4400640
2559,1704,2805689,4362240
2559,1721,2812493,4405760
2559,1744,2813577,4464640
2559,1722,2814841,4408320
2559,1690,2829771,4326400
2559,1743,2836661,4462080
2559,1745,2842191,4467200
2559,1691,2843613,4328960
2559,1741,2851737,4456960
2559,1761,2855203,4508160
2559,1757,2858691,4497920
2559,1707,2868765,4369920
2559,1756,2871981,4495360
2559,1706,2972193,4367360
2559,1833,3058929,4692480
2559,1961,3362561,5020160
2559,1960,3379251,5017600
2559,1971,3379755,5045760
2559,1952,3577329,4997120
2559,2141,3807411,5480960
2559,2160,3890203,5529600
2559,2159,3890921,5527040
2559,2157,3909615,5521920
2559,2153,3989865,5511680
2559,2152,4028205,5509120
2559,2288,4445465,5857280
2559,2552,4859239,6533120
2559,2553,4859261,6535680
2559,2551,4870257,6530560
2561,766,327673,1962492
2561,765,330283,1959930
2561,772,362857,1977864
2561,771,364879,1975302
2561,835,496617,2139270
2561,1140,1252663,2920680
2561,1141,1262073,2923242
2561,1142,1289469,2925804
2561,1152,1294385,2951424
2561,1146,1296881,2936052
2561,1145,1297053,2933490
2561,1149,1298233,2943738
2561,1150,1299593,2946300
2561,1151,1301565,2948862
2561,1148,1303377,2941176
2561,1155,1317495,2959110
2561,1159,1317643,2969358
2561,1156,1317693,2961672
2561,1154,1318741,2956548
2561,1182,1422357,3028284
2561,1196,1424233,3064152
2561,1199,1431711,3071838
2561,1200,1432251,3074400
2561,1471,2117469,3768702
2561,1467,2141757,3758454
2561,1470,2150299,3766140
2561,1480,2157831,3791760
2561,1479,2184125,3789198
2565,2079,3699869,5334714
2565,2081,3730917,5339846
2565,2090,3748485,5362940
2565,2091,3764817,5365506
2565,2087,3779193,5355242
2583,1728,2790213,4465152
2583,1758,2868481,4542672
2583,1772,2895979,4578848
2583,1773,2900655,4581432
2583,1774,2904573,4584016
2583,1766,2912565,4563344
2583,1778,2917901,4594352
2583,1765,2925733,4560760
2583,1791,2950543,4627944
2583,1793,2950617,4633112
2583,1792,2950731,4630528
2583,1777,3111605,4591768
2591,785,361493,2034720
2591,788,362083,2042496
2591,845,525581,2190240
2591,844,525859,2187648
2591,851,548753,2205792
2591,850,551817,2203200
2591,901,639717,2335392
2591,904,662561,2343168
2591,1661,2603323,4305312
2591,1655,2610531,4289760
2591,1665,2759517,4315680
2591,1666,2786229,4318272
2591,1807,3019221,4683744
2591,1806,3024979,4681152
2591,2177,3926173,5642784
2591,2178,3931361,5645376
2591,2176,3935263,5640192
2591,2179,3936919,5647968
2591,2175,3945979,5637600
2591,2174,4061991,5635008
2591,2184,4079931,5660928
2591,2165,4105663,5611680
2591,2169,4137703,5622048
2591,2168,4144393,5619456
2591,2183,4166137,5658336
2591,2456,4686161,6365952
2591,2455,4692689,6363360
2591,2475,4750545,6415200
2591,2474,4751793,6412608
2591,2470,4754441,6402240
2591,2473,4761417,6410016
2591,2472,4763013,6407424
2591,2496,4772623,6469632
2591,2471,4823129,6404832
2591,2568,4960657,6656256
2591,2565,4964323,6648480
2591,2566,4964693,6651072
2591,2564,4967561,6645888
2593,1280,1640489,3320320
2593,1281,1641313,3322914
2593,1295,1653051,3359230
2593,1294,1654829,3356636
2605,2357,4429063,6142342
2605,2413,4590919,6288278
2605,2414,4609141,6290884
2605,2411,4618685,6283066
2617,1276,1636011,3340568
2617,1315,1726593,3442670
2617,1319,1773291,3453142
2617,1328,1786257,3476704
2617,1327,1787045,3474086
2617,1330,1793345,3481940
2617,1329,1795905,3479322
2617,1326,1849339,3471468
2617,1335,1890537,3495030
2629,1997,3525365,5252110
2629,1988,3529399,5228440
2629,1998,3538573,5254740
2629,1999,3543375,5257370
2629,1991,3552583,5236330
2629,1989,3555223,5231070
2629,1990,3564405,5233700
2629,2001,3578037,5262630
2629,2028,3621417,5333640
2629,2046,3663421,5380980
2629,2047,3665419,5383610
2629,2044,3667197,5375720
2629,2045,3668541,5378350
2629,2041,3676897,5367830
2629,2043,3682881,5373090
2629,2002,3703713,5265260
2629,2399,4573245,6309370
2629,2419,4623093,6361970
2629,2397,4624011,6304110
2629,2417,4628233,6356710
2629,2416,4631017,6354080
2629,2415,4631599,6351450
2629,2423,4662951,6372490
2631,2289,4266403,6024648
2631,2290,4272019,6027280
2631,2507,4861833,6598424
2631,2505,4862355,6593160
2631,2509,4862397,6603688
2631,2506,4863841,6595792
2631,2508,4875665,6601056
2631,2510,4891971,6606320
2631,2572,5017573,6769504
2633,1272,1613157,3350448
2633,1273,1613659,3353082
2633,1287,1661505,3389958
2633,1302,1674825,3429468
2633,1286,1684437,3387324
2633,1504,2231211,3961536
2633,1505,2232133,3964170
2633,1503,2232697,3958902
2633,1502,2237083,3956268
2633,1508,2239759,3972072
2633,1507,2250393,3969438
2633,1506,2256153,3966804
2639,1149,1262493,3033360
2639,1147,1266161,3028080
2639,1144,1281821,3020160
2639,1148,1282113,3030720
2639,1146,1282973,3025440
2639,1145,1290139,3022800
2639,1241,1527525,3276240
2639,1254,1540481,3310560
2639,1437,2070965,3793680
2639,1438,2072457,3796320
2639,1439,2076233,3798960
2639,1440,2076897,3801600
2639,1441,2105729,3804240
2639,1621,2494123,4279440
2639,1622,2497095,4282080
2639,1623,2557339,4284720
2639,1625,2684193,4290000
2639,1626,2687691,4292640
2649,1569,2417097,4157850
2649,1546,2424969,4096900
2649,1547,2432985,4099550
2649,1595,2464297,4226750
2649,1594,2464625,4224100
2649,1596,2466733,4229400
2649,1597,2467245,4232050
2649,1593,2472937,4221450
2649,1598,2479109,4234700
2649,1602,2504863,4245300
2649,1574,2525373,4171100
2655,2361,4485943,6270816
2671,711,105993,1899792
2671,712,112741,1902464
2671,713,127039,1905136
2671,726,169177,1939872
2671,722,174499,1929184
2671,721,179925,1926512
2671,904,617331,2415488
2671,919,639457,2455568
2671,903,645019,2412816
2671,913,645961,2439536
2671,914,684997,2442208
2671,1719,2793333,4593168
2671,1717,2793433,4587824
2671,1718,2794629,4590496
2671,1716,2795737,4585152
2671,1713,2797185,4577136
2671,1715,2801793,4582480
2671,1714,2825501,4579808
2671,1684,2890917,4499648
2671,1720,2970929,4595840
2687,2285,4315461,6142080
2687,2286,4325585,6144768
2687,2289,4343705,6152832
2687,2290,4343729,6155520
2687,2283,4345333,6136704
2687,2271,4546293,6104448
2687,2272,4551217,6107136
2687,2300,4702145,6182400
2713,764,196829,2073496
2713,762,203655,2068068
2713,763,246241,2070782
2725,2590,5143579,7060340
2725,2589,5151319,7057614
2725,2609,5275071,7112134
2725,2545,5367225,6937670
2725,2546,5422173,6940396
2727,1324,1719891,3611872
2727,1325,1725033,3614600
2727,1326,1745115,3617328
2727,1327,1752065,3620056
2733,2101,3876721,5744134
2733,2100,3882545,5741400
2733,2104,3887713,5752336
2733,2108,3899969,5763272
2733,2110,3908129,5768740
2733,2109,3909249,5766006
2733,2113,3914637,5776942
2733,2126,3952459,5812484
2733,2112,3973545,5774208
2733,2111,3992331,5771474
2733,2103,4115193,5749602
2733,2375,4853721,6493250
2733,2366,4854613,6468644
2733,2496,4915085,6824064
2733,2401,4971485,6564334
2733,2402,4984893,6567068
2735,854,461921,2336544
2735,855,462241,2339280
2735,853,465481,2333808
2735,914,661985,2500704
2735,1731,2875313,4736016
2735,1812,3191985,4957632
2735,1818,3230881,4974048
2735,1814,3252089,4963104
2735,1809,3259205,4949424
2735,1803,3264989,4933008
2743,2674,5571337,7337456
2743,2675,5575469,7340200
2745,749,165537,2056754
2745,752,174053,2064992
2745,748,188229,2054008
2745,747,189883,2051262
2745,754,199071,2070484
2745,1900,3338741,5217400
2745,1896,3339689,5206416
2745,1899,3340325,5214654
2745,1902,3370363,5222892
2745,1936,3379663,5316256
2745,1933,3385801,5308018
2745,1932,3387103,5305272
2745,1935,3401773,5313510
2745,1934,3410623,5310764
2745,1937,3425077,5319002
2745,1939,3427137,5324494
2751,2505,5072857,6893760
2751,2551,5135239,7020352
2751,2549,5152033,7014848
2751,2592,5239851,7133184
2751,2599,5250993,7152448
2751,2598,5251017,7149696
2751,2600,5261503,7155200
2751,2506,5404533,6896512
2759,952,749479,2627520
2759,958,753753,2644080
2759,959,765241,2646840
2759,965,799773,2663400
2759,966,816333,2666160
2759,967,820857,2668920
2759,1752,2953685,4835520
2759,2282,4359489,6298320
2759,2284,4372793,6303840
2759,2278,4638057,6287280
2759,2387,4697401,6588120
2759,2388,4699423,6590880
2759,2385,4767043,6582600
2761,1144,1240481,3159728
2761,1148,1242573,3170776
2761,1149,1253983,3173538
2761,1146,1255533,3165252
2761,1135,1256393,3134870
2761,1581,2468983,4366722
2761,1580,2476273,4363960
2761,1620,2589771,4474440
2761,1622,2591151,4479964
2761,1621,2592381,4477202
2761,1627,2603045,4493774
2765,2753,5755653,7614798
2775,1506,2238429,4180656
2775,1520,2267697,4219520
2775,2587,5210249,7181512
2775,2588,5243969,7184288
2775,2580,5255765,7162080
2775,2676,5829509,7428576
2799,770,197553,2156000
2805,2257,4363949,6333142
2805,2259,4364217,6338754
2805,2260,4368763,6341560
2805,2258,4369325,6335948
2805,2256,4378321,6330336
2805,2261,4381233,6344366
2805,2262,4386021,6347172
2805,2263,4386521,6349978
2805,2264,4394109,6352784
2805,2255,4394779,6327530
2805,2765,6121219,7758590
2807,1286,1653111,3611088
2807,1288,1659613,3616704
2807,1284,1666393,3605472
2817,1169,1293373,3294242
2817,1170,1311711,3297060
2817,1178,1361233,3319604
2817,1768,2996069,4982224
2817,1767,3002609,4979406
2823,2742,6125193,7743408
2825,1310,1696905,3702060
2825,1308,1698837,3696408
2825,1309,1698919,3699234
2825,1307,1705851,3693582
2825,1311,1721653,3704886
2825,1317,1741851,3721842
2825,1318,1742631,3724668
2825,1319,1745691,3727494
2825,1320,1780721,3730320
2839,2634,5585653,7480560
2839,2633,5586097,7477720
2847,859,417913,2446432
2847,858,421177,2443584
2847,856,433681,2437888
2847,855,435073,2435040
2847,1133,1207029,3226784
2847,1134,1207373,3229632
2847,1138,1214009,3241024
2847,1139,1229871,3243872
2847,1140,1229881,3246720
2847,1144,1255341,3258112
2847,1308,1669455,3725184
2847,1307,1677609,3722336
2847,1302,1693313,3708096
2847,1309,1706949,3728032
2847,1310,1708601,3730880
2847,1626,2695371,4630848
2853,2535,5253073,7234890
2853,2539,5514553,7246306
2853,2552,5571463,7283408
2853,2553,5581841,7286262
2857,1364,1819783,3898312
2857,1365,1820353,3901170
2857,1363,1843873,3895454
2861,2290,4490337,6553980
2861,2268,4738663,6491016
2861,2606,5631465,7458372
2861,2683,5664799,7678746
2861,2765,5896665,7913430
2861,2774,5918769,7939188
2861,2776,5921169,7944912
2861,2775,5922089,7942050
2861,2779,5940319,7953498
2861,2785,5941289,7970670
2861,2786,5943957,7973532
2861,2784,5955051,7967808
2861,2781,6013229,7959222
2861,2791,6231121,7987842
2861,2792,6232741,7990704
2863,1266,1572213,3625824
2863,1267,1572309,3628688
2863,1269,1585455,3634416
2863,1270,1587417,3637280
2863,1265,1587553,3622960
2863,1268,1602545,3631552
2863,1283,1624819,3674512
2863,1285,1626629,3680240
2863,1286,1637345,3683104
2863,1287,1638721,3685968
2863,1280,1640899,3665920
2863,1288,1651785,3688832
2863,1284,1680545,3677376
2863,1405,1941523,4023920
2863,1410,1947531,4038240
2863,1408,1948873,4032512
2863,1409,1951417,4035376
2863,1398,1972977,4003872
2863,1509,2276765,4321776
2863,1510,2278551,4324640
2863,1508,2280329,4318912
2863,1507,2416545,4316048
2863,1578,2495517,4519392
2863,1579,2496357,4522256
2877,2746,6016953,7902988
2877,2747,6077239,7905866
2879,2483,5084751,7151040
2879,2482,5089935,7148160
2879,2491,5098201,7174080
2879,2490,5104339,7171200
2879,2494,5136919,7182720
2881,896,462545,2582272
2881,897,483825,2585154
2881,949,666081,2735018
2881,948,669593,2732136
2881,950,693729,2737900
2881,1838,3216281,5297116
2881,1841,3221077,5305762
2881,1848,3226279,5325936
2881,1849,3228809,5328818
2881,1855,3288841,5346110
2881,1853,3288845,5340346
2881,1854,3290625,5343228
2881,1856,3297629,5348992
2881,1943,3483891,5599726
2881,2012,3693581,5798584
2881,2013,3698479,5801466
2881,2003,3720193,5772646
2881,2004,3720961,5775528
2881,2017,3733753,5812994
2881,2019,3736341,5818758
2881,2015,3738969,5807230
2881,2009,3741113,5789938
2881,2014,3742153,5804348
2881,2018,3747413,5815876
2881,2010,3747919,5792820
2881,2016,3754875,5810112
2881,2030,3761385,5850460
2881,2028,3777609,5844696
2881,2054,3806803,5919628
2881,2055,3807051,5922510
2881,2029,3807771,5847578
2881,2032,3818401,5856224
2881,2049,3855513,5905218
2881,2063,3861861,5945566
2881,2048,3865243,5902336
2881,2061,3866983,5939802
2881,2062,3867231,5942684
2881,2076,3908009,5983032
2881,2077,3908441,5985914
2881,2078,3910671,5988796
2881,2079,3913353,5991678
2881,2075,3914273,5980150
2881,2073,3926321,5974386
2881,2082,3927061,6000324
2881,2080,3927713,5994560
2881,2074,3928071,5977268
2881,2070,3937153,5965740
2881,2071,3937205,5968622
2881,2069,3938535,5962858
2881,2057,4032989,5928274
2881,2058,4037599,5931156
2881,2025,4046401,5836050
2881,2026,4049059,5838932
2881,2064,4113417,5948448
2881,2072,4114169,5971504
2893,2745,5925919,7944030
2893,2746,6132103,7946924
2893,2875,6190573,8320250
2893,2876,6203765,8323144
2893,2877,6233383,8326038
2893,2885,6244377,8349190
2893,2888,6258231,8357872
2893,2887,6260753,8354978
2893,2884,6261353,8346296
2893,2883,6269835,8343402
2893,2889,6270117,8360766
2893,2886,6279553,8352084
2893,2891,6280513,8366554
2893,2890,6286689,8363660
2895,1367,1858625,3958832
2895,1386,1897829,4013856
2895,1393,1909371,4034128
2895,1395,1909455,4039920
2895,1394,1909543,4037024
2895,1392,1911117,4031232
2895,1387,1912721,4016752
2895,1388,1922983,4019648
2895,1384,1926537,4008064
2895,1390,1950103,4025440
2895,1403,1956417,4063088
2895,1405,1989441,4068880
2895,1427,1998601,4132592
2895,1429,2022981,4138384
2895,1382,2032805,4002272
2895,1425,2036649,4126800
2895,1451,2092441,4202096
2895,1454,2100373,4210784
2895,1460,2138281,4228160
2895,1459,2140417,4225264
2903,1210,1420303,3513840
2903,1209,1420821,3510936
2903,1650,2667029,4791600
2903,1631,2752621,4736424
2911,1426,2005593,4152512
2911,1451,2112809,4225312
2911,1450,2121957,4222400
2913,733,30057,2135962
2913,732,30103,2133048
2913,762,38553,2220468
2913,748,53501,2179672
2913,763,68719,2223382
2913,751,73085,2188414
2913,2135,4359873,6221390
2919,2316,4620389,6762720
2921,1367,1839531,3994374
2921,1368,1868719,3997296
2921,1984,3698669,5797248
2921,1985,3698953,5800170
2921,2002,3705439,5849844
2921,2003,3731301,5852766
2921,1983,3813043,5794326
2933,2831,6131295,8306154
2935,2614,5845473,7674704
2943,2807,6049851,8263808
2943,2818,6113953,8296192
2943,2820,6134637,8302080
2943,2819,6181949,8299136
2951,2299,4619733,6786648
2951,2300,4620297,6789600
2951,2301,4623393,6792552
2951,2298,4630813,6783696
2951,2302,4934009,6795504
2957,2515,5283657,7439370
2957,2758,5902077,8158164
2957,2766,5938425,8181828
2957,2765,5946043,8178870
2975,2860,6485761,8511360
2975,2944,6509669,8761344
2999,2039,3850039,6117000
2999,2038,3858969,6114000
2999,2040,3861153,6120000
3007,2673,5799485,8040384
3007,2674,5804729,8043392
3007,2713,6137535,8160704
3007,2714,6141823,8163712
3009,1504,2319297,4527040
3009,1505,2352583,4530050
3013,2598,5509077,7830372
3013,2596,5546169,7824344
3013,2597,5547697,7827358
3013,2599,5863677,7833386
3053,2569,5664559,7845726
3065,2085,4040037,6392610
3071,1216,1402611,3735552
3071,1217,1405053,3738624
3071,1226,1445369,3766272
3071,1821,3218769,5594112
3071,1823,3249869,5600256
3071,1819,3252341,5587968
3071,1830,3253381,5621760
3071,1829,3255231,5618688
3071,1826,3259113,5609472
3071,1828,3260013,5615616
3071,1827,3260741,5612544
3071,1825,3261549,5606400
3071,1831,3266561,5624832
3071,1937,3729643,5950464
3071,2005,4015253,6159360
3095,2537,5445891,7854552
3095,2536,5446801,7851456
3095,2539,5456313,7860744
3095,2550,5463749,7894800
3095,2545,5473473,7879320
3095,2538,5475153,7857648
3095,2549,5476713,7891704
3095,2540,5480323,7863840
3095,2548,5482039,7888608
3095,2553,5499585,7904088
3095,2554,5503063,7907184
3095,2547,5512219,7885512
3095,2551,5844471,7897896
3103,2711,6112243,8414944
3103,2712,6119461,8418048
3103,2714,6127021,8424256
3103,2745,6138679,8520480
3103,2713,6143945,8421152
3103,2741,6146993,8508064
3103,2743,6163865,8514272
3103,2701,6297749,8383904
3103,2722,6319773,8449088
3105,1722,2892177,5348532
3105,1723,2893639,5351638
3105,1711,2900083,5314366
3105,1717,2912577,5333002
3105,1718,2914145,5336108
3105,1720,2931739,5342320
3105,1719,2943831,5339214
3105,1716,2972653,5329896
3109,2371,5231493,7373810
3109,2369,5235073,7367590
3109,2370,5244189,7370700
3127,1180,1241997,3691040
3127,1808,3229941,5655424
3127,1809,3230077,5658552
3127,1818,3288893,5686704
3127,1817,3289441,5683576
3129,820,77521,2566600
3129,824,79193,2579120
3129,835,137673,2613550
3129,836,137709,2616680
3129,837,142469,2619810
3129,838,142537,2622940
3135,1205,1271249,3778880
3135,1206,1284393,3782016
3135,1208,1321061,3788288
3135,1207,1322073,3785152
3135,1209,1324617,3791424
3135,1210,1359689,3794560
3135,1211,1360441,3797696
3135,1212,1361853,3800832
3135,1260,1455859,3951360
3135,1262,1456797,3957632
3135,1261,1459749,3954496
3135,1270,1493253,3982720
3135,1264,1514277,3963904
3135,1271,1514673,3985856
3135,1274,1526113,3995264
3135,1276,1541751,4001536
3135,1294,1561385,4057984
3135,1293,1561473,4054848
3135,1292,1571401,4051712
3135,1291,1574211,4048576
3135,1290,1579363,4045440
3135,1406,1978363,4409216
3135,1681,2862559,5271616
3135,1705,2881269,5346880
3135,1706,2884177,5350016
3135,1704,2895785,5343744
3135,1714,2896085,5375104
3135,1701,2924973,5334336
3135,1712,2937373,5368832
3135,1713,2937379,5371968
3135,1711,2938081,5365696
3135,1709,2938505,5359424
3135,1710,2942457,5362560
3135,1715,2944865,5378240
3135,1716,2952297,5381376
3135,1702,2953363,5337472
3135,1703,2960753,5340608
3135,1680,2970313,5268480
3135,1678,2973817,5262208
3135,1677,2980363,5259072
3135,1719,2990899,5390784
3135,1721,2991619,5397056
3135,1720,2995793,5393920
3135,1771,3091401,5553856
3135,1773,3098669,5560128
3135,1772,3099665,5556992
3135,1774,3100473,5563264
3135,1783,3105403,5591488
3135,1784,3107613,5594624
3135,1782,3148505,5588352
3135,1824,3238603,5720064
3135,1822,3260165,5713792
3135,1823,3265385,5716928
3135,1828,3267613,5732608
3135,1825,3300209,5723200
3135,1871,3362113,5867456
3135,1872,3381283,5870592
3135,1873,3384301,5873728
3135,1870,3388617,5864320
3135,1877,3391961,5886272
3135,1875,3423457,5880000
3135,1876,3433573,5883136
3135,1889,3435389,5923904
3135,1874,3439665,5876864
3135,1879,3446481,5892544
3135,1878,3448709,5889408
3135,1832,3486379,5745152
3135,1833,3495961,5748288
3135,1885,3496745,5911360
3135,1884,3497253,5908224
3135,1920,3569705,6021120
3135,1934,3621309,6065024
3135,1935,3627569,6068160
3135,1883,3684345,5905088
3135,2935,7152653,9204160
3135,2934,7161643,9201024
3141,2761,6161889,8675062
3141,2772,6162933,8709624
3141,2762,6169125,8678204
3141,2763,6170895,8681346
3141,2764,6174405,8684488
3141,2759,6184371,8668778
3141,2770,6250425,8703340
3141,2769,6260997,8700198
3141,2771,6267537,8706482
3141,2777,6328209,8725334
3141,3039,7109355,9548538
3141,3040,7110733,9551680
3143,2704,6016843,8501376
3143,2705,6023479,8504520
3143,2708,6053873,8513952
3143,2707,6068949,8510808
3143,2711,6104533,8523384
3143,2709,6105771,8517096
3161,2153,4292631,6807786
3161,2160,4295345,6829920
3161,2159,4296773,6826758
3161,2147,4302223,6788814
3161,2152,4303361,6804624
3161,2155,4324805,6814110
3161,2149,4328369,6795138
3161,2157,4336593,6820434
3161,2156,4339731,6817272
3161,2163,4368965,6839406
3161,2148,4551237,6791976
3189,2742,6292077,8746980
3189,2743,6293871,8750170
3191,1431,2017063,4567752
3191,1432,2021503,4570944
3191,1433,2021719,4574136
3191,1434,2030105,4577328
3223,1958,3722697,6312592
3223,1957,3730317,6309368
3223,2007,3854479,6470568
3223,2005,3885277,6464120
3231,2534,5527671,8189888
3231,2540,5580493,8209280
3231,2535,5582539,8193120
3231,2537,5585489,8199584
3231,2539,5586213,8206048
3231,2538,5592583,8202816
3231,3009,7143111,9725088
3233,1551,2322915,5015934
3233,1558,2426885,5038572
3233,1559,2427859,5041806
3233,1562,2437013,5051508
3233,1560,2447253,5045040
3233,1555,2452077,5028870
3233,1563,2454019,5054742
3233,2217,4521665,7169778
3233,2219,4521799,7176246
3233,2218,4525293,7173012
3233,2216,4544803,7166544
3233,2220,4548569,7179480
3233,2221,4579833,7182714
3233,2233,4614121,7221522
3233,2224,4628997,7192416
3233,2232,4645685,7218288
3233,2234,4655779,7224756
3233,2236,4656097,7231224
3233,2235,4658533,7227990
3233,2237,4662345,7234458
3233,2253,4841317,7286202
3233,2252,5003825,7282968
3237,2889,6869773,9354582
3237,2883,7163385,9335154
3237,2882,7182721,9331916
3237,3125,7473033,10118750
3237,3126,7539979,10121988
3237,3127,7555639,10125226
3237,3046,7574415,9862948
3237,3178,7630409,10290364
3237,3177,7631369,10287126
3237,3179,7632333,10293602
3239,1020,625159,3304800
3239,1019,625233,3301560
3239,1022,657173,3311280
3239,1021,660309,3308040
3239,1052,694589,3408480
3239,1051,702559,3405240
3239,1050,715133,3402000
3239,1049,721095,3398760
3239,1045,759269,3385800
3239,1043,759637,3379320
3239,1042,763085,3376080
3239,1044,766677,3382560
3239,1068,777633,3460320
3239,1070,778925,3466800
3239,1067,779217,3457080
3239,1071,784237,3470040
3239,1056,785937,3421440
3239,1057,786717,3424680
3239,1066,787709,3453840
3239,1064,788789,3447360
3239,1055,788793,3418200
3239,1073,789065,3476520
3239,1074,791285,3479760
3239,1065,792821,3450600
3239,1072,799497,3473280
3239,1075,812737,3483000
3239,1077,820169,3489480
3239,1076,820701,3486240
3239,1084,827871,3512160
3239,1085,833201,3515400
3239,1091,850257,3534840
3239,1088,855729,3525120
3239,1086,857877,3518640
3239,1087,873597,3521880
3239,1096,882905,3551040
3239,1089,884683,3528360
3239,1093,907205,3541320
3239,1090,912837,3531600
3239,1092,914633,3538080
3239,2121,4210673,6872040
3239,2122,4236517,6875280
3239,2123,4242849,6878520
3239,2131,4292321,6904440
3239,2129,4293019,6897960
3239,2130,4293717,6901200
3239,2125,4294289,6885000
3239,2126,4299337,6888240
3239,2127,4302609,6891480
3239,2128,4328889,6894720
3239,2170,4431449,7030800
3241,1155,1084725,3744510
3241,1153,1093935,3738026
3241,1152,1109865,3734784
3241,1145,1158471,3712090
3241,2051,4017559,6649342
3241,2052,4028683,6652584
3241,2055,4031033,6662310
3241,2058,4031645,6672036
3241,2047,4036293,6636374
3241,2046,4036793,6633132
3241,2050,4037909,6646100
3241,2054,4046345,6659068
3241,2057,4046517,6668794
3241,2056,4046781,6665552
3241,2068,4048205,6704456
3241,2067,4049811,6701214
3241,2061,4055839,6681762
3241,2060,4056273,6678520
3241,2062,4059799,6685004
3241,2065,4084713,6694730
3241,2079,4112189,6740118
3241,2081,4131523,6746602
3241,2080,4132089,6743360
3241,2097,4149591,6798474
3241,2078,4175211,6736876
3241,2103,4177485,6817926
3241,2102,4183221,6814684
3241,2101,4191725,6811442
3241,2126,4254103,6892492
3241,2128,4254537,6898976
3241,2127,4257073,6895734
3241,2129,4257771,6902218
3241,2134,4306417,6918428
3241,2132,4339649,6911944
3241,2120,4543879,6873040
3245,2637,5941413,8559702
3245,2607,6019117,8462322
3245,2672,6042413,8673312
3245,2671,6044037,8670066
3245,2606,6044917,8459076
3245,2669,6066389,8663574
3245,2665,6067759,8650590
3245,2670,6068817,8666820
3245,2808,6468001,9114768
3245,2813,6485877,9130998
3245,2787,6499709,9046602
3245,2809,6500289,9118014
3245,2810,6500479,9121260
3245,2802,6710093,9095292
3247,1155,1123437,3751440
3247,1354,1778361,4397792
3257,2257,4707273,7353306
3257,2262,4736345,7369596
3257,2264,4737585,7376112
3257,2263,4738053,7372854
3257,2258,4740849,7356564
3257,2265,4757959,7379370
3289,1123,987837,3694670
3293,2706,6193297,8913564
3293,2680,6360831,8827920
3293,2772,6399909,9130968
3293,2775,6402573,9140850
3293,2770,6403925,9124380
3293,2773,6404353,9134262
3293,2777,6404773,9147438
3293,2774,6414853,9137556
3293,2771,6426679,9127674
3307,3306,8206745,10936248
3311,1179,1168461,3904848
3311,1180,1173809,3908160
3311,1178,1196069,3901536
3311,1181,1203171,3911472
3311,1177,1203193,3898224
3311,1185,1204629,3924720
3319,2879,6812937,9558280
3319,2881,6819463,9564920
3319,2883,6823025,9571560
3329,1409,1921557,4691970
3329,1410,1928345,4695300
3329,1890,3537809,6293700
3329,1876,3602225,6247080
3329,1891,3611285,6297030
3329,1884,3659829,6273720
3329,1885,3668323,6277050
3329,2181,4719577,7262730
3335,2372,5131349,7912992
3335,2386,5194881,7959696
3335,2527,5607909,8430072
3335,2529,5633443,8436744
3335,2528,5690189,8433408
3335,2537,5699161,8463432
3335,2536,5701173,8460096
3335,2542,5706029,8480112
3335,2540,5711631,8473440
3335,2543,5715199,8483448
3335,2541,5722461,8476776
3335,2539,5746633,8470104
3335,2538,5759009,8466768
3335,2564,5772005,8553504
3335,2622,5961461,8746992
3335,2621,5984157,8743656
3335,3254,8278813,10855344
3337,1124,949029,3751912
3337,1126,950557,3758588
3337,1127,951669,3761926
3337,1125,954225,3755250
3337,1123,956861,3748574
3337,1130,986637,3771940
3337,1131,988071,3775278
3337,1132,991001,3778616
3337,1134,994521,3785292
3337,1402,1915251,4679876
3337,1404,1919493,4686552
3337,1403,1926259,4683214
3337,1467,2044205,4896846
3337,1457,2066577,4863466
3337,1469,2066991,4903522
3337,1458,2069511,4866804
3337,1459,2069577,4870142
3337,1455,2073665,4856790
3337,1462,2082523,4880156
3337,1456,2100591,4860128
3337,1468,2106509,4900184
3337,1466,2118417,4893508
3337,1470,2144217,4906860
3337,1498,2229199,5000324
3337,1499,2232117,5003662
3337,1501,2255969,5010338
3337,1664,2755533,5554432
3337,1665,2760297,5557770
3337,1663,2792729,5551094
3337,1666,2802453,5561108
3337,1667,2809851,5564446
3337,1866,3419293,6228708
3337,1867,3425359,6232046
3337,1865,3426411,6225370
3337,1870,3464909,6242060
3337,1853,3465403,6185314
3337,1869,3466453,6238722
3337,1875,3472957,6258750
3337,1883,3475657,6285454
3337,1887,3475797,6298806
3337,1884,3476021,6288792
3337,1880,3477765,6275440
3337,1891,3484593,6312158
3337,1872,3489771,6248736
3337,1874,3503415,6255412
3337,1879,3503549,6272102
3337,1876,3505725,6262088
3337,1886,3520049,6295468
3337,1885,3524465,6292130
3337,1900,3556853,6342200
3337,1899,3559339,6338862
3337,1928,3635953,6435664
3337,1929,3644577,6439002
3337,1854,3673557,6188652
3337,1882,3677293,6282116
3337,1877,3682311,6265426
3337,1927,3739917,6432326
3337,1926,3748303,6428988
3349,2943,6991145,9859050
3349,2954,7079969,9895900
3349,2953,7080237,9892550
3349,2949,7098929,9879150
3349,2963,7104521,9926050
3349,2950,7105233,9882500
3349,2962,7114491,9922700
3349,2941,7412945,9852350
3349,3293,8736185,11031550
3359,1278,1474977,4294080
3373,2614,5968819,8819636
3373,2615,5969129,8823010
3373,2618,5996649,8833132
3373,2617,6001973,8829758
3373,2616,6025201,8826384
3373,2620,6090005,8839880
3373,2609,6270153,8802766
3373,2610,6292251,8806140
3385,1262,1385143,4273132
3385,1272,1455493,4306992
3385,1305,1538031,4418730
3385,1374,1767043,4652364
3385,1376,1773733,4659136
3385,1375,1776629,4655750
3385,1368,1781451,4632048
3385,1369,1782693,4635434
3385,1373,1787261,4648978
3385,1386,1857449,4692996
3385,2078,4207317,7036108
3391,3346,9012937,11349632
3393,1009,487329,3424546
3393,994,496117,3373636
3393,1004,510065,3407576
3393,1005,524743,3410970
3393,1013,599217,3438122
3393,1014,600163,3441516
3393,1012,623623,3434728
3393,2183,4573769,7409102
3393,2184,4581013,7412496
3393,2185,4629041,7415890
3393,2394,5228793,8125236
3393,2393,5281921,8121842
3413,2560,5760573,8739840
3413,2561,5763499,8743254
3413,2575,5792031,8791050
3413,2563,5793139,8750082
3413,2574,5794693,8787636
3413,2564,5796463,8753496
3413,2576,5808261,8794464
3413,2565,5809279,8756910
3413,2566,5827953,8760324
3413,2573,5846549,8784222
3413,2569,5852789,8770566
3413,2567,5853943,8763738
3413,2570,5860209,8773980
3413,2577,5864023,8797878
3413,2568,5867341,8767152
3413,2580,5934793,8808120
3413,2581,5936069,8811534
3413,2616,6007497,8931024
3413,2642,6070893,9019788
3413,2637,6074609,9002718
3413,2643,6128701,9023202
3413,2673,6189321,9125622
3413,2668,6205053,9108552
3413,2669,6211177,9111966
3413,2679,6224229,9146106
3413,2681,6235413,9152934
3413,2683,6274553,9159762
3413,2780,6568977,9490920
3413,3301,8364559,11269614
3413,3300,8376499,11266200
3413,3302,8398353,11273028
3413,3304,8420295,11279856
3413,3204,8528129,10938456
3415,1644,2710423,5615904
3415,1645,2711713,5619320
3415,1647,2714641,5626152
3415,1646,2714705,5622736
3415,1648,2747489,5629568
3415,1643,2748241,5612488
3415,1655,2757499,5653480
3415,1687,2842293,5762792
3415,1686,2848925,5759376
3415,1685,2853401,5755960
3415,1688,2859365,5766208
3415,1649,2905677,5632984
3415,1749,3055677,5974584
3415,1750,3058613,5978000
3415,1748,3087689,5971168
3415,1919,3621089,6555304
3415,1923,3860825,6568968
3415,2760,6437053,9428160
3415,2761,6440983,9431576
3415,2763,6456463,9438408
3415,2756,6467211,9414496
3415,2757,6467983,9417912
3415,2762,6468615,9434992
3415,2792,6908849,9537472
3415,2869,7125061,9800504
3415,2868,7129841,9797088
3415,2873,7133973,9814168
3415,2874,7141377,9817584
3415,2963,7154331,10121608
3415,2952,7158269,10084032
3415,3363,8620543,11488008
3415,3258,8722671,11129328
3415,3362,9058657,11484592
3429,3360,8622361,11524800
3429,3359,8622521,11521370
3429,3402,8651941,11668860
3429,3403,8680853,11672290
3429,3406,8702045,11682580
3429,3401,8733097,11665430
3429,3400,8755579,11662000
3429,3404,8768593,11675720
3429,3405,8840091,11679150
3431,1608,2542335,5518656
3431,1674,3021943,5745168
3431,1751,3086119,6009432
3431,1759,3093495,6036888
3431,1769,3172441,6071208
3431,1755,3194257,6023160
3431,1809,3195533,6208488
3431,1754,3233013,6019728
3431,1824,3283551,6259968
3431,1830,3333393,6280560
3431,1825,3353953,6263400
3431,1821,3564171,6249672
3433,1076,693393,3694984
3433,1072,703191,3681248
3433,1073,706889,3684682
3433,1077,713645,3698418
3433,1078,718469,3701852
3433,1088,786249,3736192
3433,1112,823989,3818608
3433,1109,828201,3808306
3433,1118,828533,3839212
3433,1110,829433,3811740
3433,1097,829843,3767098
3433,1098,832209,3770532
3433,1111,834269,3815174
3433,1099,850325,3773966
3433,1117,854273,3835778
3433,1113,868233,3822042
3433,1114,871649,3825476
3433,1119,872309,3842646
3433,1121,917013,3849514
3433,1122,917577,3852948
3433,1116,918441,3832344
3433,2303,5044797,7908502
3433,2342,5103665,8042428
3433,2302,5327959,7905068
3439,1431,1955293,4922640
3439,1437,1982451,4943280
3439,1436,1988613,4939840
3439,1435,1996545,4936400
3439,1432,2089445,4926080
3439,1434,2108465,4932960
3439,1439,2127979,4950160
3439,1438,2136513,4946720
3439,2004,3910017,6893760
3439,2006,3918453,6900640
3439,2005,3927319,6897200
3439,2019,3958917,6945360
3439,2017,3974253,6938480
3439,2020,3980323,6948800
3439,2013,4030085,6924720
3439,2014,4048611,6928160
3439,2011,4096205,6917840
3439,2012,4126121,6921280
3439,2052,4151433,7058880
3445,3046,7545223,10496516
3445,3047,7563337,10499962
3445,3045,7566665,10493070
3445,3049,7579963,10506854
3445,3048,7583931,10503408
3445,3054,7615273,10524084
3445,3093,7661143,10658478
3445,3097,7668891,10672262
3445,3098,7669677,10675708
3445,3109,7732833,10713614
3445,3110,7732869,10717060
3445,3111,7744497,10720506
3447,1911,3681233,6589128
3449,1567,2441503,5406150
3449,1588,2496943,5478600
3449,1602,2503797,5526900
3449,1587,2507573,5475150
3449,1589,2509001,5482050
3449,1601,2528349,5523450
3449,1598,2529973,5513100
3449,1599,2539293,5516550
3449,1607,2560603,5544150
3449,1600,2561631,5520000
3449,1612,2563057,5561400
3449,1603,2569361,5530350
3449,1611,2592951,5557950
3449,1610,2596791,5554500
3449,1608,2602311,5547600
3449,1605,2694619,5537250
3449,2041,4055179,7041450
3449,2040,4061381,7038000
3449,2067,4128005,7131150
3449,2065,4153121,7124250
3449,2069,4210785,7138050
3449,2039,4310821,7034550
3453,2977,7321657,10282558
3453,2981,7334405,10296374
3453,2979,7358353,10289466
3453,2978,7387617,10286012
3453,2980,7409415,10292920
3457,1313,1589623,4540354
3479,1681,2817093,5849880
3479,1684,2827025,5860320
3479,1682,2832979,5853360
3479,1680,2856849,5846400
3479,1686,2857999,5867280
3479,1781,3180837,6197880
3479,1780,3201559,6194400
3479,2813,6708041,9789240
3479,2814,6708643,9792720
3479,2817,6723401,9803160
3479,2816,6727237,9799680
3493,2626,6126771,9175244
3493,3040,7833789,10621760
3493,3036,8025037,10607784
3493,3035,8027877,10604290
3519,2196,4642809,7729920
3519,2198,4646599,7736960
3519,2197,4651569,7733440
3521,1233,1258575,4342626
3521,1237,1320933,4356714
3521,1322,1528279,4656084
3521,1323,1529413,4659606
3521,1325,1544503,4666650
3521,1338,1610895,4712436
3521,1343,1616677,4730046
3521,1337,1634381,4708914
3521,1351,1642141,4758222
3521,1352,1644651,4761744
3521,1581,2475309,5568282
3521,1616,2556241,5691552
3521,1620,2566441,5705640
3521,1622,2571657,5712684
3521,1621,2574333,5709162
3521,1584,2574379,5578848
3521,1583,2574841,5575326
3521,1617,2579169,5695074
3521,1629,2598141,5737338
3521,1624,2615709,5719728
3521,1856,3408573,6536832
3521,1905,3599863,6709410
3521,2089,4230393,7357458
3521,2094,4232317,7375068
3521,2091,4234431,7364502
3521,2090,4234673,7360980
3521,2092,4234753,7368024
3521,2093,4235655,7371546
3521,2088,4237925,7353936
3521,2086,4244179,7346892
3521,2097,4256811,7385634
3521,2087,4257657,7350414
3521,2096,4258601,7382112
3521,2085,4305053,7343370
3521,2125,4345813,7484250
3525,3248,8345981,11452448
3525,3249,8349153,11455974
3527,1588,2488925,5602464
3527,1587,2489293,5598936
3527,1586,2495381,5595408
3527,1585,2507421,5591880
3527,1644,2659589,5800032
3527,1643,2667975,5796504
3527,1647,2681539,5810616
3527,1882,3546945,6639696
3527,1881,3559989,6636168
3527,1907,3577695,6727896
3527,1958,3837403,6907824
3535,1077,670399,3808272
3535,1078,674409,3811808
3535,1095,793985,3871920
3535,1323,1596471,4678128
3535,2268,4921497,8019648
3535,2303,5033779,8143408
3535,2304,5050081,8146944
3535,2319,5091897,8199984
3535,2320,5139749,8203520
3573,3315,8633053,11847810
3573,3369,9353833,12040806
3573,3368,9357113,12037232
3575,1394,1787031,4984944
3575,1408,1827133,5035008
3575,1420,1862705,5077920
3575,1619,2600913,5789544
3575,1622,2614305,5800272
3575,1618,2627621,5785968
3575,1704,2902483,6093504
3575,1706,2910379,6100656
3575,1705,2912899,6097080
3575,1812,3241993,6479712
3575,1813,3250689,6483288
3575,1811,3263715,6476136
3575,1810,3280663,6472560
3575,1815,3358977,6490440
3575,1814,3359013,6486864
3575,1816,3378057,6494016
3575,2955,7415045,10567080
3583,1513,2312779,5422592
3583,1922,3665745,6888448
3583,1923,3682783,6892032
3583,1924,3695097,6895616
3583,1921,3711477,6884864
3583,1931,3770937,6920704
3597,3205,8516563,11531590
3607,1216,1126903,4387328
3607,1220,1129081,4401760
3607,1222,1134689,4408976
3607,1217,1137249,4390936
3607,1215,1141913,4383720
3607,1221,1150417,4405368
3607,1241,1203379,4477528
3607,1242,1204205,4481136
3607,1243,1204879,4484744
3607,1234,1224389,4452272
3607,1245,1246565,4491960
3607,1246,1248259,4495568
3607,1257,1259211,4535256
3607,1258,1260231,4538864
3607,1254,1260961,4524432
3607,1255,1270305,4528040
3607,1247,1276911,4499176
3607,1253,1281217,4520824
3607,1256,1285153,4531648
3607,1281,1323881,4621848
3607,1251,1327039,4513608
3607,1278,1331421,4611024
3607,1283,1336635,4629064
3607,1280,1340813,4618240
3607,1277,1356921,4607416
3607,1276,1357445,4603808
3607,1282,1369049,4625456
3607,1279,1369791,4614632
3607,2310,5033169,8334480
3607,2312,5040403,8341696
3607,2308,5047431,8327264
3607,2313,5049089,8345304
3607,2309,5051377,8330872
3607,3045,7684709,10986360
3607,3043,7688553,10979144
3607,3046,7721533,10989968
3607,3044,7733705,10982752
3607,3041,7766673,10971928
3607,3042,7767473,10975536
3621,2894,7230975,10482068
3621,2895,7230979,10485690
3621,2913,7257057,10550886
3621,2916,7262623,10561752
3621,2912,7266097,10547264
3621,2911,7269185,10543642
3621,2918,7276113,10568996
3621,2915,7286141,10558130
3621,2914,7289173,10554508
3621,2917,7309393,10565374
3623,3622,9812169,13126128
3631,1002,318463,3639264
3631,2726,6897101,9900832
3631,2727,6915001,9904464
3631,2793,7059817,10144176
3631,2794,7077713,10147808
3631,2897,7292853,10521904
3639,1310,1434849,4768400
3639,1395,1717311,5077800
3639,1415,1828731,5150600
3639,1413,1834929,5143320
3639,1421,1844271,5172440
3639,1420,1874419,5168800
3639,1417,1915653,5157880
3639,1418,1919833,5161520
3639,1419,1948317,5165160
3639,1416,1969215,5154240
3639,2146,4512741,7811440
3639,2149,4517373,7822360
3639,2150,4519857,7826000
3639,2141,4520751,7793240
3639,2152,4561777,7833280
3639,2151,4565009,7829640
3639,2148,4573939,7818720
3639,2161,4582131,7866040
3639,2153,4589801,7836920
3639,2154,4633575,7840560
3639,2143,4778985,7800520
3639,2142,4832595,7796880
3639,2311,4998405,8412040
3639,2313,5107017,8419320
3639,3398,9006739,12368720
3639,3397,9050355,12365080
3641,2713,6541373,9880746
3647,3042,7765325,11097216
3647,3028,7790949,11046144
3647,3029,7793225,11049792
3647,3062,8192151,11170176
3647,3063,8227963,11173824
3647,3032,8362483,11060736
3647,3273,8566455,11939904
3647,3279,8575501,11961792
3647,3278,8598619,11958144
3647,3271,8611049,11932608
3647,3269,8617845,11925312
3647,3268,8622855,11921664
3647,3272,8716099,11936256
3647,3277,8721231,11954496
3647,3302,8723817,12045696
3647,3251,8903889,11859648
3653,3581,9688339,13084974
3655,1843,3477905,6738008
3663,1646,2676417,6030944
3663,2268,4942793,8309952
3677,2791,6893405,10265298
3677,2815,6939621,10353570
3677,2816,6944849,10357248
3677,2814,6947529,10349892
3677,2813,6989533,10346214
3677,2812,7042057,10342536
3679,1724,2949329,6344320
3679,1726,2949909,6351680
3679,1723,2960415,6340640
3679,1725,3013365,6348000
3679,1779,3117569,6546720
3679,1777,3135673,6539360
3679,1774,3155549,6528320
3679,1775,3157545,6532000
3679,1778,3161211,6543040
3679,1781,3169593,6554080
3679,1776,3179757,6535680
3679,1782,3182571,6557760
3679,1850,3475917,6808000
3681,1502,2169073,5530364
3681,1516,2170125,5581912
3681,1509,2178531,5556138
3681,1508,2182293,5552456
3681,1507,2182815,5548774
3681,1510,2185723,5559820
3681,2145,4497329,7897890
3681,2146,4507095,7901572
3681,2147,4509051,7905254
3681,2168,4528773,7982576
3681,2169,4536771,7986258
3681,2163,4552869,7964166
3681,2170,4584993,7989940
3681,2171,4587217,7993622
3681,2148,4598743,7908936
3681,2167,4600505,7978894
3681,2161,4862041,7956802
3687,3274,8629641,12074512
3687,3273,8630429,12070824
3687,3272,8647243,12067136
3687,3276,8655361,12081888
3687,3275,8657419,12078200
3687,3278,8797301,12089264
3687,3374,8974183,12443312
3687,3379,9033869,12461752
3687,3513,9560081,12955944
3687,3514,9569833,12959632
3693,2791,6927133,10309954
3693,2789,6932263,10302566
3693,2925,7356471,10804950
3693,2926,7383725,10808644
3693,2927,7386749,10812338
3693,3076,7973985,11362744
3703,1582,2435853,5859728
3703,1583,2438253,5863432
3725,3132,8249933,11669832
3725,3133,8765263,11673558
3725,3134,8767417,11677284
3727,1404,1765569,5234112
3727,1409,1788795,5252752
3727,1410,1792661,5256480
3737,1052,434931,3932376
3743,1008,268999,3773952
3743,1003,295977,3755232
3743,1004,296613,3758976
3743,1066,484413,3991104
3743,1074,544281,4021056
3743,1107,628773,4144608
3743,1106,636135,4140864
3743,1104,637329,4133376
3743,1100,655731,4118400
3743,1101,655793,4122144
3743,1103,656385,4129632
3743,1102,662921,4125888
3743,1132,671811,4238208
3743,1121,675401,4197024
3743,1130,685889,4230720
3743,1128,702413,4223232
3743,1138,712597,4260672
3743,1141,718633,4271904
3743,1142,719801,4275648
3743,1135,722745,4249440
3743,1143,729079,4279392
3743,1133,749757,4241952
3743,1134,756965,4245696
3743,1136,758705,4253184
3743,1137,793721,4256928
3743,1667,2731801,6241248
3743,1680,2829315,6289920
3745,1940,3750163,7267240
3745,1941,3787893,7270986
3745,1939,3930297,7263494
3745,2630,6387439,9851980
3757,3487,9528281,13104146
3757,3477,9537681,13066566
3757,3478,9558093,13070324
3757,3516,9653345,13213128
3757,3515,9658521,13209370
3757,3483,9666741,13089114
3757,3482,9676311,13085356
3759,2747,6749997,10328720
3769,2647,6385325,9979190
3769,2650,6387929,9990500
3769,2648,6393103,9982960
3769,2649,6400025,9986730
3769,2653,6460353,10001810
3769,2652,6464193,9998040
3769,2651,6493201,9994270
3769,2792,6961279,10525840
3777,2724,6720729,10291272
3783,2475,5753729,9365400
3783,2476,6024253,9369184
3789,3568,9941895,13522720
3789,3597,9946929,13632630
3789,3596,9949229,13628840
3789,3594,9965161,13621260
3789,3591,9993943,13609890
3789,3593,9997377,13617470
3799,1025,262469,3895000
3799,1027,293213,3902600
3799,1030,325809,3914000
3799,1122,624413,4263600
3799,1123,638849,4267400
3799,1255,1176849,4769000
3799,1256,1179477,4772800
3799,1257,1209619,4776600
3799,1259,1210049,4784200
3799,1258,1210533,4780400
3799,2172,4685433,8253600
3799,2173,4724973,8257400
3799,2582,6157543,9811600
3799,2522,6304109,9583600
3799,2759,6855253,10484200
3799,2760,6857013,10488000
3799,2758,6858337,10480400
3799,2755,6868017,10469000
3799,2754,6874421,10465200
3799,2752,6901311,10457600
3799,2784,6946281,10579200
3799,2785,6948933,10583000
3799,2873,7284969,10917400
3799,2874,7316133,10921200
3799,2875,7329397,10925000
3799,2761,7332957,10491800
3799,2876,7342049,10928800
3799,2770,7451253,10526000
3801,1278,1220811,4858956
3801,1282,1224277,4874164
3801,1315,1346115,4999630
3801,1314,1346353,4995828
3801,1316,1355217,5003432
3801,1317,1410989,5007234
3801,1326,1432699,5041452
3801,1330,1440319,5056660
3801,1328,1448165,5049056
3801,1352,1524825,5140304
3801,1361,1524993,5174522
3801,1353,1525301,5144106
3801,1358,1529789,5163116
3801,1355,1531519,5151710
3801,1327,1536213,5045254
3801,1363,1544497,5182126
3801,1351,1546903,5136502
3801,1360,1553949,5170720
3801,1362,1553969,5178324
3801,1359,1553973,5166918
3801,1349,1606303,5128898
3801,1562,2290911,5938724
3801,1564,2307417,5946328
3801,1563,2309133,5942526
3801,1558,2309973,5923516
3801,1560,2311579,5931120
3801,1557,2316993,5919714
3801,1561,2317893,5934922
3801,1559,2323677,5927318
3801,2160,4610257,8212320
3801,2162,4615781,8219924
3801,2161,4617801,8216122
3801,2154,4619479,8189508
3801,2153,4620433,8185706
3801,2151,4625285,8178102
3801,2163,4629417,8223726
3801,2152,4635693,8181904
3801,2159,4641897,8208518
3801,2155,4644425,8193310
3801,2168,4682137,8242736
3801,2169,4682373,8246538
3801,2174,4710125,8265548
3801,2179,5035601,8284558
3801,2372,5398921,9018344
3801,2368,5413843,9003136
3801,2369,5418261,9006938
3801,2373,5438849,9022146
3801,2377,5492239,9037354
3801,2380,5494053,9048760
3801,2379,5498631,9044958
3801,2404,5525653,9140008
3801,2403,5534235,9136206
3801,2402,5577951,9132404
3801,2433,5588151,9250266
3801,2415,5593273,9181830
3801,2418,5598411,9193236
3801,2431,5598713,9242662
3801,2432,5599077,9246464
3801,2438,5628373,9269276
3801,2421,5628531,9204642
3801,2437,5647305,9265474
3801,2441,5649373,9280682
3801,2422,5662903,9208444
3801,2423,5671073,9212246
3801,2444,5685217,9292088
3801,2443,5689521,9288286
3801,2446,5733357,9299692
3801,2370,5734321,9010740
3801,2374,5749925,9025948
3801,2459,5761063,9349118
3801,2460,5780553,9352920
3801,2494,5839155,9482188
3801,2486,5853945,9451772
3801,2485,5862473,9447970
3801,2487,5876289,9455574
3801,2495,5891681,9485990
3801,2496,5954649,9489792
3801,2425,6007363,9219850
3801,2424,6017037,9216048
3801,2484,6023345,9444168
3801,2450,6034371,9314900
3801,2492,6148169,9474584
3801,2493,6155585,9478386
3801,2498,6199519,9497396
3805,2953,7533837,11239118
3805,2955,7562757,11246730
3805,2952,7565949,11235312
3805,2967,7591731,11292402
3805,2956,7592599,11250536
3805,2968,7594251,11296208
3805,2957,7601775,11254342
3805,2959,7601801,11261954
3805,2958,7602297,11258148
3805,2969,7611089,11300014
3805,2971,7643323,11307626
3805,2970,7651301,11303820
3807,3000,7762805,11424000
3807,3001,7780551,11427808
3809,1064,464539,4053840
3809,2306,5142735,8785860
3809,2307,5143361,8789670
3809,2323,5163421,8850630
3809,2324,5163919,8854440
3809,2328,5171529,8869680
3809,2325,5172749,8858250
3809,2326,5173137,8862060
3809,2329,5177511,8873490
3809,2330,5180565,8877300
3809,2345,5270119,8934450
3809,2672,6489129,10180320
3809,2676,6500253,10195560
3809,2673,6515281,10184130
3809,2675,6530761,10191750
3809,2674,6536277,10187940
3809,2678,6538561,10203180
3809,2679,6541149,10206990
3809,2677,6548853,10199370
3809,2665,6801711,10153650
3809,2664,6829879,10149840
3831,1875,3493993,7185000
3831,1876,3498825,7188832
3831,1877,3527993,7192664
3831,1879,3585951,7200328
3831,1927,3695503,7384264
3833,967,25303,3707478
3833,971,31851,3722814
3833,968,31977,3711312
3833,969,32345,3715146
3833,970,39015,3718980
3833,981,111641,3761154
3833,1245,1057999,4773330
3833,1354,1455753,5191236
3833,1342,1468273,5145228
3833,2133,4453769,8177922
3833,2184,4689591,8373456
3833,2194,4691277,8411796
3833,2192,4694115,8404128
3833,2193,4696113,8407962
3833,2196,4714385,8419464
3833,2195,4727853,8415630
3833,2422,5604015,9285948
3833,2421,5604103,9282114
3833,2427,5631213,9305118
3833,2425,5632353,9297450
3833,2424,5632363,9293616
3833,2423,5632401,9289782
3833,2426,5632777,9301284
3833,2428,5653325,9308952
3833,2409,5663031,9236106
3833,2437,5749155,9343458
3833,2408,5841013,9232272
3833,2601,6326959,9972234
3833,2673,6593577,10248282
3837,2973,7792243,11410374
3837,2975,7812729,11418050
3837,2951,8126265,11325938
3837,2952,8134519,11329776
3837,3124,8278605,11989912
3837,3123,8284377,11986074
3837,3121,8291419,11978398
3837,3122,8298951,11982236
3837,3117,8302425,11963046
3837,3118,8320759,11966884
3837,3119,8331799,11970722
3837,3127,8378181,12001426
3837,3126,8385979,11997588
3837,3190,8545481,12243220
3837,3189,8553569,12239382
3837,3192,8594653,12250896
3837,3191,8603013,12247058
3837,3193,8607621,12254734
3837,3194,8892951,12258572
3863,2017,3998775,7793688
3873,2880,7354801,11157120
3873,2886,7417321,11180364
3873,2898,7421563,11226852
3873,2887,7426173,11184238
3873,2902,7426215,11242348
3873,2900,7440171,11234600
3873,2899,7442165,11230726
3879,1213,998737,4706440
3879,1236,1020337,4795680
3879,1246,1026675,4834480
3879,1234,1031263,4787920
3879,1251,1100189,4853880
3879,1245,1111193,4830600
3879,1256,1112443,4873280
3879,1249,1127625,4846120
3879,1250,1128417,4850000
3879,1253,1130825,4861640
3879,1252,1136037,4857760
3879,1378,1507017,5346640
3879,1375,1538059,5335000
3879,1373,1548849,5327240
3879,1376,1564617,5338880
3879,1374,1577757,5331120
3879,2670,6709321,10359600
3879,2718,6730399,10545840
3879,2719,6737917,10549720
3879,2720,6743973,10553600
3879,2713,6769389,10526440
3879,2671,6938781,10363480
3885,3055,8038693,11871730
3885,3058,8039693,11883388
3885,3057,8043643,11879502
3885,3056,8048709,11875616
3885,3061,8062611,11895046
3885,3060,8084719,11891160
3885,3062,8114683,11898932
3885,3064,8123921,11906704
3885,3063,8126863,11902818
3885,3059,8271139,11887274
3885,3403,9458863,13224058
3885,3401,9471001,13216286
3885,3402,9471403,13220172
3885,3432,9557391,13336752
3885,3433,9568903,13340638
3885,3436,9570029,13352296
3885,3437,9593097,13356182
3885,3438,9597577,13360068
3885,3441,9606241,13371726
3885,3439,9608021,13363954
3885,3440,9609673,13367840
3885,3452,9682371,13414472
3885,3453,9687553,13418358
3885,3434,9742481,13344524
3895,1206,924789,4698576
3895,1285,1247757,5006360
3895,1282,1254473,4994672
3895,1283,1262953,4998568
3895,1284,1264431,5002464
3895,1390,1663737,5415440
3895,1397,1664141,5442712
3895,1394,1664697,5431024
3895,1393,1677015,5427128
3895,1395,1678579,5434920
3895,1396,1682659,5438816
3895,1391,1683629,5419336
3895,1441,1828257,5614136
3895,2483,5916117,9673768
3895,2484,5919817,9677664
3895,2488,5931233,9693248
3895,2489,5931809,9697144
3895,2490,5932971,9701040
3895,2493,5946189,9712728
3895,2500,5948549,9740000
3895,2524,5951719,9833504
3895,2522,5954273,9825712
3895,2501,5959533,9743896
3895,2486,5960023,9685456
3895,2485,5960441,9681560
3895,2523,5985763,9829608
3895,2487,6010455,9689352
3895,2494,6135005,9716624
3895,2602,6335949,10137392
3895,2587,6345713,10078952
3895,2586,6347353,10075056
3895,2590,6349737,10090640
3895,2589,6364017,10086744
3895,2588,6364357,10082848
3895,2610,6364737,10168560
3895,2609,6365865,10164664
3895,2533,6375915,9868568
3895,2612,6387125,10176352
3895,2611,6397459,10172456
3895,2608,6399105,10160768
3895,2604,6447823,10145184
3895,2603,6821299,10141288
3905,2296,5113057,8968176
3919,1428,1744109,5597760
3919,2531,6022161,9921520
3919,2532,6118589,9925440
3919,2752,6883333,10787840
3919,2741,6905503,10744720
3919,2748,6913453,10772160
3919,2749,6925071,10776080
3919,2754,6943579,10795680
3919,2751,6953293,10783920
3919,2750,6961201,10780000
3919,2758,7006713,10811360
3919,2753,7032309,10791760
3919,2755,7317675,10799600
3925,3229,8830793,12677054
3925,3235,8928573,12700610
3925,3236,8959633,12704536
3925,3238,9058433,12712388
3925,3227,9281789,12669202
3943,1972,3843259,7777568
3959,2817,7185113,11155320
3959,2816,7229599,11151360
3959,2840,7298271,11246400
3959,2835,7300191,11226600
3959,2836,7300819,11230560
3959,2833,7364105,11218680
3959,2834,7727229,11222640
3969,1056,232971,4192320
3969,1057,233669,4196290
3969,1079,401133,4283630
3969,1080,418797,4287600
3983,2977,7912201,11860368
3983,3020,8183513,12031680
3989,3176,8742937,12672240
3989,3234,8977385,12903660
3989,3181,9280003,12692190
3989,3182,9282297,12696180
3991,2929,7756519,11692568
3991,2936,7758555,11720512
3991,2934,7761209,11712528
3991,2937,7765519,11724504
3991,2931,7776831,11700552
3991,2932,7778137,11704544
3991,2935,7795473,11716520
3991,2933,7813611,11708536
3991,3335,9278899,13313320
3991,3336,9281517,13317312
3991,3337,9287557,13321304
3991,3338,9287937,13325296
3991,3423,9641973,13664616
3991,3427,9647923,13680584
3991,3424,9652949,13668608
3991,3425,9653983,13672600
3991,3431,9656617,13696552
3991,3426,9664977,13676592
3991,3428,9672859,13684576
3991,3436,9678029,13716512
3991,3429,9681597,13688568
3991,3430,9686623,13692560
3991,3328,9881637,13285376
3993,1858,3398257,7420852
3993,1969,3851517,7864186
3993,1970,3931459,7868180
3993,1974,3965013,7884156
3993,2161,4571757,8631034
3993,2162,4572009,8635028
3993,2158,4582089,8619052
3993,2165,4683873,8647010
3993,2164,4683965,8643016
3999,1306,1259241,5224000
4025,1041,128617,4191066
4025,1224,890137,4927824
4025,1271,1047283,5117046
4025,1270,1061225,5113020
4025,1269,1070729,5108994
4025,1276,1082113,5137176
4025,1284,1087813,5169384
4025,1285,1095619,5173410
4025,1286,1103133,5177436
4025,1292,1135733,5201592
4025,1306,1152531,5257956
4025,1293,1169405,5205618
4025,1770,3075079,7126020
4025,1771,3077457,7130046
4025,2242,4946779,9026292
4025,2237,5227663,9006162
4025,2238,5232273,9010188
4025,2235,5354829,8998110
4025,2582,6325241,10395132
4025,2663,6618005,10721238
4025,2664,6648921,10725264
4025,2672,6722959,10757472
4025,2725,6909897,10970850
4025,2723,6919275,10962798
4025,2751,6933913,11075526
4025,2745,6940793,11051370
4025,2750,6979801,11071500
4025,2764,6993609,11127864
4025,2765,7006145,11131890
4025,2754,7006905,11087604
4025,2755,7008009,11091630
4025,2761,7030721,11115786
4025,2775,7033279,11172150
4025,2777,7049677,11180202
4025,2776,7049683,11176176
4025,2772,7051461,11160072
4025,2773,7053929,11164098
4025,2763,7055193,11123838
4025,2739,7078349,11027214
4025,2762,7078745,11119812
4025,2744,7150769,11047344
4025,2760,7455403,11111760
4031,2568,6330051,10354176
4033,1154,517131,4655236
4033,1155,521441,4659270
4033,1130,531193,4558420
4033,1145,536369,4618930
4033,1161,615453,4683474
4033,1158,649533,4671372
4033,1159,652843,4675406
4033,1605,2556793,6474570
4033,2331,5283957,9403254
4033,2324,5343153,9375016
4033,2340,5379537,9439560
4033,2329,5388825,9395186
4033,2347,5391833,9467798
4033,2343,5400113,9451662
4033,2333,5413469,9411322
4033,2346,5473445,9463764
4033,2328,5535513,9391152
4033,2339,5638677,9435526
4037,3180,8722497,12840840
4037,3251,9034543,13127538
4037,3249,9036345,13119462
4037,3250,9038511,13123500
4037,3248,9039943,13115424
4037,3289,9140345,13280982
4037,3291,9141351,13289058
4037,3282,9164923,13252716
4037,3278,9174013,13236564
4037,3287,9199957,13272906
4039,1899,3525799,7671960
4039,1902,3643639,7684080
4039,1934,3699319,7813360
4039,1935,3718819,7817400
4039,1949,3833437,7873960
4041,2316,5265569,9361272
4041,2313,5327931,9349146
4041,2314,5379429,9353188
4047,1056,243809,4274688
4047,1057,246439,4278736
4047,1063,246961,4303024
4047,1058,247473,4282784
4047,1055,254165,4270640
4047,1092,356181,4420416
4047,1091,357537,4416368
4047,1093,360351,4424464
4047,3129,8553233,12666192
4047,3153,8706401,12763344
4047,3152,8711811,12759296
4071,3138,8602461,12777936
4071,3168,8762623,12900096
4071,3166,8777073,12891952
4071,3164,8796651,12883808
4071,3165,8796905,12887880
4071,3177,8817213,12936744
4071,3183,8860755,12961176
4071,3240,8994761,13193280
4071,3233,9042569,13164776
4073,1659,2622577,6758766
4073,1660,2669189,6762840
4073,1663,2703079,6775062
4073,1685,2773783,6864690
4073,1766,3003365,7194684
4073,1767,3017413,7198758
4073,2109,4457913,8592066
4073,2186,4689701,8905764
4073,2189,4690985,8917986
4073,2190,4691025,8922060
4073,2111,4694413,8600214
4073,2184,4790705,8897616
4073,2185,4842601,8901690
4073,2299,5224221,9366126
4073,2408,6001519,9810192
4077,3420,9725857,13946760
4077,3419,9727639,13942682
4077,3418,9779009,13938604
4077,3417,9780361,13934526
4077,3421,9794443,13950838
4077,3422,9805725,13954916
4077,3423,9812633,13958994
4077,3424,9816711,13963072
4077,3425,9824073,13967150
4087,1344,1323559,5494272
4087,1345,1323665,5498360
4087,1346,1326373,5502448
4087,1342,1340661,5486096
4087,1348,1346429,5510624
4087,1349,1353231,5514712
4087,1350,1379525,5518800
4087,1379,1458273,5637352
4087,1380,1549265,5641440
4087,2643,6672001,10804584
4087,2645,6677217,10812760
4087,2642,6695571,10800496
4087,2644,6708019,10808672
4087,2655,6709797,10853640
4087,2659,6736953,10869992
4087,2658,6737173,10865904
4087,2656,6753817,10857728
4087,2650,6762065,10833200
4087,2654,6765209,10849552
4087,2652,6766017,10841376
4087,2653,6766209,10845464
4087,2660,6776595,10874080
4087,2664,6782353,10890432
4087,2663,6782659,10886344
4087,2667,6788263,10902696
4087,2665,6792245,10894520
4087,2668,6810269,10906784
4087,2669,6816583,10910872
4087,2646,6817257,10816848
4087,2648,6869173,10825024
4087,2647,6872295,10820936
4087,2651,7041245,10837288
4087,2795,7142997,11425960
4087,2794,7165173,11421872
4087,2796,7226621,11430048
4095,2008,3977441,8224768
4095,2012,4003053,8241152
4095,2009,4004253,8228864
4095,2002,4005665,8200192
4095,1993,4008105,8163328
4095,2000,4012275,8192000
4095,2010,4014043,8232960
4095,2011,4017915,8237056
4095,1999,4055649,8187904
4095,2001,4071765,8196096
4095,1994,4080369,8167424
4095,1998,4211625,8183808
4095,2003,4255191,8204288
4095,2610,6494129,10690560
4095,2605,6498951,10670080
4095,2607,6521289,10678272
4095,2608,6521383,10682368
4095,2615,6522513,10711040
4095,2611,6522549,10694656
4095,2609,6533031,10686464
4095,2616,6546471,10715136
4095,2592,6815511,10616832
4095,2593,6857325,10620928
4097,2076,4280293,8507448
4097,2084,4326173,8540232
4097,2085,4326817,8544330
4097,2087,4340489,8552526
4097,2082,4343991,8532036
4097,2083,4360257,8536134
4097,2089,4381941,8560722
4097,2090,4383679,8564820
4097,2092,4459783,8573016
4097,2158,4638661,8843484
4097,2086,4645321,8548428
4097,2179,4683883,8929542
4097,2192,4729455,8982816
4097,2191,4733659,8978718
4097,2193,4758465,8986914
4097,2180,4758859,8933640
4097,2194,4760871,8991012
4097,2184,4766253,8950032
4097,2185,4767261,8954130
4097,2181,4821333,8937738
4097,2186,4830961,8958228
4097,2187,4832563,8962326
4129,1987,3946819,8206310
4129,1986,3952903,8202180
4129,1991,3961363,8222830
4129,2012,4016143,8309560
4129,2011,4024893,8305430
4129,2000,4035817,8260000
4133,3294,9293331,13617396
4151,1781,3059179,7394712
4151,1780,3062945,7390560
4151,1787,3107377,7419624
4151,1788,3107525,7423776
4151,1789,3119313,7427928
4151,1790,3140585,7432080
4167,1529,2065999,6372872
4167,1543,2101339,6431224
4167,1544,2150349,6435392
4185,1987,3887323,8317582
4185,1985,3888297,8309210
4185,1986,3889423,8313396
4185,1989,3928813,8325954
4185,1988,3952209,8321768
4185,1990,3954749,8330140
4185,1991,3977409,8334326
4185,1993,3983049,8342698
4185,1992,3986681,8338512
4185,1995,3998331,8351070
4185,2098,4420543,8782228
4185,2115,4539531,8853390
4185,2114,4543011,8849204
4185,2135,4564893,8937110
4185,2112,4742077,8840832
4185,2227,5034813,9322222
4189,3289,9398899,13780910
4189,3286,9537365,13768340
4191,3401,9895269,14256992
4191,3403,9895797,14265376
4191,3402,9900051,14261184
4191,3404,9908493,14269568
4199,1093,239473,4590600
4199,1134,336501,4762800
4199,1147,345129,4817400
4199,1135,359503,4767000
4199,1161,443115,4876200
4199,1162,477711,4880400
4199,1157,477901,4859400
4199,1158,478693,4863600
4199,1164,482137,4888800
4199,1163,483057,4884600
4199,1159,483245,4867800
4199,1152,494501,4838400
4199,1165,497839,4893000
4199,1536,2055357,6451200
4199,2659,6801329,11167800
4199,2658,6803541,11163600
4199,2963,8051119,12444600
4199,2978,8103739,12507600
4199,2986,8184883,12541200
4199,2987,8199597,12545400
4199,2982,8514813,12524400
4199,2971,8541291,12478200
4199,3103,8651557,13032600
4199,3102,8652329,13028400
4199,3100,8660265,13020000
4199,2979,8661609,12511800
4199,3101,8691813,13024200
4199,3098,8700817,13011600
4199,2980,8733199,12516000
4199,3084,9077001,12952800
4217,1309,1093303,5521362
4217,1310,1093473,5525580
4217,1324,1100069,5584632
4217,1317,1126329,5555106
4217,1320,1135777,5567760
4217,1322,1141879,5576196
4217,1321,1143717,5571978
4217,1332,1180491,5618376
4217,1316,1195657,5550888
4217,1325,1232383,5588850
4217,1344,1258469,5668992
4217,1342,1287499,5660556
4217,1343,1289973,5664774
4217,2865,7544733,12084570
4217,2864,7550299,12080352
4221,3206,9010557,13535732
4221,3202,9049341,13518844
4221,3200,9114093,13510400
4221,3225,9167997,13615950
4221,3224,9186953,13611728
4221,3226,9656119,13620172
4233,1676,2601015,7096184
4233,1673,2615133,7083482
4233,1674,2619913,7087716
4233,1675,2622341,7091950
4255,2865,7580201,12193440
4255,2858,7591791,12163648
4255,2859,7594993,12167904
4255,2874,7597001,12231744
4255,2873,7604023,12227488
4255,2870,7704619,12214720
4255,2878,7736577,12248768
4255,2869,7774543,12210464
4255,2868,7776657,12206208
4255,2867,8046823,12201952
4255,2879,8057337,12253024
4257,1830,3222559,7792140
4269,3396,9978919,14500920
4271,2590,6557137,11064480
4295,1570,2126041,6744720
4295,1569,2159373,6740424
4295,1578,2170693,6779088
4295,1577,2183623,6774792
4295,1600,2270457,6873600
4295,1601,2286943,6877896
4295,2687,6958929,11543352
4295,2686,6958985,11539056
4295,2682,7044101,11521872
4297,1598,2268253,6868204
4297,1606,2309083,6902588
4297,1605,2316057,6898290
4297,2599,6474277,11170502
4297,2593,6477521,11144714
4297,2598,6496101,11166204
4297,2592,6526131,11140416
4297,2597,6532041,11161906
4297,2595,6538169,11153310
4297,2590,6545189,11131820
4297,2600,6559431,11174800
4297,2601,6560729,11179098
4297,2594,6629151,11149012
4311,2132,4530693,9193184
4311,2314,5212185,9977968
4311,2292,5213419,9883104
4311,2322,5306457,10012464
4313,2452,5968685,10577928
4313,3060,9095833,13200840
4321,2010,3989923,8687220
4321,2009,4069185,8682898
4321,2179,4744431,9417638
4321,2182,4801401,9430604
4345,1372,1269913,5962712
4345,1371,1274609,5958366
4353,1691,2754343,7362614
4353,3006,8319149,13088124
4353,3005,8331919,13083770
4353,2998,8364993,13053292
4353,3001,8368963,13066354
4353,3000,8369415,13062000
4353,2999,8391117,13057646
4353,3040,8548611,13236160
4353,3003,8809961,13075062
4393,2802,7437941,12311988
4393,2803,7444101,12316382
4393,2804,7452045,12320776
4393,2808,7479651,12338352
4393,2807,7506517,12333958
4393,2829,7644141,12430626
4425,2368,5570059,10480768
4425,2417,5728781,10697642
4425,2418,5755093,10702068
4425,2420,5756261,10710920
4425,2419,5758131,10706494
4425,2422,5764649,10719772
4425,2421,5782361,10715346
4425,2423,5921253,10724198
4439,3379,9983719,15002760
4439,3378,9984453,14998320
4481,2611,6612305,11702502
4481,2612,6680273,11706984
4489,2187,4713233,9819630
4489,2188,4724631,9824120
4489,2179,4727953,9783710
4489,2177,4741529,9774730
4489,2176,4743643,9770240
4489,2190,4744229,9833100
4489,2180,4747335,9788200
4489,2194,4754529,9851060
4489,2183,4760817,9801670
4489,2178,4763931,9779220
4489,2196,4770559,9860040
4489,2184,4778673,9806160
4489,2185,4783653,9810650
4489,2186,4789833,9815140
4489,2197,4795393,9864530
4489,2182,4797171,9797180
4489,2181,4801109,9792690
4489,2195,4805571,9855550
4489,2198,4818337,9869020
4489,2201,4840349,9882490
4489,2244,5067883,10075560
4489,2245,5106477,10080050
4489,2275,5108161,10214750
4489,2276,5108355,10219240
4489,2258,5113197,10138420
4489,2273,5136855,10205770
4489,2277,5196643,10223730
4489,2324,5394333,10434760
4489,2325,5397665,10439250
4489,2326,5409541,10443740
4489,2257,5411239,10133930
4511,1401,1159257,6321312
4511,1391,1212081,6276192
4511,1427,1308461,6438624
4511,1408,1318853,6352896
4511,1425,1345851,6429600
4511,1449,1434881,6537888
4511,1451,1439031,6546912
4511,1450,1472581,6542400
4511,2396,5752017,10810752
4511,2397,5784841,10815264
4511,2404,6123241,10846848
4513,1533,1911523,6919962
4543,1450,1457055,6588800
4543,1451,1457599,6593344
4543,3038,8759917,13804672
4543,3078,8844401,13986432
4543,3076,8854085,13977344
4543,3075,8856771,13972800
4543,3079,8858113,13990976
4543,3080,8870419,13995520
4543,3081,8881363,14000064
4543,3092,8894353,14050048
4543,3091,8911251,14045504
4543,3115,8919425,14154560
4543,3116,8922657,14159104
4543,3094,8938181,14059136
4543,3077,8959783,13981888
4543,3089,8988149,14036416
4543,3090,8991693,14040960
4543,3120,8994033,14177280
4543,3126,9009781,14204544
4543,3125,9016709,14200000
4543,3121,9026429,14181824
4543,3042,9027753,13822848
4543,3088,9040265,14031872
4543,3133,9046377,14236352
4543,3232,9545331,14686208
4543,3222,9656409,14640768
4543,3271,9724371,14863424
4543,3272,9734529,14867968
4545,1591,2033277,7232686
4545,1596,2090009,7255416
4545,1600,2092131,7273600
4545,1597,2107169,7259962
4545,2951,8238057,13415246
4545,2976,8373329,13528896
4545,2963,8374561,13469798
4545,2983,8380755,13560718
4545,2978,8445269,13537988
4569,2947,8249265,13467790
4569,2950,8255983,13481500
4569,2951,8260665,13486070
4569,2946,8264861,13463220
4569,2952,8267359,13490640
4569,2953,8268735,13495210
4569,2949,8269981,13476930
4569,2948,8294511,13472360
4569,2945,8313033,13458650
4583,3198,9420633,14659632
4607,2026,3985469,9335808
4607,2027,4033685,9340416
4607,2029,4056065,9349632
4607,2075,4182193,9561600
4607,2078,4234963,9575424
4607,2080,4265573,9584640
4607,2211,4905401,10188288
4607,2450,5920145,11289600
4607,2451,5922933,11294208
4607,2454,5935393,11308032
4607,2453,5940089,11303424
4607,2446,5968805,11271168
4607,2445,5978157,11266560
4607,2463,5978889,11349504
4607,2459,5991033,11331072
4607,2452,6005757,11298816
4607,2449,6008659,11284992
4607,2444,6014693,11261952
4607,2464,6046131,11354112
4607,2462,6051883,11344896
4607,2461,6302765,11340288
4607,2520,6324553,11612160
4607,2527,6331617,11644416
4607,2465,6340879,11358720
4607,2511,6343033,11570688
4607,2532,6345193,11667456
4607,2542,6348333,11713536
4607,2531,6350681,11662848
4607,2534,6352173,11676672
4607,2535,6354957,11681280
4607,2530,6360353,11658240
4607,2521,6365563,11616768
4607,2447,6373543,11275776
4607,2522,6382473,11621376
4607,2533,6398697,11672064
4607,2552,6403353,11759616
4607,2537,6415021,11690496
4607,2536,6420553,11685888
4607,2543,6429379,11718144
4607,2554,6461503,11768832
4607,2553,6462149,11764224
4607,2548,6718257,11741184
4639,3111,9015139,14435040
4639,3123,9661785,14490720
4665,2418,5787033,11282388
4665,2419,5787223,11287054
4665,2417,5898353,11277722
4687,2728,7334109,12788864
4697,1606,1985017,7544988
4697,1608,2036593,7554384
4697,3000,8575625,14094000
4697,3023,8652713,14202054
4697,3019,8663331,14183262
4697,3018,8663521,14178564
4697,3021,8692453,14192658
4697,3029,8703593,14230242
4697,3020,8712757,14187960
4697,3022,8718403,14197356
4697,3030,8721883,14234940
4697,3031,8727453,14239638
4697,3032,8729445,14244336
4697,3033,8731785,14249034
4697,3050,8783189,14328900
4697,3049,8807817,14324202
4697,3048,8810923,14319504
4697,3062,8856919,14385276
4697,3063,8890551,14389974
4697,3065,8896063,14399370
4697,3073,8911191,14436954
4697,3075,9026991,14446350
4697,3072,9067745,14432256
4697,3071,9501029,14427558
4705,2414,5722021,11360284
4705,2413,5728011,11355578
4705,2404,5760619,11313224
4705,2403,5765405,11308518
4705,2407,5776879,11327342
4705,2408,5777055,11332048
4705,2417,5815473,11374402
4705,2415,6136297,11364990
4705,2416,6138073,11369696
4705,2635,6789373,12400310
4705,2636,6824249,12405016
4705,2637,6829311,12409722
4705,2638,6830277,12414428
4705,2641,6873711,12428546
4705,2643,6882057,12437958
4705,2639,6899313,12419134
4705,2656,6933873,12499136
4705,2654,6935931,12489724
4705,2642,7057995,12433252
4759,1823,3015591,8677480
4759,1825,3017625,8687000
4759,1827,3018809,8696520
4759,1824,3041577,8682240
4759,1826,3044353,8691760
4759,2689,7134283,12799640
4759,2690,7137231,12804400
4759,2809,7676225,13370840
4759,2808,7676825,13366080
4759,2807,7679839,13361320
4759,2810,7684753,13375600
4759,2815,7735065,13399400
4759,2814,7736137,13394640
4759,2812,7739733,13385120
4759,2820,7779375,13423200
4759,2816,7801695,13404160
4759,2818,8208845,13413680
4767,1855,3124829,8844640
4767,1854,3147933,8839872
4767,1844,3175279,8792192
4767,1846,3176705,8801728
4767,1860,3191355,8868480
4767,1861,3353285,8873248
4767,2831,7747837,13498208
4767,2830,7752481,13493440
4767,2834,7826083,13512512
4767,2833,7848149,13507744
4767,2835,7855317,13517280
4767,2862,7891629,13646016
4767,2875,7941689,13708000
4767,2880,7956313,13731840
4767,2839,7966335,13536352
4767,2872,8015141,13693696
4767,2871,8022749,13688928
4767,2874,8040379,13703232
4775,2189,4709733,10454664
4775,2190,4713153,10459440
4775,2188,4723301,10449888
4775,2193,4770809,10473768
4775,2185,4789473,10435560
4775,2563,6545885,12240888
4775,2564,6552569,12245664
4775,2565,6569825,12250440
4775,2566,6824839,12255216
4783,1921,3419337,9190064
4783,2815,7786437,13466960
4783,2813,7795893,13457392
4783,2814,8216741,13462176
4783,2854,8434257,13653536
4793,1683,2236477,8068302
4793,1929,3542083,9247626
4793,1925,3591729,9228450
4793,2077,4211593,9957138
4793,2654,6923517,12723276
4793,2657,6946529,12737658
4793,2656,6955441,12732864
4793,2828,7750905,13557432
4793,3058,8897443,14660052
4793,3059,8916463,14664846
4793,3057,8919379,14655258
4793,3056,8939773,14650464
4793,3055,8949537,14645670
4793,3060,9033329,14669640
4793,3079,9062577,14760726
4793,3080,9062673,14765520
4793,3077,9160131,14751138
4793,3076,9198951,14746344
4807,1741,2559217,8370728
4807,1743,2563003,8380344
4807,1746,2600443,8394768
4807,1754,2630165,8433232
4807,1756,2634249,8442848
4807,1755,2654473,8438040
4807,1750,2658485,8414000
4807,1749,2659725,8409192
4807,1765,2673133,8486120
4807,1748,2674629,8404384
4807,1757,2682435,8447656
4807,1747,2704011,8399576
4807,1788,2835329,8596704
4807,1793,2837913,8620744
4807,1792,2846961,8615936
4807,1790,2853153,8606320
4807,1787,2859393,8591896
4807,1791,2861733,8611128
4807,1789,2862471,8601512
4807,3002,8578731,14433616
4807,3012,8627817,14481696
4807,3003,8629633,14438424
4807,3005,8638513,14448040
4807,3010,8641925,14472080
4807,3011,8642765,14476888
4807,3004,8654793,14443232
4807,3014,8697823,14491312
4807,3040,8785317,14616320
4807,3037,8795969,14601896
4807,3045,8801217,14640360
4807,3038,8801309,14606704
4807,3043,8813013,14630744
4807,3042,8817799,14625936
4807,3033,8817883,14582664
4807,3050,8818321,14664400
4807,3044,8820245,14635552
4807,3039,8841029,14611512
4807,3048,8843157,14654784
4807,3046,8844177,14645168
4807,3047,8854071,14649976
4807,3032,8854473,14577856
4807,3049,8870337,14659592
4807,3135,9214201,15073080
4807,3109,9226409,14948072
4807,3136,9261117,15077888
4807,3145,9363697,15121160
4807,3141,9369823,15101928
4807,3142,9370053,15106736
4807,3143,9533373,15111544
4807,3110,9678341,14952880
4809,1802,2815085,8667620
4809,1891,3313197,9095710
4809,1892,3313289,9100520
4809,1897,3364505,9124570
4809,1898,3370121,9129380
4809,1899,3396375,9134190
4809,1901,3414957,9143810
4809,1894,3421003,9110140
4809,1896,3517313,9119760
4809,1977,3694339,9509370
4809,1979,3694833,9518990
4809,1978,3695049,9514180
4809,1980,3698249,9523800
4809,1981,3698385,9528610
4809,2855,7881509,13732550
4809,2846,7907623,13689260
4809,2845,7950089,13684450
4809,2844,7954573,13679640
4809,2843,7960185,13674830
4809,2852,7981557,13718120
4809,2914,8210105,14016340
4809,2915,8210849,14021150
4809,2957,8320513,14223170
4809,2959,8397305,14232790
4809,2958,8422639,14227980
4809,2956,8452497,14218360
4809,2953,8530791,14203930
4809,3004,8708503,14449240
4809,3005,8715763,14454050
4809,3006,8728385,14458860
4825,1300,381009,6273800
4825,1301,405739,6278626
4825,1282,416841,6186932
4825,1280,428017,6177280
4825,1275,498597,6153150
4825,1274,509937,6148324
4825,1330,527225,6418580
4825,1331,535085,6423406
4825,1329,535339,6413754
4825,1327,544279,6404102
4825,1328,554521,6408928
4825,1338,686849,6457188
4825,1339,701453,6462014
4825,1340,706603,6466840
4825,1630,2029417,7866380
4825,1633,2050929,7880858
4825,1659,2148045,8006334
4825,1661,2155089,8015986
4825,1660,2165105,8011160
4825,1658,2172439,8001508
4825,1672,2205403,8069072
4831,2419,5853849,11688608
4831,2421,5854305,11698272
4831,2416,5854335,11674112
4831,2420,5857173,11693440
4831,2423,5864621,11707936
4831,2422,5873565,11703104
4831,2375,6005181,11476000
4855,1919,3412981,9318664
4855,1925,3430777,9347800
4855,1926,3449479,9352656
4855,1921,3459153,9328376
4855,1935,3471965,9396360
4855,1953,3488285,9483768
4855,1927,3494805,9357512
4855,1928,3500659,9362368
4855,1933,3500811,9386648
4855,1936,3506503,9401216
4855,1934,3507245,9391504
4855,1929,3507993,9367224
4855,1937,3510373,9406072
4855,1952,3513461,9478912
4855,1939,3546597,9415784
4855,1943,3575443,9435208
4855,1970,3628169,9566320
4855,1971,3709033,9571176
4855,2030,4047633,9857680
4855,2715,7238839,13184040
4855,2718,7291537,13198608
4855,2742,7329417,13315152
4855,2744,7357273,13324864
4855,2729,7357389,13252024
4855,2743,7358901,13320008
4855,2728,7366601,13247168
4855,2720,7373295,13208320
4855,2727,7397013,13242312
4855,2745,7400153,13329720
4855,2739,7440489,13300584
4855,2740,7454053,13305440
4855,2800,7725019,13596800
4855,2866,8072179,13917296
4855,2860,8077875,13888160
4855,2918,8206431,14169808
4865,1639,2007139,7975374
4865,1643,2008893,7994838
4865,1638,2027041,7970508
4865,1640,2028629,7980240
4865,1641,2035149,7985106
4865,1648,2073771,8019168
4865,1649,2090853,8024034
4865,1651,2150133,8033766
4873,1938,3464625,9445812
4873,1950,3517093,9504300
4873,1948,3553241,9494552
4873,1958,3572321,9543292
4873,1960,3573421,9553040
4873,1946,3574773,9484804
4873,1949,3582629,9499426
4873,1961,3598039,9557914
4873,1962,3650301,9562788
4873,1963,3656181,9567662
4873,1964,3656779,9572536
4873,1965,3657065,9577410
4873,1996,3777361,9728504
4873,1992,3777401,9709008
4873,1989,3974313,9694386
4873,2063,4116897,10055062
4873,2064,4122957,10059936
4873,2071,4195879,10094054
4873,2406,5721493,11726844
4873,2407,5728553,11731718
4873,2435,5838517,11868190
4873,2428,5861839,11834072
4873,2419,5870913,11790206
4873,2710,7304443,13208540
4873,2709,7374897,13203666
4873,2828,7754623,13783672
4873,2824,7765533,13764176
4873,2825,7781299,13769050
4873,2826,7783635,13773924
4873,2827,7820091,13778798
4873,2927,8260491,14266198
4873,2928,8282805,14271072
4873,2926,8311537,14261324
4873,2914,8359275,14202836
4873,2915,8362293,14207710
4895,1399,817003,6849504
4895,1400,820131,6854400
4895,1401,833023,6859296
4895,1588,1728045,7774848
4895,1586,1737981,7765056
4895,1587,1745001,7769952
4895,1585,1771453,7760160
4895,1577,1780625,7720992
4895,1571,1918297,7691616
4895,1793,2779529,8778528
4895,2075,4091337,10159200
4895,2066,4112257,10115136
4895,2072,4129131,10144512
4895,2074,4129483,10154304
4895,2069,4361331,10129824
4895,2068,4365009,10124928
4895,2129,4380021,10423584
4895,2128,4402265,10418688
4895,2130,4411935,10428480
4895,2138,4414515,10467648
4895,2132,4414653,10438272
4895,2135,4477441,10452960
4895,2131,4477515,10433376
4895,2153,4484641,10541088
4895,2152,4493337,10536192
4895,2133,4495745,10443168
4895,2155,4551523,10550880
4895,2154,4552039,10545984
4895,2157,4553863,10560672
4895,2156,4566823,10555776
4895,2140,4707573,10477440
4895,2684,7169969,13140864
4895,2687,7189635,13155552
4895,2686,7191051,13150656
4895,2698,7197103,13209408
4895,2697,7207229,13204512
4895,2699,7231053,13214304
4895,2691,7326449,13175136
4895,3189,9604617,15613344
4895,3208,9698033,15706368
4921,1255,88049,6177110
4921,1257,264305,6186954
4921,1270,270897,6250940
4921,1258,281673,6191876
4921,1256,292389,6182032
4921,1309,315821,6442898
4921,1310,325801,6447820
4921,1311,351401,6452742
4921,1330,414665,6546260
4921,1329,425211,6541338
4921,1325,461391,6521650
4921,1328,463003,6536416
4921,1327,471161,6531494
4921,1347,503593,6629934
4921,1346,541841,6625012
4921,1345,544011,6620090
4921,1350,640089,6644700
4921,1349,641295,6639778
4921,1454,998151,7156588
4921,1453,1002753,7151666
4921,1615,1772023,7949030
4921,1597,1782537,7860434
4921,1599,1850641,7870278
4921,1613,1862539,7939186
4921,1618,1872291,7963796
4921,1617,1872513,7958874
4921,1619,1875761,7968718
4921,1606,1891977,7904732
4921,1612,1891985,7934264
4921,1607,1896171,7909654
4921,1616,1906749,7953952
4921,1614,1908313,7944108
4921,1611,1927039,7929342
4921,1601,1941941,7880122
4921,1600,1942335,7875200
4969,2103,4515777,10451910
4969,2102,4607969,10446940
4969,2918,8321353,14502460
4969,2919,8466831,14507430
4991,3176,9607303,15854592
4991,3177,9667155,15859584
4991,3178,9756171,15864576
4991,3175,9994077,15849600
4993,2255,5027249,11261470
4993,2285,5109665,11411290
4993,2286,5117359,11416284
4993,2245,5269183,11211530
4993,2411,5722833,12040534
4993,2412,5729289,12045528
4993,2410,5771119,12035540
4993,2427,5808249,12120438
4993,2428,5813801,12125432
4993,2417,5814429,12070498
4993,2418,5847281,12075492
4993,2421,5866025,12090474
4993,2413,5898799,12050522
4993,2472,6180855,12345168
4993,2473,6184721,12350162
4993,2474,6184879,12355156
4993,2526,6253829,12614844
4993,2525,6313999,12609850
4993,2527,6389013,12619838
4993,2565,6551421,12809610
4993,2576,6596129,12864544
4993,2557,6610229,12769658
4993,2572,6615313,12844568
4993,2575,6628713,12859550
4993,2578,6651953,12874532
4993,2533,6757219,12649802
4993,2616,6789139,13064304
4993,2652,6939293,13244088
4993,2555,6951005,12759670
4993,2647,6968489,13219118
4993,2651,6976353,13239094
4993,2648,6999729,13224112
4993,2558,7027579,12774652
4993,2658,7029353,13274052
4993,2657,7035937,13269058
4993,2649,7046925,13229106
4993,2659,7051573,13279046
4993,2683,7077457,13398902
4993,2681,7082497,13388914
4993,2680,7092357,13383920
4993,2682,7093461,13393908
4993,2685,7117857,13408890
4993,2653,7177169,13249082
4993,2692,7197153,13443848
4993,2699,7211419,13478806
4993,2698,7211473,13473812
4993,2678,7457901,13373932
4999,1249,9103,6245000
4999,1250,21365,6250000
4999,1252,69343,6260000
5025,2360,5517465,11861360
5025,2397,5689889,12047322
5055,2458,6049755,12427648
5055,2490,6161193,12589440
5055,2488,6164049,12579328
5055,2489,6175853,12584384
5055,2485,6179571,12564160
5055,2491,6183793,12594496
5055,2492,6191289,12599552
5055,2466,6193137,12468096
5055,2486,6259533,12569216
5055,2487,6279705,12574272
5055,2558,6538949,12933248
5055,2496,6591259,12619776
5057,1561,1497643,7895538
5057,1574,1509825,7961292
5057,1575,1513973,7966350
5057,1566,1557711,7920828
5057,1583,1657241,8006814
5057,1580,1658991,7991640
5057,1579,1659051,7986582
5057,1581,1660413,7996698
5057,1582,1693191,8001756
5057,1653,1862873,8360874
5057,1654,1866345,8365932
5057,1643,1900939,8310294
5057,1656,1914711,8376048
5057,1668,1950721,8436744
5057,1667,1951109,8431686
5057,1647,1975377,8330526
5057,1658,1977711,8386164
5057,1665,1978417,8421570
5057,1666,1978913,8426628
5057,1646,1982413,8325468
5057,1645,1983481,8320410
5057,1648,1984021,8335584
5057,1644,1993561,8315352
5057,1664,2051479,8416512
5057,1688,2125459,8537904
5057,1700,2183301,8598600
5057,1694,2191977,8568252
5057,1706,2195093,8628948
5057,1695,2202585,8573310
5057,1710,2209791,8649180
5057,1709,2223319,8644122
5057,1696,2237765,8578368
5057,1708,2254537,8639064
5057,1689,2265969,8542962
5057,1711,2271577,8654238
5057,1713,2285505,8664354
5057,1749,2319425,8846442
5057,1750,2323131,8851500
5057,1714,2327621,8669412
5057,1712,2343225,8659296
5057,1744,2349449,8821152
5057,1747,2358753,8836326
5057,1746,2360781,8831268
5057,1745,2371191,8826210
5057,1748,2386381,8841384
5057,1781,2583259,9008298
5057,1782,2591271,9013356
5057,1802,2723313,9114516
5057,1806,2726143,9134748
5057,1803,2745105,9119574
5057,1804,2760813,9124632
5057,1805,2761483,9129690
5057,1823,2762561,9220734
5057,1824,2767573,9225792
5057,1809,2792453,9149922
5057,1827,2832951,9240966
5057,1828,2836761,9246024
5057,1829,2845953,9251082
5057,1818,2851245,9195444
5057,1832,2866737,9266256
5057,1808,2904593,9144864
5057,3157,9638673,15968106
5057,3243,9920253,16403094
5057,3241,9923571,16392978
5057,3242,9940589,16398036
5057,3240,9999473,16387920
5111,1341,224493,6855192
5111,1327,225193,6783624
5111,1317,240417,6732504
5111,1340,294693,6850080
5111,1361,391785,6957432
5111,1354,399495,6921648
5111,1360,418889,6952320
5111,1363,439921,6967656
5111,1366,440453,6982992
5111,1364,459739,6972768
5111,1365,463519,6977880
5111,1394,472321,7126128
5111,1380,475049,7054560
5111,1381,483333,7059672
5111,1408,520865,7197696
5111,1409,523257,7202808
5111,1410,525223,7207920
5111,1411,525883,7213032
5111,1405,541861,7182360
5111,1393,545481,7121016
5111,1412,569073,7218144
5111,1406,571857,7187472
5111,1391,583761,7110792
5111,1413,585501,7223256
5111,1418,587765,7248816
5111,1417,596037,7243704
5111,1414,616663,7228368
5111,3119,9361033,15944328
5111,3112,9371525,15908544
5111,3123,9430001,15964776
5111,3110,9434211,15898320
5111,3117,9443571,15934104
5111,3120,9455803,15949440
5111,3121,9469269,15954552
5111,3118,9473525,15939216
5119,1938,3312375,9922560
5119,1942,3332649,9943040
5119,1941,3337663,9937920
5119,1939,3352497,9927680
5119,2923,8280943,14965760
5119,2920,8307801,14950400
5119,2907,8323317,14883840
5119,2922,8466111,14960640
5119,2918,8846013,14940160
5119,3138,9574911,16066560
5119,3137,9584137,16061440
5119,3136,9650133,16056320
5135,1457,769783,7483152
5135,1455,795997,7472880
5135,1456,825397,7478016
5135,2001,3637519,10277136
5143,2042,3856963,10504048
5143,2044,3858141,10514336
5143,2043,3898889,10509192
5143,2046,4185883,10524624
5143,2142,4368953,11018448
5143,2143,4374029,11023592
5143,2144,4390257,11028736
5143,2145,4391137,11033880
5143,2233,5127189,11486552
5143,3017,8795239,15519448
5143,3016,8812301,15514304
5143,3012,8822441,15493728
5143,3013,8834473,15498872
5143,3008,8834565,15473152
5143,3014,8863993,15504016
5143,3018,8869509,15524592
5143,3015,8882397,15509160
5143,3023,8919315,15550312
5143,3027,8925929,15570888
5143,3026,8950003,15565744
5143,3082,9262543,15853808
5143,3081,9284277,15848664
5153,1411,638803,7272294
5153,1410,715279,7267140
5153,1460,784685,7524840
5153,1446,810653,7452684
5153,1453,891015,7488762
5153,1732,2256389,8926728
5153,1741,2275791,8973114
5153,1742,2312451,8978268
5153,1746,2317313,8998884
5153,1744,2320999,8988576
5153,1743,2321983,8983422
5153,1798,2554985,9266892
5153,1782,2567141,9184428
5153,1799,2569393,9272046
5153,1805,2604161,9302970
5153,1804,2609765,9297816
5153,1813,2634897,9344202
5153,1814,2644241,9349356
5153,1807,2647745,9313278
5153,1812,2667397,9339048
5153,1794,2707483,9246276
5153,1808,2714165,9318432
5153,1811,2770413,9333894
5153,1810,2817089,9328740
5191,2319,5213405,12040248
5191,2325,5246189,12071400
5191,2321,5255293,12050632
5191,2323,5272579,12061016
5191,2322,5300997,12055824
5191,2320,5314209,12045440
5191,2467,6032091,12808664
5191,2468,6035341,12813856
5191,2469,6037039,12819048
5191,2466,6048343,12803472
5191,2492,6226783,12938464
5191,2470,6319903,12824240
5191,2480,6421453,12876160
5191,2633,6912941,13670536
5191,2632,6934617,13665344
5191,2631,6935105,13660152
5191,2645,6939689,13732840
5191,2726,7346873,14153392
5191,2725,7352835,14148200
5191,2724,7353521,14143008
5191,2727,7420293,14158584
5191,2659,7445069,13805528
5199,2157,4437965,11216400
5199,3045,8977061,15834000
5199,3046,8978119,15839200
5199,3048,9010509,15849600
5199,3047,9028205,15844400
5199,3043,9047669,15823600
5199,3049,9592071,15854800
5199,3044,9609185,15828800
5199,3208,9826185,16681600
5199,3207,9828499,16676400
5199,3205,9913985,16666000
5199,3206,9930513,16671200
5223,2360,5433103,12328640
5223,2359,5448259,12323416
5223,2358,5464399,12318192
5223,2357,5471697,12312968
5223,2371,5487269,12386104
5223,2369,5493801,12375656
5223,2361,5575431,12333864
5223,2803,7924329,14642872
5223,2921,8359191,15259304
5223,2920,8428611,15254080
5241,1589,1526511,8329538
5241,1588,1540629,8324296
5241,1772,2370785,9288824
5241,1752,2398773,9183984
5241,1763,2409069,9241646
5241,1764,2409615,9246888
5241,2112,4173613,11071104
5241,2111,4177783,11065862
5241,2109,4190889,11055378
5279,2472,6050397,13052160
5279,2481,6055805,13099680
5279,2482,6057883,13104960
5279,2478,6063061,13083840
5279,2479,6064689,13089120
5279,2480,6086737,13094400
5279,3017,8940315,15929760
5279,3032,8940495,16008960
5279,3029,9055485,15993120
5279,3026,9097879,15977280
5279,3031,9500779,16003680
5279,3030,9610641,15998400
5281,1661,1798889,8773402
5287,2403,5718569,12707064
5287,2402,5724163,12701776
5287,2419,5731901,12791672
5287,2418,5740311,12786384
5287,2420,5748849,12796960
5287,2424,5774811,12818112
5287,2423,5786193,12812824
5287,2421,5801825,12802248
5287,2413,5806953,12759944
5287,2450,5892499,12955600
5287,2425,5897713,12823400
5287,2448,5903461,12945024
5287,2452,5906049,12966176
5287,2451,5907381,12960888
5287,2401,5933853,12696488
5287,2453,5979921,12971464
5287,2454,5983709,12976752
5287,2455,6066785,12982040
5287,2458,6126701,12997904
5287,2449,6133723,12950312
5287,2457,6305871,12992616
5287,2619,6858933,13849272
5287,2620,6886977,13854560
5287,2794,7787669,14774672
5287,2842,7962665,15028496
5287,2848,8004361,15060224
5287,2849,8009061,15065512
5287,2847,8082425,15054936
5287,2844,8106793,15039072
5287,2846,8107257,15049648
5287,2845,8108705,15044360
5289,2577,6635705,13632330
5289,2585,6652611,13674650
5289,2580,6661205,13648200
5289,2581,6699509,13653490
5289,2582,6699989,13658780
5289,2583,6708689,13664070
5289,2584,6913745,13669360
5295,1542,1094217,8166432
5295,1603,1472669,8489488
5295,1602,1524245,8484192
5295,1621,1528193,8584816
5295,1615,1534413,8553040
5295,1614,1554171,8547744
5295,1616,1562881,8558336
5295,1617,1564533,8563632
5295,1622,1571893,8590112
5295,2435,5722661,12895760
5295,2434,5729299,12890464
5295,2433,5818529,12885168
5295,2424,5824533,12837504
5295,2425,5827477,12842800
5295,2432,5873769,12879872
5295,2486,6083773,13165856
5295,2488,6186697,13176448
5295,2481,6491521,13139376
5345,1463,588499,7821198
5345,1464,592071,7826544
5345,1460,598131,7805160
5345,1458,605345,7794468
5345,1469,609121,7853274
5345,1459,626179,7799814
5345,1461,628971,7810506
5345,1471,634925,7863966
5345,1472,647673,7869312
5345,1456,669849,7783776
5345,1473,702873,7874658
5345,1470,719141,7858620
5345,1462,733833,7815852
5345,1465,737813,7831890
5345,1468,822213,7847928
5345,1488,855979,7954848
5345,1532,923273,8190072
5345,1528,936885,8168688
5345,1530,937017,8179380
5345,1534,938391,8200764
5345,1531,938631,8184726
5345,1549,1039515,8280954
5345,1547,1058253,8270262
5345,1548,1084385,8275608
5345,1550,1103337,8286300
5345,1568,1142337,8382528
5345,1551,1195821,8291646
5345,1560,1211973,8339760
5345,1559,1213477,8334414
5345,1558,1232733,8329068
5345,1696,2019943,9066816
5345,1697,2051981,9072162
5345,1756,2273031,9387576
5345,1761,2353589,9414306
5345,1758,2367117,9398268
5345,1771,2378649,9467766
5345,1794,2439537,9590724
5345,1762,2453091,9419652
5345,1947,3397519,10408662
5345,2030,3625191,10852380
5345,2031,3634221,10857726
5345,2061,3822321,11018106
5345,2116,4087385,11312136
5345,2590,6657255,13846140
5345,2591,6660877,13851486
5345,2589,6662031,13840794
5345,2588,6662355,13835448
5359,2224,4617933,11920640
5359,2217,4633257,11883120
5359,2223,4652793,11915280
5359,2219,4660543,11893840
5359,2222,4680521,11909920
5359,2216,4685203,11877760
5359,3123,9569775,16739280
5359,3124,9570701,16744640
5359,3122,9576729,16733920
5385,2248,4906649,12107728
5385,2904,8271441,15640944
5385,2903,8275317,15635558
5385,2905,8821357,15646330
5401,1584,1239669,8556768
5401,2203,4558109,11900606
5401,2212,4606213,11949224
5401,2211,4610443,11943822
5401,2204,4619353,11906008
5401,2249,4797833,12149098
5401,2267,4863919,12246334
5401,2268,4871137,12251736
5401,2213,4942065,11954626
5401,3149,9655709,17010898
5401,3148,9655893,17005496
5401,3150,9713659,17016300
5401,3219,9978837,17389038
5401,3214,9982769,17362028
5401,3221,9992693,17399842
5401,3211,9994533,17345822
5401,3223,9996517,17410646
5439,2850,8103989,15504000
5439,2853,8113993,15520320
5439,2852,8117973,15514880
5439,2857,8126397,15542080
5439,2856,8127261,15536640
5439,2855,8128049,15531200
5439,2854,8139291,15525760
5441,1943,3161233,10573806
5449,2745,7441183,14960250
5449,2744,7492677,14954800
5449,2747,7499553,14971150
5449,2746,7518103,14965700
5455,2767,7536093,15096752
5455,2769,7581763,15107664
5455,2772,7587199,15124032
5455,2771,7588123,15118576
5455,2766,7595769,15091296
5455,2768,7601121,15102208
5455,2765,7604969,15085840
5455,2764,7618551,15080384
5455,2784,7672857,15189504
5455,2770,7711181,15113120
5455,2783,7724811,15184048
5463,2142,4310681,11703888
5463,2144,4321625,11714816
5463,2141,4528985,11698424
5463,2145,4535991,11720280
5503,2286,4889585,12582144
5503,2285,4944905,12576640
5503,2288,4968093,12593152
5503,2287,5051941,12587648
5503,2375,5479611,13072000
5503,2376,5483451,13077504
5503,2381,5499795,13105024
5503,2378,5508477,13088512
5503,2382,5516991,13110528
5503,2384,5528719,13121536
5503,2377,5538285,13083008
5503,2380,5543113,13099520
5503,2379,5543751,13094016
5503,2390,5727913,13154560
5503,2386,5885429,13132544
5503,3137,9630859,17266048
5503,3141,9676723,17288064
5503,3139,9689061,17277056
5503,3143,9716145,17299072
5503,3144,9717665,17304576
5529,2508,6218849,13869240
5529,2507,6280209,13863710
5529,2793,7906025,15445290
5529,2794,7938961,15450820
5529,2885,8329063,15954050
5529,2887,8385065,15965110
5529,2891,8392273,15987230
5529,2882,8392717,15937460
5529,2922,8431873,16158660
5529,2900,8434665,16037000
5529,2899,8435151,16031470
5529,2923,8474829,16164190
5529,2892,8557155,15992760
5529,2893,8576073,15998290
5529,3004,8974303,16612120
5529,3005,9117393,16617650
5529,3144,9846795,17386320
5529,3145,9848129,17391850
5529,3167,9861439,17513510
5529,3151,9863265,17425030
5529,3155,9871805,17447150
5529,3147,9875331,17402910
5529,3143,9884293,17380790
5529,3148,9884659,17408440
5529,3150,9886125,17419500
5529,3152,9886971,17430560
5529,3153,9887115,17436090
5529,3149,9887317,17413970
5529,3146,9927237,17397380
5529,3165,9929571,17502450
5529,3169,9932937,17524570
5529,3164,9963189,17496920
5529,3162,9970183,17485860
5529,3166,9988963,17507980
5561,1940,3051837,10790280
5561,1958,3101953,10890396
5561,1970,3227169,10957140
5561,1971,3228613,10962702
5561,1972,3237679,10968264
5569,2793,7753801,15557010
5569,2785,7785495,15512450
5569,2789,7799899,15534730
5569,2788,7802451,15529160
5569,2784,7806813,15506880
5569,2791,7809717,15545870
5569,2790,7820451,15540300
5569,2800,7822519,15596000
5569,2805,7826179,15623850
5569,2804,7827891,15618280
5569,2794,7833583,15562580
5569,2803,7834993,15612710
5569,2795,7848859,15568150
5569,2787,7851523,15523590
5569,2796,7851801,15573720
5569,2792,7861879,15551440
5569,2797,7883931,15579290
5569,2801,7891159,15601570
5569,2802,7895453,15607140
5569,2806,7930917,15629420
5575,3032,9708951,16906432
5575,3031,9733099,16900856
5601,2565,6521323,14369130
5601,2568,6584179,14385936
5601,2555,6594679,14313110
5601,2581,6595529,14458762
5601,2556,6602179,14318712
5601,2584,6612005,14475568
5601,2585,6620563,14481170
5601,2592,6651897,14520384
5601,2588,6756761,14497976
5601,2567,6938877,14380334
5601,2589,7014375,14503578
5601,2698,7251859,15114196
5601,2701,7252003,15131002
5601,2699,7252237,15119798
5601,2702,7286697,15136604
5601,2752,7470069,15416704
5601,2753,7489773,15422306
5601,2758,7505655,15450316
5601,2754,7524913,15427908
5601,2755,7527259,15433510
5601,2730,7664083,15293460
5601,2821,7930957,15803242
5601,2822,7959989,15808844
5601,2823,7961745,15814446
5601,2824,7985151,15820048
5601,2761,8081529,15467122
5601,2946,8661149,16503492
5601,2889,8841897,16184178
5601,2944,9163753,16492288
5601,3022,9733011,16929244
5631,2364,5328375,13314048
5631,2365,5328657,13319680
5631,2363,5388473,13308416
5631,2375,5442351,13376000
5631,2657,7139849,14964224
5657,2430,5674663,13748940
5657,2427,5690593,13731966
5657,2413,5691319,13652754
5657,2429,5698063,13743282
5657,2428,5699525,13737624
5657,2424,5716865,13714992
5657,2425,5717761,13720650
5657,2426,5722185,13726308
5657,2441,5797941,13811178
5657,2444,5837359,13828152
5657,2414,6121617,13658412
5657,2443,6227793,13822494
5673,2338,5077341,13265812
5673,2339,5078503,13271486
5673,2345,5153885,13305530
5673,2346,5154809,13311204
5673,2347,5156969,13316878
5673,2343,5157283,13294182
5673,2340,5171023,13277160
5673,2342,5177331,13288508
5673,2337,5179693,13260138
5673,2341,5192091,13282834
5673,2355,5315937,13362270
5673,2344,5344321,13299856
5729,1516,510961,8686680
5729,1520,528849,8709600
5729,1616,933831,9259680
5729,1618,986321,9271140
5729,1619,990849,9276870
5729,1623,999785,9299790
5769,2710,7332281,15636700
5769,2735,7401537,15780950
5769,2734,7415983,15775180
5769,2739,7425841,15804030
5769,2738,7441481,15798260
5769,2748,7482705,15855960
5769,2749,7487413,15861730
5769,2746,7507385,15844420
5769,2793,7844955,16115610
5791,2633,6986383,15250336
5799,2690,7194537,15602000
5839,2869,8175781,16754960
5839,2870,8208129,16760800
5839,2888,8209911,16865920
5839,2871,8330765,16766640
5839,2872,8348049,16772480
5839,2885,8363285,16848400
5839,2889,8368603,16871760
5839,2890,8371773,16877600
5839,2873,8378881,16778320
5847,1753,1645865,10251544
5847,1752,1661757,10245696
5847,2267,5012263,13257416
5847,2317,5026093,13549816
5847,2316,5039081,13543968
5847,2315,5108649,13538120
5847,2352,5212851,13754496
5849,2889,8406449,16900650
5849,2890,8414179,16906500
5857,1691,1242209,9905878
5871,2139,3984013,12560208
5871,2141,3988321,12571952
5871,2140,4003243,12566080
5871,2137,4025341,12548464
5871,2143,4046285,12583696
5871,2144,4047051,12589568
5871,2187,4261575,12842064
5881,2044,3253851,12022808
5881,2046,3335511,12034572
5881,2041,3339897,12005162
5881,2052,3343251,12069864
5881,2051,3359479,12063982
5881,2045,3373137,12028690
5881,2055,3386009,12087510
5881,2048,3556783,12046336
5881,2047,3607589,12040454
5927,2634,6773265,15614352
5927,2633,6804081,15608424
5927,2632,6889657,15602496
5959,2161,4052169,12879560
5959,2205,4306025,13141800
5959,2206,4316289,13147760
5959,2212,4382885,13183520
5959,2221,4452909,13237160
5959,2222,4465197,13243120
5975,2965,8786705,17718840
5975,2981,8909037,17814456
5977,2067,3433731,12356526
5977,2069,3438961,12368482
5977,2070,3440253,12374460
5977,2068,3443801,12362504
5977,2072,3479221,12386416
5977,2106,3555825,12589668
5977,2098,3589363,12541844
5977,2103,3596729,12571734
5977,2105,3600645,12583690
5977,2104,3617473,12577712
5977,2097,3637269,12535866
5977,2102,3668415,12565756
6007,1531,118773,9198248
6007,1544,146313,9276352
6007,1547,176981,9294376
6007,1545,193573,9282360
6007,1538,277123,9240304
6007,1575,382569,9462600
6007,1616,715423,9708928
6081,2305,4662893,14019010
6081,2290,4663935,13927780
6081,2291,4667655,13933862
6081,2308,4725177,14037256
6081,2306,4767369,14025092
6081,2316,4777423,14085912
6081,2323,4805817,14128486
6081,2327,4809417,14152814
6081,2334,4809825,14195388
6081,2333,4815237,14189306
6081,2326,4817249,14146732
6081,2324,4828961,14134568
6081,2325,4829953,14140650
6081,2322,4830111,14122404
6081,2307,4834049,14031174
6081,2335,4847511,14201470
6081,2336,4855581,14207552
6081,2337,4864093,14213634
6081,2309,4876399,14043338
6081,2330,4886253,14171060
6081,2320,4890425,14110240
6081,2328,4895793,14158896
6081,2353,5022785,14310946
6081,2315,5097577,14079830
6081,2350,5366193,14292700
6081,2352,5381885,14304864
6081,2349,5405593,14286618
6105,1783,1449545,10886998
6105,1779,1461545,10862574
6105,1778,1494351,10856468
6105,1781,1526097,10874786
6105,1784,1549333,10893104
6105,1785,1550133,10899210
6105,1782,1558131,10880892
6105,1780,1579551,10868680
6105,1807,1674711,11033542
6105,1810,1771677,11051860
6113,2521,5975001,15413394
6135,2432,5460283,14922752
6135,3180,9888885,19512480
6135,3179,9925469,19506344
6143,1649,603951,10131456
6143,1646,646431,10113024
6143,1647,646629,10119168
6143,1666,754985,10235904
6143,1679,944437,10315776
6143,1703,951703,10463232
6143,1714,998055,10530816
6143,1711,1096879,10512384
6143,1721,1211949,10573824
6143,1722,1214233,10579968
6143,2959,8786511,18180096
6151,2276,4903049,14001952
6177,2356,4923193,14555368
6177,2355,4933025,14549190
6177,2358,4949441,14567724
6177,2359,4974319,14573902
6177,2352,4983789,14530656
6177,2365,5049225,14610970
6177,2357,5060765,14561546
6177,2361,5377025,14586258
6177,2460,5680745,15197880
6241,1859,1752573,11603878
6241,1860,1776081,11610120
6241,1858,1860651,11597636
6247,2292,4504483,14320416
6247,2305,4546413,14401640
6247,2306,4551043,14407888
6247,2302,4590693,14382896
6247,2319,4656185,14489112
6247,2318,4662605,14482864
6247,2320,4703923,14495360
6247,2333,4774733,14576584
6247,2332,4777497,14570336
6247,2304,4852957,14395392
6249,2124,3517029,13275000
6249,2127,3567793,13293750
6249,2137,3635405,13356250
6249,2138,3638637,13362500
6249,2129,3677165,13306250
6249,2175,3741513,13593750
6249,2166,3745569,13537500
6249,2164,3750853,13525000
6249,2176,3776277,13600000
6249,2183,3822711,13643750
6249,2184,3833511,13650000
6249,2181,3833539,13631250
6249,2182,3835085,13637500
6249,2198,3859289,13737500
6249,2500,5866233,15625000
6249,2501,5882151,15631250
6249,2499,5883657,15618750
6249,2498,5885091,15612500
6249,2493,5891841,15581250
6249,2502,5896399,15637500
6249,2497,5927133,15606250
6249,2515,5968243,15718750
6273,3048,9282891,19123152
6273,3054,9290781,19160796
6319,2623,6538385,16577360
6319,2624,6573345,16583680
6319,2625,6580903,16590000
6319,2610,6592513,16495200
6319,2611,6597845,16501520
6319,2618,6623691,16545760
6319,2612,6634461,16507840
6319,2615,6643903,16526800
6319,2614,6660873,16520480
6319,2616,6685843,16533120
6319,2617,6690021,16539440
6319,2603,6736625,16450960
6319,2604,6744729,16457280
6319,2824,7946265,17847680
6319,3058,9223123,19326560
6319,3056,9266265,19313920
6319,3055,9285989,19307600
6319,3057,9307939,19320240
6319,3060,9369891,19339200
6327,2096,3142093,13263488
6327,2111,3417193,13358408
6329,1745,834583,11045850
6329,1743,852429,11033190
6329,1746,853641,11052180
6329,1740,854331,11014200
6329,1744,873125,11039520
6329,1739,888005,11007870
6329,1747,945369,11058510
6329,1737,949515,10995210
6329,1738,950577,11001540
6329,2784,7474445,17622720
6329,2789,7486649,17654370
6329,2796,7536139,17698680
6329,2794,7586451,17686020
6329,2780,7600897,17597400
6329,2793,7604589,17679690
6329,2781,7611873,17603730
6329,2785,7612851,17629050
6329,2782,7617969,17610060
6329,2790,7645339,17660700
6329,2792,7697681,17673360
6335,2705,7178691,17138880
6335,2706,7182937,17145216
6335,2707,7187263,17151552
6335,2711,7203921,17176896
6335,2712,7216333,17183232
6335,2709,7222725,17164224
6335,2708,7236499,17157888
6345,2343,4812725,14868678
6345,2352,4893657,14925792
6345,2351,4904041,14919446
6431,1976,2459225,12709632
6431,1977,2460093,12716064
6431,3055,9340649,19649760
6431,3048,9355455,19604736
6431,3069,9411799,19739808
6431,3056,9984855,19656192
6433,1984,2418681,12765056
6433,1990,2422965,12803660
6433,2020,2630529,12996680
6439,2863,7910119,18437720
6439,2847,7933265,18334680
6439,2851,7937263,18360440
6439,2860,7954057,18418400
6439,2861,7954325,18424840
6439,2864,7963141,18444160
6439,2865,7969455,18450600
6439,2853,7997369,18373320
6439,2846,8015633,18328240
6439,2858,8037489,18405520
6439,2862,8104453,18431280
6439,2852,8118283,18366880
6439,2826,8331125,18199440
6439,2859,8496209,18411960
6439,2848,8507685,18341120
6463,3077,9386273,19889728
6463,3080,9428533,19909120
6463,3081,9520953,19915584
6463,3082,9525831,19922048
6463,3087,9572263,19954368
6487,2790,7468957,18101520
6487,2789,7471601,18095032
6487,2815,7651313,18263720
6487,3151,9942471,20443688
6505,2969,8655121,19316314
6505,2972,8696913,19335832
6505,2970,8714429,19322820
6505,2968,8720101,19309808
6505,2967,8720803,19303302
6505,2971,8754739,19329326
6505,2966,8765045,19296796
6505,2973,8817929,19342338
6505,2978,8937089,19374868
6521,2798,7597953,18248556
6559,2293,4265263,15042080
6559,2964,8694763,19443840
6559,3004,8897405,19706240
6559,3003,8906649,19699680
6559,3000,8908557,19680000
6559,2997,8927263,19660320
6559,2999,8942309,19673440
6559,2998,8977745,19666880
6591,2719,7093513,17923648
6591,2721,7115091,17936832
6591,2720,7129653,17930240
6591,2745,7153251,18095040
6591,2748,7153701,18114816
6591,2746,7157017,18101632
6591,2747,7159395,18108224
6591,2740,7164703,18062080
6591,2750,7166959,18128000
6591,2743,7173841,18081856
6591,2742,7195393,18075264
6591,2749,7208617,18121408
6591,2744,7222169,18088448
6591,2751,7222185,18134592
6591,2752,7230733,18141184
6591,2775,7450561,18292800
6591,2791,7467449,18398272
6591,2793,7518093,18411456
6591,2792,7525011,18404864
6591,2794,7556969,18418048
6591,2795,7565119,18424640
6591,2753,7570671,18147776
6591,2754,7570973,18154368
6593,2756,7231851,18173064
6593,2753,7244899,18153282
6593,2759,7271709,18192846
6593,2758,7272051,18186252
6593,2761,7313535,18206034
6593,2755,7356125,18166470
6593,2765,7360841,18232410
6593,2754,7364849,18159876
6593,2760,7370993,18199440
6593,3129,9689645,20632626
6649,2751,7265497,18294150
6649,2750,7265737,18287500
6649,2748,7269473,18274200
6649,2752,7272873,18300800
6649,2753,7280391,18307450
6649,2783,7351053,18506950
6649,2782,7355549,18500300
6649,2784,7377313,18513600
6649,2776,7383945,18460400
6649,2785,7392961,18520250
6649,2790,7422463,18553500
6649,2792,7437241,18566800
6649,2797,7449029,18600050
6649,2789,7469321,18546850
6649,2795,7469623,18586750
6649,2796,7477003,18593400
6649,2793,7481753,18573450
6649,2794,7486985,18580100
6649,2798,7490849,18606700
6649,2768,7738673,18407200
6649,2781,7821333,18493650
6679,2101,2851155,14034680
6679,2121,2852719,14168280
6679,2105,2856403,14061400
6679,2102,2920431,14041360
6679,2104,2974033,14054720
6679,2115,2977949,14128200
6679,2122,2998453,14174960
6679,2114,3030499,14121520
6679,2217,3580673,14809560
6679,2216,3600525,14802880
6735,1889,1390843,12724304
6735,2175,3333405,14650800
6735,2179,3353849,14677744
6735,2178,3355963,14671008
6735,2184,3361221,14711424
6735,2176,3375833,14657536
6735,2177,3387951,14664272
6735,2186,3412089,14724896
6735,2174,3414545,14644064
6735,2185,3414981,14718160
6799,1743,263833,11852400
6799,1744,323553,11859200
6799,1771,531733,12042800
6799,1819,765057,12369200
6807,1972,1837093,13425376
6807,1973,1868637,13432184
6807,1974,1941711,13438992
6807,2037,2149265,13867896
6807,2040,2181661,13888320
6807,2031,2183577,13827048
6807,2029,2202013,13813432
6807,2032,2202749,13833856
6807,2033,2207353,13840664
6807,2039,2301305,13881512
6807,2041,2302603,13895128
6807,2142,3035059,14582736
6807,2140,3036601,14569120
6807,2141,3061551,14575928
6817,2921,8369613,19915378
6817,2922,8413579,19922196
6817,2984,8657719,20344912
6817,2987,8675129,20365366
6817,2989,8687133,20379002
6817,2981,8699397,20324458
6817,2986,8709373,20358548
6817,2988,8716449,20372184
6817,2985,8722501,20351730
6817,2990,8769831,20385820
6817,2983,8787369,20338094
6817,2991,8792173,20392638
6825,2728,6913713,18621328
6825,2725,6960629,18600850
6825,2729,7005605,18628154
6825,2731,7009553,18641806
6825,2732,7033513,18648632
6831,2430,4830255,16601760
6831,2429,4863373,16594928
6831,2431,4911057,16608592
6831,2432,4919161,16615424
6849,1939,1420251,13282150
6857,2341,4214697,16054578
6857,2331,4244909,15985998
6857,2538,5685373,17405604
6857,2566,5903893,17597628
6857,2565,5955425,17590770
6857,2564,5962049,17583912
6857,2578,5988679,17679924
6857,2575,6048703,17659350
6857,2574,6050589,17652492
6857,2579,6089577,17686782
6857,2567,6147891,17604486
6857,2618,6286833,17954244
6857,2627,6287571,18015966
6857,2576,6291823,17666208
6857,2628,6296681,18022824
6857,2626,6324097,18009108
6857,2629,6325131,18029682
6857,2616,6342201,17940528
6857,2642,6390173,18118836
6857,2684,6551741,18406872
6857,2685,6554697,18413730
6857,2645,6565077,18139410
6857,2683,6569775,18400014
6857,2682,6602433,18393156
6857,2692,6607145,18461736
6857,2686,6611661,18420588
6857,2687,6617461,18427446
6857,2694,6635921,18475452
6857,2693,6656433,18468594
6857,2690,6665659,18448020
6857,2688,6678601,18434304
6857,2646,6693195,18146268
6857,2926,8158197,20066508
6857,2913,8220523,19977354
6857,2924,8349553,20052792
6857,2917,8358837,20004786
6857,2922,8368857,20039076
6857,2925,8433853,20059650
6857,2936,8505029,20135088
6857,2934,8595185,20121372
6857,2935,8597481,20128230
6913,3185,9941189,22021090
6921,3002,8954451,20779844
6921,3004,8998889,20793688
6921,3101,9441763,21465122
6921,3116,9555597,21568952
6921,3115,9557331,21562030
6921,3113,9607109,21548186
6967,2939,8254325,20478952
6969,1930,1325683,13452100
6969,2001,1731831,13946970
6969,2003,1735677,13960910
6969,2004,1737637,13967880
6969,2000,1749315,13940000
6969,2005,1752657,13974850
6977,2183,3051883,15232974
7033,2951,8333899,20757334
7033,2950,8338589,20750300
7033,2955,8340561,20785470
7033,2959,8373785,20813606
7033,2957,8457921,20799538
7033,2958,8458929,20806572
7033,2956,8831803,20792504
7033,3100,9398493,21805400
7033,3099,9497317,21798366
7033,3123,9578211,21967182
7033,3124,9584581,21974216
7033,3112,9603461,21889808
7033,3127,9608391,21995318
7033,3125,9628793,21981250
7033,3113,9974557,21896842
7039,3158,9786937,22232320
7039,3159,9804139,22239360
7039,3157,9820533,22225280
7039,3168,9862773,22302720
7039,3169,9867891,22309760
7039,3166,9877635,22288640
7039,3167,9878475,22295680
7039,3154,9883745,22204160
7039,3153,9912319,22197120
7039,3165,9932981,22281600
7039,3174,9947017,22344960
7039,3156,9963345,22218240
7041,1884,928869,13267128
7041,1887,1017241,13288254
7041,1888,1022129,13295296
7041,1889,1038001,13302338
7041,1914,1044173,13478388
7041,1890,1057723,13309380
7041,1894,1066897,13337548
7041,1915,1074171,13485430
7041,1916,1112203,13492472
7041,1895,1149771,13344590
7041,1985,1480857,13978370
7041,1983,1485281,13964286
7041,1984,1486437,13971328
7041,1982,1497379,13957244
7041,1986,1499645,13985412
7041,2022,1808193,14238924
7041,2025,1864753,14260050
7041,2024,1943899,14253008
7041,2033,1946397,14316386
7041,2017,1955737,14203714
7041,2034,1971739,14323428
7041,2032,1971943,14309344
7041,2018,2012661,14210756
7041,2016,2027925,14196672
7041,2083,2134303,14668486
7041,2077,2231437,14626234
7041,2264,3480273,15943088
7041,2939,8324521,20696438
7041,2938,8334661,20689396
7041,2940,8338131,20703480
7041,2936,8349881,20675312
7041,2937,8365745,20682354
7041,2935,8367961,20668270
7041,2932,8402997,20647144
7041,3033,8920653,21358386
7041,3034,8923695,21365428
7041,3032,8965935,21351344
7041,3037,8975803,21386554
7041,3045,9060403,21442890
7041,3047,9079185,21456974
7041,3078,9152715,21675276
7041,3077,9186605,21668234
7041,3081,9200983,21696402
7041,3082,9205925,21703444
7041,3080,9206009,21689360
7041,3057,9206719,21527394
7041,3079,9212413,21682318
7041,3083,9215511,21710486
7041,3051,9230631,21485142
7041,3056,9251683,21520352
7041,3113,9416055,21921746
7041,3112,9434489,21914704
7041,3111,9879919,21907662
7047,2389,4447973,16837672
7073,2929,8240009,20719746
7103,2093,2094717,14868672
7103,2165,2648577,15380160
7103,2167,2660081,15394368
7103,2166,2661161,15387264
7103,2168,2706171,15401472
7103,2160,2730305,15344640
7103,2174,2732359,15444096
7103,2172,2772439,15429888
7103,2173,2796341,15436992
7111,3145,9737091,22367240
7161,1957,1145997,14016034
7183,1987,1258639,14274608
7183,1967,1295637,14130928
7183,1966,1330459,14123744
7183,1991,1335549,14303344
7183,1990,1346549,14296160
7183,1989,1372851,14288976
7183,1968,1380033,14138112
7193,1887,674983,13575078
7193,1900,688221,13668600
7233,2746,6688483,19864564
7233,2753,6805553,19915202
7233,2750,6876643,19893500
7233,2749,6887233,19886266
7233,2752,6887321,19907968
7233,2748,7194111,19879032
7233,2919,8052693,21116046
7233,2933,8103673,21217322
7233,2934,8126141,21224556
7233,2931,8148193,21202854
7233,2932,8150865,21210088
7233,2935,8164349,21231790
7233,2918,8506845,21108812
7241,2858,7547217,20697636
7241,2884,7788255,20885928
7241,2880,7797629,20856960
7287,2544,5122073,18540672
7287,2545,5122121,18547960
7287,2543,5173077,18533384
7289,2464,4400577,17962560
7289,2463,4401341,17955270
7289,2465,4406151,17969850
7289,2460,4427673,17933400
7289,2458,4448617,17918820
7289,2459,4490885,17926110
7289,2462,4491553,17947980
7289,2467,4492485,17984430
7289,2468,4492689,17991720
7289,2461,4492723,17940690
7289,2466,4513213,17977140
7289,2477,4714131,18057330
7289,2486,4893277,18122940
7289,2485,4922091,18115650
7289,2492,4969251,18166680
7289,2493,4970239,18173970
7289,2494,4972221,18181260
7289,2519,5011917,18363510
7289,2518,5032857,18356220
7289,2523,5120281,18392670
7289,2522,5129141,18385380
7289,2473,5129489,18028170
7289,2491,5189625,18159390
7289,2487,5196001,18130230
7289,2488,5254281,18137520
7289,2516,5271905,18341640
7289,2517,5285333,18348930
7329,2876,7640991,21081080
7329,2925,8093889,21440250
7329,2933,8106471,21498890
7329,2932,8111179,21491560
7329,2930,8113389,21476900
7329,2937,8113689,21528210
7329,2931,8114991,21484230
7329,2928,8126433,21462240
7329,2929,8139993,21469570
7329,2927,8151735,21454910
7329,2889,8191431,21176370
7329,2958,8306179,21682140
7329,2957,8395453,21674810
7329,2923,8524421,21425590
7337,2871,7532451,21067398
7337,2870,7542665,21060060
7337,2888,7839471,21192144
7337,2893,7863139,21228834
7337,2890,7863613,21206820
7337,2894,7870377,21236172
7337,2904,7880457,21309552
7337,2892,7883211,21221496
7337,2895,7886977,21243510
7337,2891,7897939,21214158
7337,2889,7900745,21199482
7337,2897,7905353,21258186
7337,2903,7971873,21302214
7337,2908,8042049,21338904
7337,2905,8064397,21316890
7337,2906,8064405,21324228
7337,2909,8073001,21346242
7337,2907,8179245,21331566
7337,2898,8317529,21265524
7337,2896,8386005,21250848
7337,2976,8435765,21837888
7337,2975,8488063,21830550
7337,2977,8498661,21845226
7337,2960,8831977,21720480
7351,1999,936545,14696648
7351,1998,945711,14689296
7351,2002,991131,14718704
7351,2001,991483,14711352
7351,2000,1007829,14704000
7351,1997,1010885,14681944
7351,1991,1027233,14637832
7351,1992,1050849,14645184
7351,2006,1142571,14748112
7351,1994,1155471,14659888
7351,2029,1293541,14917208
7351,2030,1298991,14924560
7351,2033,1324949,14946616
7361,2217,2538739,16321554
7361,2242,2884311,16505604
7361,2239,2885289,16483518
7361,2238,2885433,16476156
7361,2241,2921189,16498242
7361,2247,2930157,16542414
7361,2249,2958897,16557138
7361,2240,2970217,16490880
7361,2270,3069525,16711740
7361,2273,3102771,16733826
7361,2272,3227049,16726464
7361,2311,3320179,17013582
7361,2314,3361557,17035668
7361,2317,3433141,17057754
7361,2316,3436265,17050392
7361,2335,3558817,17190270
7361,2318,3564297,17065116
7361,2326,3581931,17124012
7361,2339,3676893,17219718
7361,2359,3697185,17366958
7383,2736,6561777,20202624
7449,2043,1348663,15220350
7455,3091,9057057,23046496
7455,3090,9061977,23039040
7455,3082,9155623,22979392
7455,3083,9155645,22986848
7455,3105,9565579,23150880
7455,3089,9759845,23031584
7503,2393,4060219,17957072
7535,2945,7849385,22193520
7535,2946,7853549,22201056
7535,2944,7871865,22185984
7535,2949,7974375,22223664
7535,2947,7983373,22208592
7535,2948,8025433,22216128
7535,3001,8207863,22615536
7535,3002,8210069,22623072
7535,2998,8317589,22592928
7535,2999,8420249,22600464
7535,3007,8426385,22660752
7535,3008,8437551,22668288
7535,2997,8453549,22585392
7535,3000,8467731,22608000
7535,3038,8610201,22894368
7535,3035,8612653,22871760
7535,3041,8648865,22916976
7535,3005,8855265,22645680
7535,3036,9132489,22879296
7535,3052,9314465,22999872
7535,3055,9343813,23022480
7553,1902,134369,14367708
7553,1901,154681,14360154
7553,1938,357411,14639652
7553,1939,363845,14647206
7553,1940,408799,14654760
7553,1936,443165,14624544
7553,1960,544603,14805840
7553,1958,544985,14790732
7553,1961,546319,14813394
7553,1959,560729,14798286
7553,1962,570457,14820948
7649,2681,5716851,20509650
7649,3102,9761761,23730300
7671,3042,8562697,23338224
7671,3041,8571749,23330552
7671,3040,8590731,23322880
7671,3058,8594757,23460976
7671,3045,8608281,23361240
7671,3057,8609757,23453304
7671,3044,8613237,23353568
7671,3056,8620911,23445632
7671,3055,8666781,23437960
7671,3043,8721957,23345896
7671,3081,8747719,23637432
7671,3080,8752279,23629760
7671,3052,8768129,23414944
7671,3053,8774623,23422616
7671,3054,8830053,23430288
7671,3114,9213433,23890608
7671,3115,9242239,23898280
7671,3082,9497765,23645104
7671,3088,9507841,23691136
7673,2319,3090853,17796006
7673,2321,3104921,17811354
7673,2322,3126465,17819028
7673,2323,3131521,17826702
7673,2320,3131893,17803680
7673,2325,3132037,17842050
7673,2326,3145413,17849724
7673,2324,3146083,17834376
7673,2327,3147929,17857398
7673,2329,3148381,17872746
7673,2331,3158751,17888094
7673,2356,3285711,18079944
7673,2357,3291097,18087618
7673,2346,3310903,18003204
7673,2373,3368833,18210402
7695,3212,9982173,24719552
7695,3211,9986119,24711856
7695,3213,9988579,24727248
7743,2846,6931933,22039424
7743,2845,6937999,22031680
7743,2850,7047329,22070400
7743,2853,7051737,22093632
7753,2695,5854201,20897030
7753,2694,5879141,20889276
7759,2939,7687289,22806640
7759,2934,7741601,22767840
7759,2940,7775697,22814400
7759,2954,7898925,22923040
7759,2958,8071297,22954080
7777,2050,723181,15944900
7777,2049,813425,15937122
7777,2055,838921,15983790
7777,2054,839189,15976012
7785,2984,8138793,23233424
7785,2986,8163101,23248996
7785,3192,9572457,24852912
7785,3193,9696401,24860698
7785,3195,9739633,24876270
7785,3196,9741241,24884056
7785,3194,9778999,24868484
7785,3222,9942619,25086492
7785,3223,9967273,25094278
7831,2969,7856563,23253208
7831,2968,7966317,23245376
7839,2279,2519059,17867360
7839,2278,2519271,17859520
7839,2280,2519345,17875200
7839,2277,2537505,17851680
7839,2755,6344913,21599200
7897,3153,9334869,24902394
7897,3192,9583421,25210416
7897,3194,9588859,25226212
7897,3193,9591849,25218314
7897,3195,9604889,25234110
7897,3196,9615997,25242008
7929,3038,8327443,24091340
7929,3069,9160209,24337170
7929,3070,9167659,24345100
7993,2002,15081,16003988
7993,2003,85333,16011982
7993,2004,178353,16019976
7993,2011,201249,16075934
7993,2005,215529,16027970
7993,2012,315651,16083928
7993,2013,318795,16091922
8033,2657,5083553,21346338
8033,2656,5096751,21338304
8033,2651,5259817,21298134
8033,2652,5264743,21306168
8033,2650,5283873,21290100
8033,2666,5347385,21418644
8033,2665,5514471,21410610
8095,2562,4281241,20741952
8095,2559,4331539,20717664
8095,2558,4388625,20709568
8127,2673,5250651,21726144
8127,2672,5290063,21718016
8127,2674,5312405,21734272
8127,2696,5488213,21913088
8127,2697,5520831,21921216
8127,2741,5695857,22278848
8169,2609,4443673,21315530
8169,2612,4455163,21340040
8169,2608,4459557,21307360
8169,2594,4473821,21192980
8169,2593,4488901,21184810
8169,2613,4491465,21348210
8169,2595,4494989,21201150
8169,2610,4495753,21323700
8169,2597,4509217,21217490
8169,2604,4512223,21274680
8169,2611,4525557,21331870
8169,2606,4552601,21291020
8169,2596,4554825,21209320
8169,2617,4750243,21380890
8169,2732,5498151,22320440
8169,2742,5646237,22402140
8169,2728,5666323,22287760
8169,2727,5683851,22279590
8169,2743,5760509,22410310
8169,2729,5767829,22295930
8169,2726,6026729,22271420
8185,2202,1210791,18025572
8185,2205,1221489,18050130
8185,2203,1253017,18033758
8185,2204,1286129,18041944
8185,2201,1376641,18017386
8191,3229,9480261,26451968
8191,3208,9545359,26279936
8191,3228,9575511,26443776
8191,3249,9689661,26615808
8191,3252,9703731,26640384
8191,3253,9706981,26648576
8191,3243,9799063,26566656
8191,3244,9829603,26574848
8191,3264,9846351,26738688
8191,3262,9863353,26722304
8191,3263,9912105,26730496
8191,3265,9916677,26746880
8191,3266,9999019,26755072
8193,2487,3433145,20378478
8193,2488,3539017,20386672
8193,2489,3560533,20394866
8193,2486,3640371,20370284
8193,2573,4461689,21083162
8193,2574,4711737,21091356
8297,3083,8336981,25582734
8297,3081,8441801,25566138
8297,3101,8501511,25732098
8297,3100,8516751,25723800
8297,3092,8568379,25657416
8297,3099,8569963,25715502
8297,3097,9099605,25698906
8297,3098,9129101,25707204
8303,2327,1979345,19323408
8303,2399,2456931,19921296
8303,2401,2465173,19937904
8303,2400,2466763,19929600
8351,2386,2440513,19927872
8351,2384,2454411,19911168
8377,2104,292999,17627312
8377,2148,364349,17995944
8481,2191,627425,18584062
8481,3116,8457231,26429912
8481,3117,8513413,26438394
8481,3119,8516201,26455358
8481,3120,8564263,26463840
8481,3118,8572971,26446876
8481,3229,9369429,27388378
8481,3230,9387111,27396860
8481,3232,9412519,27413824
8481,3231,9413549,27405342
8481,3239,9459291,27473198
8481,3226,9969333,27362932
8503,2335,1807649,19856840
8503,2331,1827951,19822824
8503,2332,1848841,19831328
8503,2329,1877617,19805816
8503,2908,6867961,24729632
8577,2593,3522061,22242754
8577,2590,3542289,22217020
8577,2594,3589813,22251332
8577,2600,3769445,22302800
8577,2584,3778851,22165552
8577,2585,3779333,22174130
8577,2599,3794273,22294222
8577,2598,3814851,22285644
8577,2597,3863373,22277066
8577,2596,4003857,22268488
8577,2601,4014153,22311378
8577,2604,4103539,22337112
8577,2605,4119433,22345690
8577,2606,4150699,22354268
8577,3280,9802557,28135840
8577,3284,9816693,28170152
8577,3295,9948221,28264510
8767,2202,159531,19307136
8767,2260,626037,19815680
8767,2259,650497,19806912
8767,2304,812511,20201472
8767,2303,855859,20192704
8767,2417,1994533,21192256
8767,2416,2102793,21183488
8767,2418,2133213,21201024
8767,2414,2158113,21165952
8767,2413,2181721,21157184
8897,2658,3815041,23650884
8897,2711,4330169,24122478
8897,2710,4332813,24113580
8897,2712,4467439,24131376
8897,2802,4878711,24932196
8897,2782,4911283,24754236
8897,2803,4938213,24941094
8897,2804,5065131,24949992
8897,2790,5068601,24825420
8897,2801,5078381,24923298
8897,2780,5206205,24736440
8897,2781,5216169,24745338
8897,2875,5920241,25581750
8897,3031,6988205,26969838
8991,3287,9056119,29556704
8991,3286,9056931,29547712
8991,3301,9467391,29682592
8991,3347,9874933,30096224
8991,3344,9892293,30069248
8991,3345,9908313,30078240
8991,3353,9947151,30150176
8991,3352,9980059,30141184
8991,3348,9994543,30105216
9001,3137,7960243,28239274
9025,2537,2266173,22898962
9025,2521,2289009,22754546
9025,2520,2304749,22745520
9025,2531,2346103,22844806
9025,2513,2357599,22682338
9025,2548,2400665,22998248
9025,2546,2418185,22980196
9025,2526,2418633,22799676
9025,2525,2420151,22790650
9025,2534,2423173,22871884
9025,2545,2425385,22971170
9025,2523,2436351,22772598
9025,2533,2454253,22862858
9025,2517,2459175,22718442
9025,2522,2465353,22763572
9025,2530,2483493,22835780
9025,2524,2501945,22781624
9025,2527,2514799,22808702
9025,2528,2544873,22817728
9025,2554,2560219,23052404
9025,2557,2569957,23079482
9025,2555,2609511,23061430
9025,2556,2613189,23070456
9025,2553,2630175,23043378
9025,2572,2695409,23214872
9025,2529,2697703,22826754
9025,2550,2718189,23016300
9025,2551,2718457,23025326
9025,2540,2745457,22926040
9025,2547,2756923,22989222
9025,2552,2800681,23034352
9025,2629,3191993,23729354
9025,3324,9581921,30002424
9025,3322,9593419,29984372
9025,3330,9687171,30056580
9047,3075,7175461,27822600
9047,3133,7863009,28347384
9047,3132,7863101,28338336
9047,3131,7871533,28329288
9047,3128,8031231,28302144
9047,3129,8303189,28311192
9057,2571,2781273,23288118
9057,2572,2789955,23297176
9057,2570,2872611,23279060
9057,2633,3397533,23849714
9057,2663,3483329,24121454
9057,2634,3488211,23858772
9057,2664,3500489,24130512
9057,2665,3513773,24139570
9097,3319,9380775,30196262
9097,3318,9411005,30187164
9097,3313,9441597,30141674
9097,3274,9651795,29786852
9097,3369,9882273,30651162
9113,2386,850243,21746004
9295,2965,6001917,27562640
9295,2961,6083091,27525456
9295,2985,6177089,27748560
9295,2984,6185697,27739264
9295,2983,6219329,27729968
9295,2957,6371937,27488272
9433,3018,6014677,28471812
9433,3021,6018213,28500114
9433,3022,6022071,28509548
9433,3023,6032961,28518982
9433,3024,6061173,28528416
9433,3025,6085333,28537850
9433,3020,6097017,28490680
9433,3019,6156545,28481246
9433,3096,6876799,29207664
9433,3100,6920091,29245400
9433,3095,6922857,29198230
9433,3097,6943611,29217098
9433,3102,6963245,29264268
9441,2464,863571,23265088
9441,2463,932797,23255646
9441,2465,949681,23274530
9441,2560,1686001,24171520
9441,2935,5298689,27712270
9441,2934,5319823,27702828
9441,2933,5335071,27693386
9441,2932,5383197,27683944
9441,2942,5453053,27778364
9441,2943,5511345,27787806
9441,3171,7813681,29940582
9503,2878,4827913,27352512
9689,2818,3700399,27306420
9689,2827,3778791,27393630
9689,2821,3823673,27335490
9689,2828,3826311,27403320
9689,2848,3830779,27597120
9689,2847,3833211,27587430
9689,2849,3865229,27606810
9689,2850,3882097,27616500
9689,2853,3898491,27645570
9689,2852,3901993,27635880
9689,2851,3977023,27626190
9689,2857,4192005,27684330
9761,3232,7604481,31550784
9761,3233,7604511,31560546
9761,3370,9048553,32897940
9775,3414,9380229,33375264
9775,3422,9457695,33453472
9775,3423,9516555,33463248
9775,3420,9667251,33433920
9775,3427,9721423,33502352
9775,3428,9842861,33512128
9793,3242,7772115,31752148
9793,3243,7884555,31761942
9793,3244,7974193,31771736
9817,2688,2043657,26390784
9817,2702,2252977,26528236
9817,2701,2288729,26518418
9817,2689,2317423,26400602
9817,2700,2319859,26508600
9817,2703,2378741,26538054
9817,2690,2434269,26410420
9817,2762,2637403,27117316
9817,2779,2868905,27284222
9817,2771,2880489,27205678
9817,2778,2899649,27274404
9817,2773,2931945,27225314
9817,2777,2932723,27264586
9817,2772,2952365,27215496
9817,2781,3101145,27303858
9817,2789,3102161,27382402
9817,2760,3123255,27097680
9817,2786,3148077,27352948
9817,2784,3156665,27333312
9817,2810,3167503,27588580
9817,2785,3169989,27343130
9817,2813,3187971,27618034
9817,2780,3194393,27294040
9817,2802,3290381,27510036
9817,2782,3334913,27313676
9817,2798,3385519,27470764
9817,2811,3484635,27598398
9817,2797,3497113,27460946
9817,2821,3497857,27696578
9817,2823,3510615,27716214
9817,2814,3514829,27627852
9817,2819,3521609,27676942
9817,2815,3525089,27637670
9817,2818,3525449,27667124
9817,2832,3565153,27804576
9817,2816,3641013,27647488
9817,2825,3662789,27735850
9817,2836,3687561,27843848
9817,2822,3860893,27706396
9849,2879,4110041,28358150
9849,2880,4383079,28368000
9887,2491,289159,24631008
9889,2688,2042179,26584320
9889,3451,9565809,34130390
9889,3450,9680889,34120500
9889,3481,9744729,34427090
9889,3480,9803803,34417200
9889,3484,9819837,34456760
9889,3472,9832809,34338080
9889,3479,9863677,34407310
9889,3486,9877761,34476540
9889,3485,9888951,34466650
9889,3483,9954357,34446870
9889,3482,9963309,34436980
9897,3333,8357337,32990034
9897,3328,8383377,32940544
9897,3332,8410371,32980136
9897,3335,8412029,33009830
9897,3334,8421305,32999932
9897,3331,8422505,32970238
9897,3329,8430089,32950442
9897,3337,8571905,33029626
9897,3330,8806845,32960340
9903,2860,3628445,28325440
9903,2859,3629113,28315536
9943,3476,9811279,34565344
10063,3456,9312433,34781184
10063,3472,9358077,34942208
10063,3468,9364625,34901952
10063,3471,9364723,34932144
10063,3469,9378253,34912016
10063,3470,9378541,34922080
10063,3460,9379441,34821440
10063,3465,9406281,34871760
10063,3473,9413419,34952272
10063,3474,9415671,34962336
10063,3466,9438739,34881824
10063,3459,9445229,34811376
10063,3464,9452705,34861696
10063,3458,9457879,34801312
10063,3482,9481039,35042848
10063,3467,9522593,34891888
10063,3481,9527443,35032784
10063,3495,9601617,35173680
10063,3496,9603463,35183744
10063,3498,9618433,35203872
10063,3497,9636521,35193808
10063,3493,9678213,35153552
10063,3486,9693943,35083104
10063,3489,9703889,35113296
10063,3485,9737041,35073040
10063,3506,9773641,35284384
10063,3483,9809525,35052912
10063,3509,9819817,35314576
10063,3512,9866839,35344768
10063,3518,9953861,35405152
10071,2749,2151785,27687928
10071,2737,2166489,27567064
10071,2731,2211831,27506632
10071,2748,2351557,27677856
10071,2761,2477599,27808792
10071,2771,2735205,27909512
10071,2772,2758099,27919584
10071,3158,6604893,31807376
10071,3165,6656021,31877880
10071,3166,6689781,31887952
10175,2593,273657,26386368
10175,2571,314623,26162496
10175,2594,744619,26396544
10175,2595,745251,26406720
10175,2837,2627713,28869312
10175,2849,2897193,28991424
10175,2857,2904473,29072832
10175,2859,2905039,29093184
10175,2864,2907891,29144064
10175,2858,2913379,29083008
10175,2848,2917431,28981248
10175,2861,3051019,29113536
10175,2862,3171315,29123712
10175,2860,3197093,29103360
10175,2863,3383157,29133888
10175,3215,6672133,32715840
10175,3213,6688543,32695488
10175,3216,6689853,32726016
10175,3209,6718917,32654784
10175,3214,6724459,32705664
10175,3210,6905613,32664960
10175,3211,6911225,32675136
10175,3219,6965623,32756544
10175,3217,7086041,32736192
10175,3208,7214045,32644608
10175,3218,7494951,32746368
10175,3385,8498803,34445760
10175,3392,8579521,34516992
10175,3386,8588325,34455936
10175,3414,8617993,34740864
10175,3416,9146765,34761216
10209,2596,113119,26505160
10209,2597,113533,26515370
10209,2598,142057,26525580
10209,2599,349269,26535790
10209,2612,387471,26668520
10209,2613,389313,26678730
10209,2617,437631,26719570
10209,2611,469313,26658310
10209,2604,481257,26586840
10209,2618,481671,26729780
10209,2600,498643,26546000
10209,2619,516809,26739990
10209,2610,670361,26648100
10209,2609,688689,26637890
10239,2589,369149,26511360
10239,2596,394125,26583040
10239,2588,413631,26501120
10239,2635,972073,26982400
10239,2664,1198213,27279360
10241,3020,4611153,30930840
10329,3294,7001189,34027020
10329,3341,7454673,34512530
10329,3346,7469997,34564180
10329,3345,7555671,34553850
10329,3343,7603093,34533190
10329,3329,7669581,34388570
10329,3334,7679193,34440220
10329,3328,7687545,34378240
10329,3333,7697985,34429890
10329,3342,7989821,34522860
10329,3546,9959213,36630180
10377,3352,7553921,34787056
10377,3353,7655821,34797434
10377,3342,7716009,34683276
10377,3344,7762303,34704032
10377,3343,7774773,34693654
10377,3356,7835031,34828568
10377,3341,7875379,34672898
10377,3386,8031223,35139908
10377,3384,8059749,35119152
10377,3383,8059925,35108774
10377,3385,8173063,35129530
10377,3387,8185413,35150286
10377,3382,8248961,35098396
10377,3345,8322585,34714410
10377,3346,8322665,34724788
10433,2970,3400191,30988980
10433,2956,3734175,30842904
10433,2955,3765545,30832470
10433,2957,3781541,30853338
10433,2953,3821853,30811602
10433,2974,4007175,31030716
10537,3570,9841201,37620660
10553,2931,2850901,30933774
10553,2930,3089913,30923220
10553,2928,3196903,30902112
10553,2933,3309801,30954882
10553,2929,3310005,30912666
10613,2637,365641,27989118
10631,2664,223809,28323648
10631,2746,839101,29195472
10631,2745,947173,29184840
10631,2748,969189,29216736
10785,3062,4095481,33026732
10785,3061,4136373,33015946
10841,2720,40529,29490240
10841,2722,62081,29511924
10841,2723,77857,29522766
10841,2770,317133,30032340
10841,2750,343833,29815500
10841,2752,471785,29837184
10841,2775,590833,30086550
10841,2779,617031,30129918
10841,2764,618435,29967288
10841,2780,633897,30140760
10841,2774,634365,30075708
10841,2773,711675,30064866
10841,2781,750569,30151602
10841,2771,753861,30043182
10841,2776,777873,30097392
10841,2856,1911813,30964752
10903,3381,7235161,36866424
10903,3380,7237481,36855520
10903,3378,7330851,36833712
10903,3379,7373719,36844616
10903,3386,7426933,36920944
10903,3377,7681093,36822808
10967,3095,4081601,33945960
10967,3118,4108399,34198224
10967,3126,4249911,34285968
10967,3125,4262401,34275000
10967,3124,4263343,34264032
10967,3191,4892105,34998888
10967,3210,4916553,35207280
10967,3190,4949239,34987920
10967,3189,5065759,34976952
10967,3230,5107251,35426640
10967,3239,5123921,35525352
10967,3237,5199389,35503416
10967,3231,5338269,35437608
10967,3229,5479713,35415672
10967,3263,5568953,35788584
10967,3238,5609511,35514384
10967,3262,5645165,35777616
10967,3479,8032445,38157672
10967,3480,8076831,38168640
11073,2829,582693,31328346
11137,3560,8723045,39651280
11137,3562,8893663,39673556
11321,2882,752119,32630004
11321,2883,777853,32641326
11321,2920,857925,33060240
11321,2918,874279,33037596
11321,2919,875419,33048918
11417,3188,3759133,36400584
11417,3191,3778879,36434838
11417,3183,3784681,36343494
11417,3186,3819433,36377748
11417,3185,3827253,36366330
11417,3224,3831181,36811632
11417,3187,3838395,36389166
11417,3181,3846941,36320658
11417,3212,3849161,36674616
11417,3213,3849213,36686034
11417,3182,3862513,36332076
11417,3184,3888629,36354912
11417,3189,3897559,36412002
11417,3193,3903777,36457674
11417,3229,4093229,36868722
11417,3235,4107817,36937230
11417,3231,4121277,36891558
11417,3232,4124433,36902976
11417,3233,4129699,36914394
11417,3222,4198121,36788796
11417,3228,4239785,36857304
11417,3243,4304659,37028574
11417,3244,4304949,37039992
11417,3230,4475337,36880140
11417,3241,4493325,37005738
11417,3242,4506997,37017156
11417,3238,4599433,36971484
11489,2880,1853,33091200
11489,2882,64399,33114180
11489,2879,102453,33079710
11489,2899,257553,33309510
11489,2907,321583,33401430
11727,3478,6691657,40789984
11769,3437,6069453,40453490
11769,3460,6180351,40724200
11769,3459,6297329,40712430
11769,3461,6332803,40735970
11833,3465,6259215,41004810
11833,3466,6404397,41016644
11833,3495,6476705,41359830
11833,3496,6492111,41371664
11841,3604,7468025,42678568
11841,3603,7470621,42666726
11841,3606,7553981,42702252
11841,3607,7602209,42714094
11841,3608,7734033,42725936
11841,3609,7765333,42737778
11841,3605,8020303,42690410
12015,3608,7605171,43353728
12015,3609,7605209,43365744
12057,3356,3961325,40466648
12057,3354,4014231,40442532
12057,3359,4047291,40502822
12057,3358,4051017,40490764
12057,3355,4106325,40454590
12057,3550,6112491,42805900
12057,3567,6351521,43010886
12057,3553,6366681,42842074
12057,3566,6380309,42998828
12057,3563,6462665,42962654
12057,3561,6477729,42938538
12057,3562,6489573,42950596
12057,3565,6489577,42986770
12057,3560,6589497,42926480
12183,3294,2381825,40134096
12183,3291,3160921,40097544
12183,3366,3483209,41011344
12257,3199,1475753,39213342
12287,3245,2175593,39874560
12287,3247,2176505,39899136
12287,3246,2177623,39886848
12287,3256,2229269,40009728
12287,3252,2243833,39960576
12287,3255,2520793,39997440
12287,3394,3992253,41705472
12287,3457,4728425,42479616
12287,3749,8209339,46067712
12287,3750,8229373,46080000
12287,3725,8441839,45772800
12287,3745,8610523,46018560
12287,3746,8855073,46030848
12455,3367,2951285,41939352
12455,3371,3119369,41989176
12599,3224,758273,40622400
12599,3223,759817,40609800
12599,3228,804761,40672800
12599,3230,991251,40698000
12671,3175,31611,40233600
12671,3173,71719,40208256
12671,3179,367393,40284288
12679,3581,5121233,45407080
12679,3585,5132835,45457800
12679,3587,5212377,45483160
12679,3577,5344663,45356360
12679,3584,5551829,45445120
12679,3586,5591539,45470480
12679,3588,5619153,45495840
12679,3583,5709825,45432440
12679,3589,5765691,45508520
12679,3807,8186895,48272760
12679,3805,8232641,48247400
12679,3804,8324229,48234720
12679,3806,8326985,48260080
12679,3803,8356219,48222040
12679,3802,8383243,48209360
12679,3809,8470671,48298120
12697,3481,4045723,44201738
12697,3479,4117431,44176342
12697,3487,4214553,44277926
12697,3488,4218283,44290624
12697,3490,4332461,44316020
12697,3489,4500651,44303322
12735,3344,1612603,42589184
12735,3365,1686103,42856640
12735,3364,1689473,42843904
12735,3345,1750363,42601920
12735,3342,1818885,42563712
12735,3334,1912153,42461824
12735,3341,1935537,42550976
12735,3338,1955839,42512768
12735,3340,1992793,42538240
12735,3363,2494325,42831168
12735,3398,2593833,43276928
12735,3397,2625951,43264192
12735,3399,2672779,43289664
12735,3426,3140853,43633536
12735,3427,3141079,43646272
12735,3431,3169597,43697216
12735,3428,3200561,43659008
12735,3662,6104599,46639232
12801,3474,3391289,44474148
12801,3489,3484545,44666178
12801,3465,3536811,44358930
12801,3470,3739759,44422940
12833,3762,6876181,48281508
12833,3761,6988601,48268674
12863,3823,7403277,49179072
12863,3816,7505359,49089024
12863,3805,7537039,48947520
12863,3824,7666237,49191936
12863,3825,7670617,49204800
12863,3826,7685169,49217664
12863,3821,7693889,49153344
12863,3822,7708611,49166208
12967,3329,512945,43170472
12967,3331,752513,43196408
12985,3331,573425,43256366
12985,3286,638817,42671996
12985,3340,1515117,43373240
13015,3392,1617033,44150272
13217,3819,6804753,50479542
13217,3818,6830803,50466324
13217,3824,6955813,50545632
13217,3820,7018093,50492760
13217,3821,7049669,50505978
13217,4010,9285185,53004180
13217,4008,9329761,52977744
13217,4009,9462113,52990962
13217,4007,9494197,52964526
13247,4079,9908041,54038592
13375,3915,7649443,52367040
13375,3917,7742997,52393792
13375,3916,7747461,52380416
13375,3930,7785269,52567680
13375,3929,7847313,52554304
13375,3920,7854283,52433920
13375,3931,7865585,52581056
13375,3921,7883653,52447296
13473,3630,3348009,48910620
13473,3672,3880625,49476528
13473,3671,3957401,49463054
13473,3673,4152937,49490002
13473,3722,4243371,50150228
13569,3861,6606361,52393770
13569,3862,6606859,52407340
13569,3860,6641991,52380200
13569,3947,7426423,53560790
13569,3950,7562681,53601500
13569,3955,7952857,53669350
13793,3901,5871809,53810394
13793,3902,5960625,53824188
13839,3871,5616353,53574640
13839,3903,5624599,54017520
13839,3872,5625057,53588480
13839,3901,5924217,53989840
13839,3893,5953989,53879120
13839,3939,6324163,54515760
13839,3940,6349251,54529600
13839,3889,6349721,53823760
13839,3888,6413173,53809920
13839,3938,6434565,54501920
13839,3890,6448393,53837600
13839,3936,6580783,54474240
13839,3922,6828413,54280480
13881,3905,6074165,54209210
13881,3904,6348777,54195328
13881,3906,6449841,54223092
13881,3907,6452383,54236974
13881,3908,6478449,54250856
13881,3911,6507989,54292502
13881,3912,6581585,54306384
13921,3608,1778461,50230576
13921,3700,2785197,51511400
13921,3699,2790351,51497478
13921,3857,4897961,53697154
13921,3859,5006293,53724998
13945,4097,8625357,57136762
13945,4077,8663225,56857842
13945,4099,8713573,57164654
13945,4111,8720145,57332006
13945,4078,8737933,56871788
13945,4156,8788843,57959576
13945,4093,8790523,57080978
13945,4140,8881785,57736440
13945,4095,8928079,57108870
13945,4123,9087629,57499358
13945,4112,9137825,57345952
13945,4131,9173277,57610926
13945,4132,9173673,57624872
13945,4122,9308119,57485412
13945,4121,9344081,57471466
13945,4151,9576601,57889846
13945,4113,9619385,57359898
13983,3497,82445,48902048
13983,3496,82813,48888064
13983,3498,139209,48916032
14209,3613,919519,51340730
14209,3612,1001261,51326520
14233,3571,223759,50829614
14233,3611,267101,51398974
14233,3610,275013,51384740
14233,3609,447249,51370506
14233,3608,587037,51356272
14233,3606,1010595,51327804
14233,3622,1259533,51555548
14361,3929,4935293,56428298
14361,3928,5175313,56413936
14361,4005,5966055,57519810
14361,3996,6027689,57390552
14447,3960,4792033,57214080
14447,3967,4887393,57315216
14447,3969,4960473,57344112
14447,3968,5075705,57329664
14447,3966,5081397,57300768
14447,3958,5124909,57185184
14447,3959,5139365,57199632
14447,3949,5159009,57055152
14447,3957,5215453,57170736
14447,3962,5318473,57242976
14447,3948,5342321,57040704
14447,3952,5382043,57098496
14447,3953,5654083,57112944
14447,3972,5699969,57387456
14447,3971,5704193,57373008
14447,3955,5824377,57141840
14447,4202,8288549,60710496
14447,4201,8292343,60696048
14447,4203,8295809,60724944
14625,3854,2509297,56368604
14625,3857,2514473,56412482
14625,3853,2525553,56353978
14625,3855,2918013,56383230
14625,3860,3074693,56456360
14625,3861,3082731,56470986
14625,3862,3145911,56485612
14625,3878,3149289,56719628
14625,3883,3198411,56792758
14625,3881,3260691,56763506
14625,3863,3318465,56500238
14625,3884,3391861,56807384
14625,3868,3512083,56573368
14625,3867,3516139,56558742
14625,3869,3556797,56587994
14625,3916,3604173,57275416
14625,3915,3609733,57260790
14625,3872,3633173,56631872
14625,3914,3690651,57246164
14671,3942,4260501,57837024
14671,3972,4691655,58277184
14671,3953,4862145,57998416
14671,3971,4965181,58262512
14719,3787,1600325,55744640
14719,3788,1624339,55759360
14743,3852,1911837,56793888
14743,3851,1916257,56779144
14743,3850,1993769,56764400
14743,3837,2086843,56572728
14743,3836,2092301,56557984
14743,3838,2095941,56587472
14743,3834,2106117,56528496
14743,3845,2149185,56690680
14743,3846,2172905,56705424
14743,3847,2434663,56720168
14743,3843,2460973,56661192
14743,3856,2557617,56852864
14743,3857,2577125,56867608
14743,3849,2604897,56749656
14743,3821,2837917,56336824
14743,3861,2943199,56926584
14743,3859,3041623,56897096
14743,3864,3132989,56970816
15063,3884,1356269,58508576
15063,3890,1514589,58598960
15063,3878,1519153,58418192
15063,3891,1575139,58614024
15063,3885,1669321,58523640
15063,3879,1730993,58433256
15063,3883,1782465,58493512
15063,3882,1791569,58478448
15063,3892,1876349,58629088
15063,3889,2035399,58583896
15063,3959,2202089,59638376
15063,3961,2847357,59668504
15063,3963,2980333,59698632
15063,3962,3046293,59683568
15135,4055,3841201,61376480
15135,4042,4060949,61179712
15135,4086,4125629,61845696
15135,4095,4278693,61981920
15135,4096,4308953,61997056
15135,4097,4321633,62012192
15135,4089,4330589,61891104
15135,4098,4334613,62027328
15135,4085,4355655,61830560
15135,4092,4590749,61936512
15135,4090,4606145,61906240
15135,4093,4632195,61951648
15135,4127,4739985,62466272
15135,4091,4754377,61921376
15135,4129,4785855,62496544
15135,4094,4817539,61966784
15135,4128,4876483,62481408
15135,4126,5009535,62451136
15135,4149,5672885,62799264
15135,4278,7678671,64751808
15135,4314,8258633,65296704
15135,4332,8348489,65569152
15135,4331,8506633,65554016
15135,4345,8598969,65765920
15135,4339,8762641,65675104
15169,4298,7595585,65200660
15169,4289,7618423,65064130
15169,4299,7705773,65215830
15169,4300,7808465,65231000
15169,4328,8017113,65655760
15169,4330,8121351,65686100
15169,4340,8139111,65837800
15169,4339,8251233,65822630
15341,3816,159581,58545072
15341,3815,159817,58529730
15425,4283,6128893,66069558
15425,4287,6536503,66131262
15425,4286,6537681,66115836
15425,4282,6669665,66054132
15425,4377,8360877,67519602
15519,4157,3914037,64516640
15519,4163,3955933,64609760
15519,4162,4015381,64594240
15519,4164,4080711,64625280
15599,4552,9736209,71011200
15599,4553,9757321,71026800
15599,4554,9805805,71042400
15599,4551,9968817,70995600
15599,4556,9979371,71073600
15599,4555,9985321,71058000
15705,4161,3669081,65352666
15897,4030,682753,64068940
15897,4037,1148105,64180226
15897,4050,1296697,64386900
15897,4051,1415161,64402798
15937,4032,1304781,64262016
15937,4246,4282579,67672748
16031,4189,3025001,67158048
16031,4188,3031721,67142016
16031,4190,3035873,67174080
16031,4193,3283953,67222176
16031,4194,3365081,67238208
16031,4191,3391461,67190112
16055,4177,2229301,67065912
16055,4175,2424493,67033800
16055,4176,2475021,67049856
16319,4578,8834381,74712960
16319,4628,8871753,75528960
16319,4626,8976933,75496320
16319,4624,9081171,75463680
16319,4627,9173409,75512640
16319,4622,9227349,75431040
16319,4629,9378885,75545280
16385,4638,8726451,75998268
16407,4436,4854065,72785888
16407,4441,5048923,72867928
16407,4440,5141031,72851520
16407,4437,5189289,72802296
16407,4442,5210397,72884336
16407,4432,5342609,72720256
16407,4433,5390577,72736664
16407,4443,5628195,72900744
16407,4446,5652281,72949968
16407,4444,5986357,72917152
16641,4533,6394339,75438186
16761,4455,4555769,74674710
16761,4458,4697645,74724996
16761,4457,4805263,74708234
16761,4459,5020745,74741758
16769,4286,1472321,71876220
16769,4285,1751261,71859450
16775,4525,5648031,75911400
16775,4559,6309333,76481784
16775,4558,6365385,76465008
16775,4554,6564777,76397904
16775,4599,6659157,77152824
16775,4593,6681149,77052168
16775,4600,6856357,77169600
16775,4607,7151933,77287032
16775,4591,7167057,77018616
16775,4656,7252473,78109056
16775,4592,7507581,77035392
16775,4647,7605029,77958072
16775,4661,7702233,78192936
16775,4644,7856899,77907744
16775,4646,7899185,77941296
16775,4662,8009073,78209712
16871,4716,8357977,79568352
16871,4747,8602733,80091384
16871,4745,8607943,80057640
16871,4744,8710565,80040768
16871,4742,8722723,80007024
16871,4746,8776425,80074512
16871,4743,8927369,80023896
16871,4739,9030337,79956408
16871,4750,9106857,80142000
16871,4740,9187901,79973280
16871,4751,9189185,80158872
16871,4734,9583265,79872048
16871,4733,9600429,79855176
17217,4371,267079,75259878
17217,4696,6698921,80855728
17217,4711,8006217,81113998
17249,4348,9929,75003000
17249,4350,13289,75037500
17249,4349,69869,75020250
17249,4337,496153,74813250
17249,4351,515083,75054750
17249,4355,584331,75123750
17249,4352,677621,75072000
17249,4356,726609,75141000
17249,4353,933163,75089250
17529,4675,5864129,81952750
17529,4674,5869335,81935220
17567,4619,4135241,81146592
17567,4618,4173555,81129024
17567,4635,4331293,81427680
17567,4617,4443885,81111456
17567,4666,5487981,81972288
17567,4797,8021137,84273696
17567,4882,8332173,85766976
17567,4883,8383219,85784544
17567,4892,8929893,85942656
17567,4891,8931701,85925088
17593,4578,3454925,80545332
17721,4485,766689,79483170
17721,4486,778665,79500892
17721,4479,925081,79376838
17721,4477,988325,79341394
17721,4484,1029237,79465448
17721,4475,1029573,79305950
17721,4483,1050679,79447726
17721,4488,1134809,79536336
17721,4478,1141537,79359116
17721,4501,1152541,79766722
17721,4498,1165365,79713556
17721,4500,1188129,79749000
17721,4491,1188633,79589502
17721,4476,1263185,79323672
17721,4481,1330491,79412282
17721,4480,1335193,79394560
17721,4482,1335353,79430004
17721,4497,1551831,79695834
17721,4494,1676733,79642668
17721,4521,1839357,80121162
17721,4522,1850871,80138884
17721,4503,1968777,79802166
17721,4519,2307425,80085718
17721,4675,4656033,82850350
17721,4674,4675145,82832628
17721,4670,4866897,82761740
17721,4671,4888099,82779462
17721,4676,4957329,82868072
17721,4679,5100619,82921238
18233,4806,4865033,87632604
18233,4807,4935921,87650838
18233,4808,4938613,87669072
18305,4591,54859,84042846
18305,4671,824669,85507326
18305,4672,954771,85525632
18305,4675,977433,85580550
18305,4674,1237181,85562244
18305,4673,1268497,85543938
18361,4603,31279,84520286
18361,4604,47733,84538648
18743,5216,9782353,97768704
18743,5215,9814371,97749960
18823,5244,9012561,98713056
19207,4788,449,91967904
19207,4814,152333,92467312
19207,4812,239441,92428896
19207,4813,259611,92448104
19207,4852,277437,93197216
19207,4995,3218803,95943960
19207,4968,3689271,95425344
19207,4967,3735217,95406136
19329,4958,1992439,95838140
19329,4967,3122497,96012110
19329,5039,3381153,97403870
19329,5034,4879521,97307220
19329,5035,4890831,97326550
19329,5033,4896561,97287890
19329,5102,5122063,98621660
19329,5103,5149491,98640990
19329,5135,5426129,99259550
19329,5132,5543489,99201560
19329,5136,5606239,99278880
19329,5122,5797065,99008260
19329,5152,6684165,99588160
19329,5151,6700197,99568830
19329,5153,6790473,99607490
19329,5149,7086721,99530170
19673,5449,9206835,107203626
19673,5448,9212565,107183952
19673,5450,9215193,107223300
19673,5451,9237357,107242974
19673,5444,9520377,107105256
19673,5447,9612101,107164278
19673,5445,9685529,107124930
19673,5443,9695257,107085582
19673,5434,9825753,106908516
19719,5060,1748041,99783200
19719,5061,1868961,99802920
19719,5066,2155077,99901520
19719,5064,2208521,99862080
19719,5065,2250097,99881800
19719,5070,2271051,99980400
19719,5068,2370373,99940960
19719,5055,2753457,99684600
19719,5078,2905035,100138160
19719,5079,2916103,100157880
19719,5067,2966133,99921240
19719,5069,3000441,99960680
19719,5056,3090009,99704320
19719,5077,3097155,100118440
19719,5057,3126117,99724040
19719,5100,3426361,100572000
19719,5117,3495933,100907240
19719,5081,3501799,100197320
19719,5107,3594665,100710040
19719,5121,3760999,100986120
19719,5119,3807793,100946680
19719,5111,4023013,100788920
19719,5118,4465551,100926960
19737,5005,1172811,98788690
19737,5025,1639153,99183450
19737,5006,1709683,98808428
19737,5004,1762381,98768952
19737,5109,2441821,100841442
19737,5107,2754891,100801966
19737,5111,2806169,100880918
19865,5074,1674761,100800084
19865,5081,1698411,100939146
19865,5080,1706153,100919280
19865,5073,1717921,100780218
19865,5082,2098695,100959012
19865,5258,6002129,104455428
19993,5165,3245561,103269010
19993,5172,3579869,103408968
19993,5173,3595065,103428962
19993,5171,3646145,103388974
19993,5166,3692719,103289004
19993,5392,8195119,107807648
19993,5391,8366781,107787654
20015,5089,1753183,101861424
20359,5235,2352965,106584600
20359,5234,2530657,106564240
20417,5136,656143,104866848
20417,5113,734861,104397234
20417,5125,766793,104642250
20417,5126,897177,104662668
20417,5393,5885161,110114274
20417,5415,6400973,110563470
20417,5418,6532589,110624724
20417,5417,6538057,110604306
20417,5566,8386393,113646588
20417,5563,8457471,113585334
20417,5564,8463365,113605752
20417,5565,8492041,113626170
20455,5530,9037889,113121680
20503,5241,2442213,107461464
20503,5267,2520597,107994568
20503,5280,2541013,108261120
20503,5278,2651473,108220112
20503,5275,2745909,108158600
20503,5277,2760463,108199608
20503,5274,2786257,108138096
20503,5268,2826777,108015072
20503,5282,3212751,108302128
20647,5142,1123,106172016
20647,5207,955961,107514136
20647,5235,1035489,108092280
20647,5236,1075961,108112928
20647,5245,1105977,108298760
20647,5247,1289137,108340056
20647,5246,1355945,108319408
20647,5221,1718281,107803208
20647,5268,1861393,108773664
20647,5266,2305519,108732368
20647,5265,2354409,108711720
20647,5267,2389313,108753016
20647,5249,2416071,108381352
20695,5563,7540017,115131848
20695,5536,7588317,114573056
20695,5605,8435945,116001080
20695,5606,8575035,116021776
20695,5559,8660201,115049064
20695,5604,8667909,115980384
20695,5635,9295113,116621960
20823,5650,8432681,117655600
20823,5654,8474613,117738896
20823,5649,8498221,117634776
20823,5651,8601703,117676424
20823,5652,8616537,117697248
20823,5647,8777913,117593128
20863,5616,8316721,117172224
20871,5284,1555033,110287648
20871,5280,1592419,110204160
20871,5282,1636095,110245904
20871,5281,1662015,110225032
20871,5285,1665329,110308520
20871,5290,1796115,110412880
20871,5404,2919397,112792288
20871,5446,4366459,113668912
20871,5447,4383961,113689784
20871,5619,8248777,117279768
21017,5410,2346237,113707380
21017,5419,3231613,113896542
21017,5418,3237351,113875524
21017,5421,3269033,113938578
21017,5405,3403749,113602290
21017,5406,3659049,113623308
21017,5415,4201109,113812470
21017,5416,4205901,113833488
21017,5414,4213057,113791452
21055,5698,8170889,119977088
21889,5714,5458469,125079460
21889,5713,6026325,125057570
22399,5837,4857573,130748800
22399,5840,5295481,130816000
22503,5957,6339573,134056328
22503,5959,6441517,134101336
22503,5958,6441545,134078832
22503,5945,7187059,133786280
22503,5952,7468131,133943808
22639,5833,3091901,132059120
22639,5832,3216453,132036480
22639,5834,3775965,132081760
22639,5812,3919251,131583680
22639,5865,5054331,132783600
22639,5898,6341451,133530720
22639,6029,8198789,136496560
22639,6030,8229051,136519200
22639,6087,8561655,137809680
22639,6036,8576541,136655040
22639,6034,8610601,136609760
22639,6090,8633013,137877600
22639,6089,8681511,137854960
22639,6081,8691559,137673840
22639,6088,8723511,137832320
22639,6091,8816811,137900240
22639,6074,8873899,137515360
22639,6084,8921621,137741760
22639,6076,8941995,137560640
22639,6086,9006045,137787040
22639,6080,9172377,137651200
22639,6075,9346921,137538000
22639,6093,9508011,137945520
22639,6094,9548037,137968160
22785,5718,72043,130290348
22785,5722,126351,130381492
22785,5720,160653,130335920
22785,5721,178393,130358706
22785,5724,587285,130427064
22809,5823,1922479,132822630
22809,5822,2032843,132799820
22809,5825,2215321,132868250
22809,5826,2282973,132891060
22809,5891,3461691,134373710
22809,5921,5495473,135058010
22809,5949,6041625,135696690
23183,6080,6854789,140958720
23183,6127,6965715,142048368
23183,6126,7132561,142025184
23183,6082,7147661,141005088
23183,6086,7450029,141097824
23183,6149,7767005,142558416
23183,6081,7917513,140981904
23327,6212,7893309,144913536
23327,6211,8123323,144890208
23327,6208,8532831,144820224
23327,6240,8855009,145566720
23327,6241,9174319,145590048
23327,6243,9233811,145636704
23327,6242,9457505,145613376
23327,6251,9470137,145823328
23327,6252,9498051,145846656
23327,6239,9615233,145543392
23327,6249,9728779,145776672
23719,6054,3530473,143600880
24063,6001,1001,144408064
24063,5987,31137,144071168
24063,5960,119409,143421440
24063,5991,885813,144167424
24127,6375,8156313,153816000
24127,6376,8215663,153840128
24127,6362,8567345,153502336
24127,6371,9207273,153719488
24247,6314,5460261,153101872
24247,6313,5564331,153077624
24247,6346,6804951,153877808
24247,6348,6854323,153926304
24247,6345,6890525,153853560
24247,6351,7040681,153999048
24247,6347,7049593,153902056
24247,6352,7387385,154023296
24247,6344,7469541,153829312
24247,6350,7474053,153974800
24247,6349,7476153,153950552
24247,6355,7780473,154096040
24247,6354,7802151,154071792
24911,6579,9030933,163896048
24911,6592,9732573,164219904
25217,6661,9938621,167977098
25239,6644,8820081,167694560
25239,6645,8855959,167719800
25239,6635,9466805,167467400
25239,6634,9635513,167442160
25945,6851,9744065,177756046
26049,6616,1652573,172346800
26049,6615,1704777,172320750
26049,6614,1738161,172294700
26049,6617,1793617,172372850
26049,6672,6562333,173805600
26807,7086,8538651,189961488
26807,7095,9321439,190202760
26807,7094,9550173,190175952
27033,6981,4888781,188724354
27033,6990,5295619,188967660
27033,6982,5392709,188751388
27033,7008,5418165,189454272
27033,6983,5425441,188778422
27033,6991,5623333,188994694
27033,6999,5687789,189210966
27033,6989,5692633,188940626
27033,7001,5694891,189265034
27033,6998,5696641,189183932
27033,6997,6022281,189156898
27033,7002,6244311,189292068
27033,7000,6297825,189238000
27065,6773,207411,183318018
27545,7073,5617071,194832858
27545,7100,6113457,195576600
27545,7101,6189041,195604146
27545,7097,6252721,195493962
27545,7102,6261673,195631692
27545,7098,6274875,195521508
27545,7099,7122333,195549054
27583,6983,2003249,192619072
27863,7364,9486921,205190496
28577,7291,4254357,208362198
28577,7338,5168001,209705364
28577,7332,5659191,209533896
29687,7417,256361,220195896
29687,7544,2869425,223966272
29687,7543,2873151,223936584
29687,7541,2921937,223877208
29687,7542,2927323,223906896
29687,7546,3593691,224025648
29687,7545,3613449,223995960
30113,7611,2016837,229197654
30113,7612,2240839,229227768
30113,7610,2788553,229167540
30113,7818,9063171,235431252
31009,7899,5153441,244947990
31009,7889,6581909,244637890
31585,7980,362841,252056280
31585,7981,1166719,252087866
31585,7983,1773189,252151038
31585,7982,1826481,252119452
31585,8004,3211469,252814344
31585,8008,3235663,252940688
31585,8005,3252981,252845930
31585,8006,3278049,252877516
31585,8009,3303951,252972274
31585,8044,4320139,254077784
31647,8012,3312171,253563776
31647,8053,4866103,254861344
31647,8055,5070225,254924640
31647,8057,5095005,254987936
31647,8056,5116183,254956288
33007,8372,4109871,276342976
33007,8380,4441505,276607040
33273,8353,497761,277937722
33273,8356,1944523,278037544
33273,8400,2907057,279501600
33273,8405,3668249,279667970
33273,8406,3680621,279701244
33273,8404,3956525,279634696
33463,8481,3865611,283808184
33463,8672,9740469,290199808
33505,8493,3017221,284566458
33505,8496,3215779,284666976
34265,8682,3239849,297497412
34265,8680,4712571,297428880
34415,8697,2972415,299315952
34415,8791,7029315,302551056
34773,8680,224263,301838320
34773,8679,239655,301803546
36127,9248,8926681,334111744
36473,9153,317385,333846522
37207,9397,2049329,349643576
37207,9396,2317071,349606368
37207,9398,2621045,349680784
37207,9399,2636263,349717992
37207,9403,4522819,349866824
37593,9650,8638589,362782100
37593,9649,8674341,362744506
37593,9652,8782311,362857288
37593,9651,8808237,362819694
37593,9654,8903333,362932476
37593,9644,8985593,362556536
37593,9672,9019169,363609168
37593,9653,9329621,362894882
38799,9748,44571,378222400
38799,9749,185697,378261200
38799,9734,1293951,377679200
38799,9746,1348537,378144800
38799,9779,3020733,379425200
38799,9778,3041073,379386400
38943,9981,7681661,388700064
38943,9982,8144277,388739008
38943,9980,8752303,388661120
38943,9984,9579537,388816896
39649,9927,1991959,393605550
39649,9929,2553883,393684850
40463,10215,2210733,413339760
40495,10195,3226635,412856720
40669,10139,9945,412353130
40857,10278,811065,419938524
40857,10279,871889,419979382
40857,10274,1093797,419775092
40857,10275,1094419,419815950
40857,10276,1105843,419856808
40857,10288,1668501,420347104
40857,10289,1717243,420387962
40857,10284,3880553,420183672
42201,10698,7026439,451476996
42201,10730,8052465,452827460
42201,10749,9375605,453629298
42359,10726,4285633,454353360
42359,10725,4318035,454311000
42359,10727,4342339,454395720
42359,10736,5075733,454776960
42359,10735,5587423,454734600
42359,10772,6722009,456301920
42359,10734,6821881,454692240
42359,10724,7176093,454268640
42735,10831,6683789,462873616
42735,10843,6715897,463386448
42735,10832,6982851,462916352
42735,10833,7008061,462959088
42745,10864,7492385,464392544
42745,10863,8738385,464349798
43631,11121,8248639,485231472
43631,11123,8320049,485318736
43631,11143,8892471,486191376
43631,11146,9429953,486322272
43631,11147,9708393,486365904
43631,11144,9967529,486235008
43735,11040,7427105,482845440
44813,11201,794253,501961614
44813,11202,1139729,502006428
44985,11434,5206473,514369924
44985,11435,5967333,514414910
44985,11436,6218631,514459896
44985,11485,6673557,516664210
44985,11439,8272251,514594854
44985,11438,8309023,514549868
45369,11440,5030179,519032800
45369,11468,6273181,520303160
45369,11447,6346459,519350390
45369,11469,7164253,520348530
46433,11694,3445933,542999196
46433,11699,5039825,543231366
46433,11691,5561337,542859894
46433,11692,5714313,542906328
46433,11693,5726751,542952762
46433,11700,5995557,543277800
47055,11882,3822509,559119392
47055,11881,7537971,559072336
47055,11839,8140039,557095984
47055,11838,8279681,557048928
47055,11841,8307885,557190096
47055,11840,8341483,557143040
48641,12178,2145,592362276
48857,12494,9204799,610431852
49711,12531,2231059,622941072
49711,12537,3205731,623239344
49711,12526,3474733,622692512
49711,12524,4064145,622593088
49711,12536,4322113,623189632
49711,12523,4352161,622543376
49711,12534,4981889,623090208
49711,12525,5026099,622642800
49711,12527,5276041,622742224
49711,12541,5359325,623438192
49711,12539,5671409,623338768
49711,12542,5966271,623487904
49711,12540,6088483,623388480
49711,12538,6281061,623289056
49711,12555,9349181,624134160
49711,12554,9456089,624084448
49711,12556,9750139,624183872
51713,12975,501449,670989150
51713,12974,976579,670937436
51713,12973,1024071,670885722
51713,12970,1350679,670730580
51713,12971,1354279,670782294
52409,13249,6399033,694380090
52409,13250,9250437,694432500
54831,13795,8253213,756407440
55009,13756,154611,756717560
55833,14062,3999453,785137708
55833,14063,4191845,785193542
55833,14072,4885401,785696048
55833,14073,7750897,785751882
55833,14093,7982165,786868562
55833,14094,8059123,786924396
55833,14086,8706825,786477724
63903,15979,1147713,1021122016
63903,15980,1434237,1021185920
64215,16035,1222551,1029703560
64295,16152,2527801,1038508992
64295,16147,4178649,1038187512
64295,16154,5076393,1038637584
64391,16174,5839971,1041476208
64391,16262,9382551,1047142704
68281,17143,18891,1170558326
68281,17139,1503231,1170285198
68281,17141,2256969,1170421762
68281,17140,2305861,1170353480
68281,17137,4135395,1170148634
68281,17138,4340281,1170216916
68281,17147,5376665,1170831454
68281,17144,5435713,1170626608
68281,17142,7883157,1170490044
69177,17441,7131111,1206533498
69177,17424,7992975,1205357472
69177,17426,8594709,1205495828
69177,17427,9733939,1205565006
70401,17686,3780245,1245129772
70401,17687,5150233,1245200174
71649,18005,3322851,1290058250
71791,17901,1605477,1285148592
75609,18974,7424031,1434624140
79673,20004,8991841,1593798696
87841,21963,1586025,1929273846
90497,22633,6817183,2048241234
97791,24465,38737,2392481280
97791,24541,4606099,2399913472
97791,24542,4822813,2400011264
104153,26125,7691821,2721023250
104153,26178,9078689,2726543412
104153,26176,9082661,2726335104
105461,26313,408809,2775021606
105461,26315,429633,2775232530
107713,26957,43173,2903646298
107713,26958,236045,2903754012
107713,26965,236333,2904508010
107713,26964,255057,2904400296
107713,26966,274625,2904615724
107713,26954,326889,2903323156
107713,26952,349653,2903107728
107713,26956,394851,2903538584
107713,26955,462669,2903430870
107713,26950,520769,2902892300
107713,26953,754833,2903215442
107713,26951,1222781,2903000014
107713,26959,1682083,2903861726
114167,28552,403365,3259724736
114167,28553,1762377,3259838904
114167,28555,2744083,3260067240
118431,29681,187381,3515180192
118431,29716,1028899,3519325312
118431,29684,3238689,3515535488
118431,29717,4330791,3519443744
118431,29718,5012949,3519562176
118431,29720,7013053,3519799040
118431,29731,7400129,3521101792
118431,29729,8770145,3520864928
120761,30220,106033,3649427640
120761,30235,481071,3651239070
120761,30241,2628133,3651963642
120761,30236,4024875,3651359832
120761,30237,4754211,3651480594
126615,31736,1664577,4018285376
126615,31737,4095537,4018411992
126615,31732,8863081,4017778912
126615,31731,9203729,4017652296
126615,31734,9699457,4018032144
130873,32906,6409293,4306539844
138303,34617,3146443,4787669568
140303,35216,3674271,4940945664
140303,35213,3713681,4940524752
140303,35217,6284691,4941085968
141977,35595,9452321,5053706910
145943,36496,6388441,5326372224
145943,36504,6718657,5327539776
145943,36495,7507695,5326226280
145943,36585,8168369,5339361240
145943,36586,8193213,5339507184
145943,36508,9068955,5328123552
145943,36500,9295449,5326956000
148833,37362,9007121,5560735908
151663,37968,3298133,5758378752
151663,37965,4624233,5757923760
153239,38383,5517657,5881810920
153239,38378,7838733,5881044720
153239,38379,8977077,5881197960
160033,40131,8382657,6422324454
162879,40769,2266121,6640454720
177185,44369,39245,7861565634
177185,44352,5781097,7858553472
177669,44403,289257,7889081010
177669,44404,413359,7889258680
177669,44400,1881853,7888548000
177669,44415,2113541,7891213050
177669,44414,3766521,7891035380
177669,44413,4495011,7890857710
178151,44634,2352425,7951636368
178151,44630,2884371,7950923760
178151,44631,3486093,7951101912
178151,44632,3814701,7951280064
178151,44642,9045859,7953061584
178151,44643,9496949,7953239736
178151,44641,9578743,7952883432
180725,45118,3206825,8153995668
180725,45119,3679953,8154176394
186191,46494,1798241,8656810848
193621,48399,4513181,9371111178
197655,49445,370441,9773100920
197655,49450,432357,9774089200
197655,49446,776031,9773298576
197655,49448,864583,9773693888
197655,49454,1143873,9774879824
197655,49447,1446171,9773496232
197655,49466,4657873,9777251696
197655,49449,4814969,9773891544
197655,49464,7176125,9776856384
197655,49465,7468113,9777054040
198105,49553,9333757,9816746618
208903,52252,6452733,10915651808
215769,54049,1501865,11662152730
221093,55242,1732785,12213674748
223343,55841,1936653,12471752304
227207,56892,5125497,12926317536
244449,61174,14991,14953984300
244449,61180,1865069,14955451000
244449,61183,6883445,14956184350
244449,61178,7465921,14954962100
247237,61781,904491,15274610878
258727,64808,6686119,16767644224
258727,64807,8939937,16767385496
269017,67258,613209,18093612644
269431,67382,8931,18154867024
269431,67381,558799,18154597592
269431,67380,1792649,18154328160
287111,71743,7000491,20598276216
292511,73118,165831,21387892416
292511,73117,7777603,21387599904
292735,73190,933,21425347840
292735,73191,2143,21425640576
292735,73192,65659,21425933312
292735,73189,677361,21425055104
292735,73290,972989,21454621440
292735,73261,1574923,21446132096
292735,73260,1638405,21445839360
292735,73258,2270713,21445253888
292735,73193,2605961,21426226048
292735,73271,3738965,21449059456
292735,73199,5160403,21427982464
304007,75916,4887401,23079071328
308487,77057,7751913,23771159816
334589,83580,429057,27965032200
334589,83583,1838585,27966035970
334589,83579,4167841,27964697610
339353,84915,6327831,28816244910
339353,84914,8241605,28815905556
362749,90524,370401,32837581000
378081,94586,2400859,35761264052
378081,94584,2740191,35760507888
378081,94583,2837359,35760129806
378081,94585,3477291,35760885970
386623,96676,4113823,37377261824
398823,99788,185669,39797849312
398823,99773,9633297,39791866952
405997,101425,4629283,41178347150
405997,101458,5689723,41191745084
405997,101423,7564791,41177535154
406817,101788,5539025,41409190584
406817,101789,5573849,41409597402
427989,106875,73759,45741431250
427989,106879,1928097,45743143210
427989,106874,8303655,45741003260
429661,107359,168733,46128082658
432543,108049,3033913,46735946656
432543,108048,5553785,46735514112
432543,108077,9480809,46748057888
443033,110843,1682429,49107217662
443033,110845,2274689,49108103730
443033,110856,8308473,49112977104
535897,134094,8829439,71860706412
538201,134562,299539,72421537524
538201,134605,6129549,72444680210
552737,138262,994905,76422661356
552737,138264,8329117,76423766832
603695,150934,5802273,91118252064
645279,161306,439625,104087535680
645279,161305,1199113,104086890400
654421,163526,7064361,107015011972
668661,167112,1653245,111741444144
676701,169150,4976383,114464143300
676701,169151,8981475,114464820002
677479,169182,6620621,114617421360
717599,179486,3537883,128799153600
773721,193520,5121943,149730681440
775045,193720,5329611,150141911120
801815,200523,2275101,160782549768
818295,204681,134909,167489643576
864231,216180,3204561,186829673760
864231,216096,8584505,186757078272
887449,221865,4321197,196894094250
887449,221871,5210217,196899418950
888061,221980,2998205,197132002760
1014175,253379,5152857,256970900704
1048321,262182,6921313,274851158604
1050297,262622,2019393,275831361356
1050297,262619,6628777,275828210462
1050297,262625,7658779,275834512250
1050297,262629,7971969,275838713442
1145487,286373,18711,328036835024
1240289,310217,7617,384759042930
1332511,333407,482921,444268828384
1332511,333406,4128609,444267495872
1423471,356029,5674297,506797312688
1429423,357633,3181057,511209193392
1638351,409296,3787257,670570920192
1773565,443373,6785271,786351278118
1780007,445057,6044833,792205020456
1939909,484721,3623137,940315115110
2199437,549835,5699685,1209327992730
2199437,549819,5716663,1209292801722
2459989,614743,8929311,1512261632570
2506041,626806,5206573,1570802161852
2729985,682876,7129513,1864241919736
2755735,688765,11489,1898054506040
2806265,701602,370731,1968881838132
2806265,701603,4614101,1968884644398
3192845,798177,4190613,2548456241742
3660509,914793,6331149,3348608924430
4021025,1005328,9538201,4042450026528
4553005,1138035,3434925,5181480183210
4553005,1138187,4963003,5182172240122
4694881,1174025,4902717,5511908840050
5754527,1438408,4169913,8277359111424
5799079,1449482,318601,8405662076560
6633359,1657798,4444805,10996770941280
7077005,1768419,6192757,12515111873514
7105583,1776335,4797717,12621897554640
8361989,2089866,4458681,17475438593340
8897599,2224312,2420211,19791038451200
9204751,2301201,1054303,21181984507152
9363863,2341202,31873,21922697124528
9754117,2438232,1247719,23782802639376
10560981,2639353,5145029,27874159524646
11567789,2891863,3467277,33452463892770
14822199,3705500,1660005,54923662100000
16817599,4203767,8637897,70697271899200
17844449,4461215,3190663,79607928006750
21654679,5412977,9149923,117216284782360
21892247,5473536,4697193,119828007548928
24235501,6058697,1464979,146835563260894
45761407,11440542,4219977,523535310203136
53497613,13374288,3454473,715492496948832
89913893,22476689,2608579,2020966632216966
90502807,22627131,3350571,2047818892483848
133301871,33324063,1529233,4442159980545936
303967101,75990326,2283283,23098559174255252
327695231,81923126,1320111,26845817780735232
