n,live_before,absorbed,merged,live_after
2,200000,1,99999,100000
3,100000,2,0,99998
5,83333,3,0,83330
7,53333,3,0,53330
9,43808,1,0,43807
13,39193,4,0,39189
15,34731,2,0,34729
21,31798,5,0,31793
23,28426,5,0,28421
25,25577,3,0,25574
31,21966,11,0,21955
33,19210,2,0,19208
37,17836,3,0,17833
39,17100,5,0,17095
41,16169,1,0,16168
45,15400,6,0,15394
47,14547,13,0,14534
55,13376,6,0,13370
57,12769,1,0,12768
63,11759,2,0,11757
65,11038,1,0,11037
69,10850,1,0,10849
71,10432,4,0,10428
79,9531,1,0,9530
85,9258,2,0,9256
87,9052,7,0,9045
89,8776,2,0,8774
93,8604,6,0,8598
95,8306,7,0,8299
97,7905,2,0,7903
103,7529,10,0,7519
105,7235,4,0,7231
107,7172,1,0,7171
109,7119,6,0,7113
111,6964,2,0,6962
117,6870,7,0,6863
127,6355,11,0,6344
141,5622,11,0,5611
143,5519,2,0,5517
151,5350,4,0,5346
153,5258,2,0,5256
155,5229,1,0,5228
159,5077,8,0,5069
161,4923,4,0,4919
167,4777,5,0,4772
173,4637,4,0,4633
175,4531,17,0,4514
183,4362,4,0,4358
185,4275,3,0,4272
191,4191,5,0,4186
193,4102,6,0,4096
199,4029,2,0,4027
201,3970,14,0,3956
205,3921,1,0,3920
207,3858,1,0,3857
213,3821,5,0,3816
215,3749,9,0,3740
217,3680,18,0,3662
221,3625,6,0,3619
223,3545,12,0,3533
229,3437,4,0,3433
231,3370,3,0,3367
245,3245,6,0,3239
247,3189,3,0,3186
249,3155,8,0,3147
253,3127,4,0,3123
255,3111,1,0,3110
263,3032,2,0,3030
269,2982,2,0,2980
277,2920,3,0,2917
279,2909,7,0,2902
287,2839,22,0,2817
289,2778,15,0,2763
293,2754,3,0,2751
295,2713,5,0,2708
297,2662,19,0,2643
301,2621,6,0,2615
311,2562,1,0,2561
313,2542,1,0,2541
317,2520,1,0,2519
319,2507,13,0,2494
321,2457,1,0,2456
335,2386,8,0,2378
341,2352,10,0,2342
343,2298,20,0,2278
373,2110,5,0,2105
375,2096,4,0,2092
377,2081,1,0,2080
381,2078,2,0,2076
383,2057,38,0,2019
385,1988,40,0,1948
391,1915,15,0,1900
393,1882,1,0,1881
397,1879,15,0,1864
399,1860,5,0,1855
405,1849,9,0,1840
407,1835,19,0,1816
409,1805,2,0,1803
415,1770,13,0,1757
417,1752,3,0,1749
421,1736,5,0,1731
425,1716,2,0,1714
431,1699,5,0,1694
439,1666,2,0,1664
441,1656,2,0,1654
449,1627,3,0,1624
481,1552,6,0,1546
487,1525,7,0,1518
489,1515,26,0,1489
493,1485,2,0,1483
500,1473,0,0,1473
501,1473,1,0,1472
503,1458,15,0,1443
505,1428,1,0,1427
509,1425,2,0,1423
511,1410,2,0,1408
513,1394,1,0,1393
519,1361,1,0,1360
535,1343,2,0,1341
543,1331,4,0,1327
545,1318,7,0,1311
549,1308,30,0,1278
567,1253,1,0,1252
569,1234,1,0,1233
581,1212,2,0,1210
583,1208,5,0,1203
585,1200,1,0,1199
591,1193,16,0,1177
601,1167,13,0,1154
607,1143,8,0,1135
609,1133,7,0,1126
615,1112,2,0,1110
655,1049,4,0,1045
663,1045,10,0,1035
671,1023,6,0,1017
681,1010,3,0,1007
687,997,1,0,996
695,991,9,0,982
697,972,3,0,969
705,955,9,0,946
727,933,16,0,917
729,912,1,0,911
751,897,7,0,890
759,888,6,0,882
769,873,12,0,861
775,853,2,0,851
799,838,23,0,815
825,770,2,0,768
833,758,3,0,755
865,739,7,0,732
873,728,13,0,715
887,712,14,0,698
889,696,1,0,695
975,633,1,0,632
1000,625,0,7,618
1001,618,12,0,606
1015,601,3,0,598
1047,591,1,0,590
1097,552,1,0,551
1113,546,3,0,543
1127,540,11,0,529
1143,528,10,0,518
1183,518,18,0,500
1191,496,1,0,495
1199,494,4,0,490
1217,487,1,0,486
1241,485,10,0,475
1281,459,2,0,457
1289,455,3,0,452
1311,449,1,0,448
1337,443,8,0,435
1369,433,8,0,425
1377,423,7,0,416
1441,408,5,0,403
1500,386,0,0,386
1505,386,3,0,383
1529,381,4,0,377
1561,374,16,0,358
1599,354,2,0,352
1639,351,16,0,335
1647,335,1,0,334
1687,331,2,0,329
1697,329,12,0,317
1785,300,7,0,293
1881,289,4,0,285
1921,283,5,0,278
1945,278,3,0,275
1999,271,4,0,267
2000,267,0,0,267
2023,267,4,0,263
2049,260,11,0,249
2055,245,2,0,243
2137,240,6,0,234
2431,216,3,0,213
2439,213,9,0,204
2455,204,1,0,203
2500,202,0,0,202
2671,197,6,0,191
2713,191,1,0,190
2745,188,5,0,183
2799,178,1,0,177
2913,171,6,0,165
3000,164,0,0,164
3129,162,6,0,156
3500,149,0,0,149
3833,141,6,0,135
4000,128,0,0,128
4025,126,1,0,125
4500,117,0,0,117
4921,110,1,0,109
4999,109,3,0,106
5000,106,0,0,106
5500,99,0,0,99
6000,93,0,0,93
6007,93,4,0,89
6500,84,0,0,84
7000,82,0,0,82
7500,77,0,0,77
7553,77,2,0,75
7993,73,3,0,70
8000,70,0,0,70
8500,69,0,0,69
8767,69,1,0,68
9000,67,0,0,67
9500,64,0,0,64
10000,62,0,0,62
10209,62,3,0,59
10500,59,0,0,59
10841,59,3,0,56
11000,56,0,0,56
11489,56,3,0,53
11500,53,0,0,53
12000,53,0,0,53
12500,53,0,0,53
12671,53,2,0,51
13000,51,0,0,51
13500,51,0,0,51
13983,51,3,0,48
14000,48,0,0,48
14500,48,0,0,48
15000,48,0,0,48
15341,48,2,0,46
15500,46,0,0,46
16000,46,0,0,46
16500,46,0,0,46
17000,46,0,0,46
17249,46,3,0,43
17500,43,0,0,43
18000,43,0,0,43
18305,43,1,0,42
18361,42,2,0,40
18500,40,0,0,40
19000,40,0,0,40
19207,40,2,0,38
19500,37,0,0,37
20000,37,0,0,37
20500,37,0,0,37
20647,37,1,0,36
21000,36,0,0,36
21500,35,0,0,35
22000,35,0,0,35
22500,35,0,0,35
22785,35,4,0,31
23000,31,0,0,31
23500,31,0,0,31
24000,31,0,0,31
24063,31,3,0,28
24500,28,0,0,28
25000,28,0,0,28
25500,28,0,0,28
26000,28,0,0,28
26500,28,0,0,28
27000,28,0,0,28
27500,28,0,0,28
28000,28,0,0,28
28500,28,0,0,28
29000,28,0,0,28
29500,28,0,0,28
30000,28,0,0,28
30500,28,0,0,28
31000,28,0,0,28
31500,28,0,0,28
32000,28,0,0,28
32500,28,0,0,28
33000,28,0,0,28
33500,28,0,0,28
34000,28,0,0,28
34500,28,0,0,28
35000,28,0,0,28
35500,28,0,0,28
36000,28,0,0,28
36500,28,0,0,28
37000,28,0,0,28
37500,28,0,0,28
38000,28,0,0,28
38500,28,0,0,28
38799,28,2,0,26
39000,26,0,0,26
39500,26,0,0,26
40000,26,0,0,26
40500,26,0,0,26
40669,26,1,0,25
41000,25,0,0,25
41500,25,0,0,25
42000,25,0,0,25
42500,25,0,0,25
43000,25,0,0,25
43500,25,0,0,25
44000,25,0,0,25
44500,25,0,0,25
45000,25,0,0,25
45500,25,0,0,25
46000,25,0,0,25
46500,25,0,0,25
47000,25,0,0,25
47500,25,0,0,25
48000,25,0,0,25
48500,25,0,0,25
48641,24,1,0,23
49000,23,0,0,23
49500,23,0,0,23
50000,23,0,0,23
50500,23,0,0,23
51000,23,0,0,23
51500,23,0,0,23
52000,23,0,0,23
52500,23,0,0,23
53000,23,0,0,23
53500,23,0,0,23
54000,23,0,0,23
54500,23,0,0,23
55000,23,0,0,23
55009,23,1,0,22
55500,22,0,0,22
56000,22,0,0,22
56500,22,0,0,22
57000,22,0,0,22
57500,22,0,0,22
58000,22,0,0,22
58500,22,0,0,22
59000,22,0,0,22
59500,22,0,0,22
60000,22,0,0,22
60500,22,0,0,22
61000,22,0,0,22
61500,22,0,0,22
62000,22,0,0,22
62500,22,0,0,22
63000,22,0,0,22
63500,22,0,0,22
64000,22,0,0,22
64500,21,0,0,21
65000,21,0,0,21
65500,21,0,0,21
66000,21,0,0,21
66500,21,0,0,21
67000,21,0,0,21
67500,21,0,0,21
68000,21,0,0,21
68281,21,1,0,20
68500,20,0,0,20
69000,20,0,0,20
69500,20,0,0,20
70000,20,0,0,20
70500,20,0,0,20
71000,20,0,0,20
71500,20,0,0,20
72000,20,0,0,20
72500,20,0,0,20
73000,20,0,0,20
73500,20,0,0,20
74000,20,0,0,20
74500,20,0,0,20
75000,20,0,0,20
75500,20,0,0,20
76000,20,0,0,20
76500,20,0,0,20
77000,20,0,0,20
77500,20,0,0,20
78000,20,0,0,20
78500,20,0,0,20
79000,20,0,0,20
79500,20,0,0,20
80000,20,0,0,20
80500,20,0,0,20
81000,20,0,0,20
81500,20,0,0,20
82000,20,0,0,20
82500,20,0,0,20
83000,20,0,0,20
83500,20,0,0,20
84000,20,0,0,20
84500,20,0,0,20
85000,20,0,0,20
85500,20,0,0,20
86000,20,0,0,20
86500,20,0,0,20
87000,20,0,0,20
87500,20,0,0,20
88000,20,0,0,20
88500,20,0,0,20
89000,20,0,0,20
89500,20,0,0,20
90000,20,0,0,20
90500,20,0,0,20
91000,20,0,0,20
91500,20,0,0,20
92000,20,0,0,20
92500,20,0,0,20
93000,20,0,0,20
93500,20,0,0,20
94000,20,0,0,20
94500,20,0,0,20
95000,20,0,0,20
95500,20,0,0,20
96000,20,0,0,20
96500,20,0,0,20
97000,20,0,0,20
97500,20,0,0,20
97791,20,1,0,19
98000,19,0,0,19
98500,19,0,0,19
99000,19,0,0,19
99500,19,0,0,19
100000,19,0,0,19
100500,18,0,0,18
101000,18,0,0,18
101500,18,0,0,18
102000,18,0,0,18
102500,18,0,0,18
103000,18,0,0,18
103500,18,0,0,18
104000,18,0,0,18
104500,18,0,0,18
105000,18,0,0,18
105500,18,0,0,18
106000,18,0,0,18
106500,18,0,0,18
107000,18,0,0,18
107500,18,0,0,18
107713,18,1,0,17
108000,17,0,0,17
108500,17,0,0,17
109000,17,0,0,17
109500,17,0,0,17
110000,17,0,0,17
110500,17,0,0,17
111000,17,0,0,17
111500,17,0,0,17
112000,17,0,0,17
112500,17,0,0,17
113000,17,0,0,17
113500,17,0,0,17
114000,17,0,0,17
114500,17,0,0,17
115000,17,0,0,17
115500,17,0,0,17
116000,17,0,0,17
116500,17,0,0,17
117000,17,0,0,17
117500,17,0,0,17
118000,17,0,0,17
118431,17,1,0,16
118500,16,0,0,16
119000,16,0,0,16
119500,16,0,0,16
120000,16,0,0,16
120500,16,0,0,16
120761,16,1,0,15
121000,15,0,0,15
121500,15,0,0,15
122000,15,0,0,15
122500,15,0,0,15
123000,15,0,0,15
123500,15,0,0,15
124000,15,0,0,15
124500,15,0,0,15
125000,15,0,0,15
125500,15,0,0,15
126000,15,0,0,15
126500,15,0,0,15
127000,15,0,0,15
127500,15,0,0,15
128000,15,0,0,15
128500,15,0,0,15
129000,15,0,0,15
129500,15,0,0,15
130000,15,0,0,15
130500,15,0,0,15
131000,15,0,0,15
131500,15,0,0,15
132000,15,0,0,15
132500,15,0,0,15
133000,15,0,0,15
133500,15,0,0,15
134000,15,0,0,15
134500,15,0,0,15
135000,15,0,0,15
135500,15,0,0,15
136000,15,0,0,15
136500,15,0,0,15
137000,15,0,0,15
137500,15,0,0,15
138000,15,0,0,15
138500,15,0,0,15
139000,15,0,0,15
139500,15,0,0,15
140000,15,0,0,15
140500,15,0,0,15
141000,15,0,0,15
141500,15,0,0,15
142000,15,0,0,15
142500,15,0,0,15
143000,15,0,0,15
143500,15,0,0,15
144000,15,0,0,15
144500,15,0,0,15
145000,15,0,0,15
145500,15,0,0,15
146000,15,0,0,15
146500,15,0,0,15
147000,15,0,0,15
147500,15,0,0,15
148000,15,0,0,15
148500,15,0,0,15
149000,15,0,0,15
149500,15,0,0,15
150000,15,0,0,15
150500,15,0,0,15
151000,15,0,0,15
151500,15,0,0,15
152000,15,0,0,15
152500,15,0,0,15
153000,15,0,0,15
153500,15,0,0,15
154000,15,0,0,15
154500,15,0,0,15
155000,15,0,0,15
155500,15,0,0,15
156000,15,0,0,15
156500,15,0,0,15
157000,15,0,0,15
157500,15,0,0,15
158000,15,0,0,15
158500,15,0,0,15
159000,15,0,0,15
159500,15,0,0,15
160000,15,0,0,15
160500,15,0,0,15
161000,15,0,0,15
161500,15,0,0,15
162000,15,0,0,15
162500,15,0,0,15
163000,15,0,0,15
163500,15,0,0,15
164000,15,0,0,15
164500,15,0,0,15
165000,15,0,0,15
165500,15,0,0,15
166000,15,0,0,15
166500,15,0,0,15
167000,15,0,0,15
167500,15,0,0,15
168000,15,0,0,15
168500,15,0,0,15
169000,15,0,0,15
169500,15,0,0,15
170000,15,0,0,15
170500,15,0,0,15
171000,15,0,0,15
171500,15,0,0,15
172000,15,0,0,15
172500,15,0,0,15
173000,15,0,0,15
173500,15,0,0,15
174000,15,0,0,15
174500,15,0,0,15
175000,15,0,0,15
175500,15,0,0,15
176000,15,0,0,15
176500,15,0,0,15
177000,15,0,0,15
177185,15,1,0,14
177500,14,0,0,14
178000,14,0,0,14
178500,14,0,0,14
179000,14,0,0,14
179500,14,0,0,14
180000,14,0,0,14
180500,14,0,0,14
181000,14,0,0,14
181500,14,0,0,14
182000,14,0,0,14
182500,14,0,0,14
183000,14,0,0,14
183500,14,0,0,14
184000,14,0,0,14
184500,14,0,0,14
185000,14,0,0,14
185500,14,0,0,14
186000,14,0,0,14
186500,14,0,0,14
187000,14,0,0,14
187500,14,0,0,14
188000,14,0,0,14
188500,14,0,0,14
189000,14,0,0,14
189500,14,0,0,14
190000,14,0,0,14
190500,14,0,0,14
191000,14,0,0,14
191500,14,0,0,14
192000,14,0,0,14
192500,14,0,0,14
193000,14,0,0,14
193500,14,0,0,14
194000,14,0,0,14
194500,14,0,0,14
195000,14,0,0,14
195500,14,0,0,14
196000,14,0,0,14
196500,14,0,0,14
197000,14,0,0,14
197500,14,0,0,14
198000,14,0,0,14
198500,14,0,0,14
199000,14,0,0,14
199500,14,0,0,14
200000,14,0,0,14
200500,14,0,0,14
201000,14,0,0,14
201500,14,0,0,14
202000,14,0,0,14
202500,14,0,0,14
203000,14,0,0,14
203500,14,0,0,14
204000,14,0,0,14
204500,14,0,0,14
205000,14,0,0,14
205500,14,0,0,14
206000,14,0,0,14
206500,14,0,0,14
207000,14,0,0,14
207500,14,0,0,14
208000,14,0,0,14
208500,14,0,0,14
209000,14,0,0,14
209500,14,0,0,14
210000,14,0,0,14
210500,14,0,0,14
211000,14,0,0,14
211500,14,0,0,14
212000,14,0,0,14
212500,14,0,0,14
213000,14,0,0,14
213500,14,0,0,14
214000,14,0,0,14
214500,14,0,0,14
215000,14,0,0,14
215500,14,0,0,14
216000,14,0,0,14
216500,14,0,0,14
217000,14,0,0,14
217500,14,0,0,14
218000,14,0,0,14
218500,14,0,0,14
219000,14,0,0,14
219500,14,0,0,14
220000,14,0,0,14
220500,14,0,0,14
221000,14,0,0,14
221500,14,0,0,14
222000,14,0,0,14
222500,14,0,0,14
223000,14,0,0,14
223500,14,0,0,14
224000,14,0,0,14
224500,14,0,0,14
225000,14,0,0,14
225500,14,0,0,14
226000,14,0,0,14
226500,14,0,0,14
227000,14,0,0,14
227500,14,0,0,14
228000,14,0,0,14
228500,14,0,0,14
229000,14,0,0,14
229500,14,0,0,14
230000,14,0,0,14
230500,14,0,0,14
231000,14,0,0,14
231500,14,0,0,14
232000,14,0,0,14
232500,14,0,0,14
233000,14,0,0,14
233500,14,0,0,14
234000,14,0,0,14
234500,14,0,0,14
235000,14,0,0,14
235500,14,0,0,14
236000,14,0,0,14
236500,14,0,0,14
237000,14,0,0,14
237500,14,0,0,14
238000,14,0,0,14
238500,14,0,0,14
239000,14,0,0,14
239500,14,0,0,14
240000,14,0,0,14
240500,14,0,0,14
241000,14,0,0,14
241500,14,0,0,14
242000,14,0,0,14
242500,14,0,0,14
243000,14,0,0,14
243500,14,0,0,14
244000,14,0,0,14
244449,14,1,0,13
244500,13,0,0,13
245000,13,0,0,13
245500,13,0,0,13
246000,13,0,0,13
246500,13,0,0,13
247000,13,0,0,13
247500,13,0,0,13
248000,13,0,0,13
248500,13,0,0,13
249000,13,0,0,13
249500,13,0,0,13
250000,13,0,0,13
250500,13,0,0,13
251000,13,0,0,13
251500,13,0,0,13
252000,13,0,0,13
252500,13,0,0,13
253000,13,0,0,13
253500,13,0,0,13
254000,13,0,0,13
254500,13,0,0,13
255000,13,0,0,13
255500,13,0,0,13
256000,13,0,0,13
256500,13,0,0,13
257000,13,0,0,13
257500,13,0,0,13
258000,13,0,0,13
258500,13,0,0,13
259000,13,0,0,13
259500,13,0,0,13
260000,13,0,0,13
260500,13,0,0,13
261000,13,0,0,13
261500,13,0,0,13
262000,13,0,0,13
262500,13,0,0,13
263000,13,0,0,13
263500,13,0,0,13
264000,13,0,0,13
264500,13,0,0,13
265000,13,0,0,13
265500,13,0,0,13
266000,13,0,0,13
266500,13,0,0,13
267000,13,0,0,13
267500,13,0,0,13
268000,13,0,0,13
268500,13,0,0,13
269000,13,0,0,13
269431,13,1,0,12
269500,12,0,0,12
270000,12,0,0,12
270500,12,0,0,12
271000,12,0,0,12
271500,12,0,0,12
272000,12,0,0,12
272500,12,0,0,12
273000,12,0,0,12
273500,12,0,0,12
274000,12,0,0,12
274500,12,0,0,12
275000,12,0,0,12
275500,12,0,0,12
276000,12,0,0,12
276500,12,0,0,12
277000,12,0,0,12
277500,12,0,0,12
278000,12,0,0,12
278500,12,0,0,12
279000,12,0,0,12
279500,12,0,0,12
280000,12,0,0,12
280500,12,0,0,12
281000,12,0,0,12
281500,12,0,0,12
282000,12,0,0,12
282500,12,0,0,12
283000,12,0,0,12
283500,12,0,0,12
284000,12,0,0,12
284500,12,0,0,12
285000,12,0,0,12
285500,12,0,0,12
286000,12,0,0,12
286500,12,0,0,12
287000,12,0,0,12
287500,12,0,0,12
288000,12,0,0,12
288500,12,0,0,12
289000,12,0,0,12
289500,12,0,0,12
290000,12,0,0,12
290500,12,0,0,12
291000,12,0,0,12
291500,12,0,0,12
292000,12,0,0,12
292500,12,0,0,12
292511,12,1,0,11
292735,11,3,0,8
293000,8,0,0,8
293500,8,0,0,8
294000,8,0,0,8
294500,8,0,0,8
295000,8,0,0,8
295500,8,0,0,8
296000,8,0,0,8
296500,8,0,0,8
297000,8,0,0,8
297500,8,0,0,8
298000,8,0,0,8
298500,8,0,0,8
299000,8,0,0,8
299500,8,0,0,8
300000,8,0,0,8
300500,8,0,0,8
301000,8,0,0,8
301500,8,0,0,8
302000,8,0,0,8
302500,8,0,0,8
303000,8,0,0,8
303500,8,0,0,8
304000,8,0,0,8
304500,8,0,0,8
305000,8,0,0,8
305500,8,0,0,8
306000,8,0,0,8
306500,8,0,0,8
307000,8,0,0,8
307500,8,0,0,8
308000,8,0,0,8
308500,8,0,0,8
309000,8,0,0,8
309500,8,0,0,8
310000,8,0,0,8
310500,8,0,0,8
311000,8,0,0,8
311500,8,0,0,8
312000,8,0,0,8
312500,8,0,0,8
313000,8,0,0,8
313500,8,0,0,8
314000,8,0,0,8
314500,8,0,0,8
315000,8,0,0,8
315500,8,0,0,8
316000,8,0,0,8
316500,8,0,0,8
317000,8,0,0,8
317500,8,0,0,8
318000,8,0,0,8
318500,8,0,0,8
319000,8,0,0,8
319500,8,0,0,8
320000,8,0,0,8
320500,8,0,0,8
321000,8,0,0,8
321500,8,0,0,8
322000,8,0,0,8
322500,8,0,0,8
323000,8,0,0,8
323500,8,0,0,8
324000,8,0,0,8
324500,8,0,0,8
325000,8,0,0,8
325500,8,0,0,8
326000,8,0,0,8
326500,8,0,0,8
327000,8,0,0,8
327500,8,0,0,8
328000,8,0,0,8
328500,8,0,0,8
329000,8,0,0,8
329500,8,0,0,8
330000,8,0,0,8
330500,8,0,0,8
331000,8,0,0,8
331500,8,0,0,8
332000,8,0,0,8
332500,8,0,0,8
333000,8,0,0,8
333500,8,0,0,8
334000,8,0,0,8
334500,8,0,0,8
335000,8,0,0,8
335500,8,0,0,8
336000,8,0,0,8
336500,8,0,0,8
337000,8,0,0,8
337500,8,0,0,8
338000,8,0,0,8
338500,8,0,0,8
339000,8,0,0,8
339500,8,0,0,8
340000,8,0,0,8
340500,8,0,0,8
341000,8,0,0,8
341500,8,0,0,8
342000,8,0,0,8
342500,8,0,0,8
343000,8,0,0,8
343500,8,0,0,8
344000,8,0,0,8
344500,8,0,0,8
345000,8,0,0,8
345500,8,0,0,8
346000,8,0,0,8
346500,8,0,0,8
347000,8,0,0,8
347500,8,0,0,8
348000,8,0,0,8
348500,8,0,0,8
349000,8,0,0,8
349500,8,0,0,8
350000,8,0,0,8
350500,8,0,0,8
351000,8,0,0,8
351500,8,0,0,8
352000,8,0,0,8
352500,8,0,0,8
353000,8,0,0,8
353500,8,0,0,8
354000,8,0,0,8
354500,8,0,0,8
355000,8,0,0,8
355500,8,0,0,8
356000,8,0,0,8
356500,8,0,0,8
357000,8,0,0,8
357500,8,0,0,8
358000,8,0,0,8
358500,8,0,0,8
359000,8,0,0,8
359500,8,0,0,8
360000,8,0,0,8
360500,8,0,0,8
361000,8,0,0,8
361500,8,0,0,8
362000,8,0,0,8
362500,8,0,0,8
363000,8,0,0,8
363500,8,0,0,8
364000,8,0,0,8
364500,8,0,0,8
365000,8,0,0,8
365500,8,0,0,8
366000,8,0,0,8
366500,8,0,0,8
367000,8,0,0,8
367500,8,0,0,8
368000,8,0,0,8
368500,8,0,0,8
369000,8,0,0,8
369500,8,0,0,8
370000,8,0,0,8
370500,8,0,0,8
371000,8,0,0,8
371500,8,0,0,8
372000,8,0,0,8
372500,8,0,0,8
373000,8,0,0,8
373500,8,0,0,8
374000,8,0,0,8
374500,8,0,0,8
375000,8,0,0,8
375500,8,0,0,8
376000,8,0,0,8
376500,8,0,0,8
377000,8,0,0,8
377500,8,0,0,8
378000,8,0,0,8
378500,8,0,0,8
379000,8,0,0,8
379500,8,0,0,8
380000,8,0,0,8
380500,8,0,0,8
381000,8,0,0,8
381500,8,0,0,8
382000,8,0,0,8
382500,8,0,0,8
383000,8,0,0,8
383500,8,0,0,8
384000,8,0,0,8
384500,8,0,0,8
385000,8,0,0,8
385500,8,0,0,8
386000,8,0,0,8
386500,8,0,0,8
387000,8,0,0,8
387500,8,0,0,8
388000,8,0,0,8
388500,8,0,0,8
389000,8,0,0,8
389500,8,0,0,8
390000,8,0,0,8
390500,8,0,0,8
391000,8,0,0,8
391500,8,0,0,8
392000,8,0,0,8
392500,8,0,0,8
393000,8,0,0,8
393500,8,0,0,8
394000,8,0,0,8
394500,8,0,0,8
395000,8,0,0,8
395500,8,0,0,8
396000,8,0,0,8
396500,8,0,0,8
397000,8,0,0,8
397500,8,0,0,8
398000,8,0,0,8
398500,8,0,0,8
398823,8,1,0,7
399000,7,0,0,7
399500,7,0,0,7
400000,7,0,0,7
400500,7,0,0,7
401000,7,0,0,7
401500,7,0,0,7
402000,7,0,0,7
402500,7,0,0,7
403000,7,0,0,7
403500,7,0,0,7
404000,7,0,0,7
404500,7,0,0,7
405000,7,0,0,7
405500,7,0,0,7
406000,7,0,0,7
406500,7,0,0,7
407000,7,0,0,7
407500,7,0,0,7
408000,7,0,0,7
408500,7,0,0,7
409000,7,0,0,7
409500,7,0,0,7
410000,7,0,0,7
410500,7,0,0,7
411000,7,0,0,7
411500,7,0,0,7
412000,7,0,0,7
412500,7,0,0,7
413000,7,0,0,7
413500,7,0,0,7
414000,7,0,0,7
414500,7,0,0,7
415000,7,0,0,7
415500,7,0,0,7
416000,7,0,0,7
416500,7,0,0,7
417000,7,0,0,7
417500,7,0,0,7
418000,7,0,0,7
418500,7,0,0,7
419000,7,0,0,7
419500,7,0,0,7
420000,7,0,0,7
420500,7,0,0,7
421000,7,0,0,7
421500,7,0,0,7
422000,7,0,0,7
422500,7,0,0,7
423000,7,0,0,7
423500,7,0,0,7
424000,7,0,0,7
424500,7,0,0,7
425000,7,0,0,7
425500,7,0,0,7
426000,7,0,0,7
426500,7,0,0,7
427000,7,0,0,7
427500,7,0,0,7
427989,7,1,0,6
428000,6,0,0,6
428500,6,0,0,6
429000,6,0,0,6
429500,6,0,0,6
429661,6,1,0,5
430000,5,0,0,5
430500,5,0,0,5
431000,5,0,0,5
431500,5,0,0,5
432000,5,0,0,5
432500,5,0,0,5
433000,5,0,0,5
433500,5,0,0,5
434000,5,0,0,5
434500,5,0,0,5
435000,5,0,0,5
435500,5,0,0,5
436000,5,0,0,5
436500,5,0,0,5
437000,5,0,0,5
437500,5,0,0,5
438000,5,0,0,5
438500,5,0,0,5
439000,5,0,0,5
439500,5,0,0,5
440000,5,0,0,5
440500,5,0,0,5
441000,5,0,0,5
441500,5,0,0,5
442000,5,0,0,5
442500,5,0,0,5
443000,5,0,0,5
443500,5,0,0,5
444000,5,0,0,5
444500,5,0,0,5
445000,5,0,0,5
445500,5,0,0,5
446000,5,0,0,5
446500,5,0,0,5
447000,5,0,0,5
447500,5,0,0,5
448000,5,0,0,5
448500,5,0,0,5
449000,5,0,0,5
449500,5,0,0,5
450000,5,0,0,5
450500,5,0,0,5
451000,5,0,0,5
451500,5,0,0,5
452000,5,0,0,5
452500,5,0,0,5
453000,5,0,0,5
453500,5,0,0,5
454000,5,0,0,5
454500,5,0,0,5
455000,5,0,0,5
455500,5,0,0,5
456000,5,0,0,5
456500,5,0,0,5
457000,5,0,0,5
457500,5,0,0,5
458000,5,0,0,5
458500,5,0,0,5
459000,5,0,0,5
459500,5,0,0,5
460000,5,0,0,5
460500,5,0,0,5
461000,5,0,0,5
461500,5,0,0,5
462000,5,0,0,5
462500,5,0,0,5
463000,5,0,0,5
463500,5,0,0,5
464000,5,0,0,5
464500,5,0,0,5
465000,5,0,0,5
465500,5,0,0,5
466000,5,0,0,5
466500,5,0,0,5
467000,5,0,0,5
467500,5,0,0,5
468000,5,0,0,5
468500,5,0,0,5
469000,5,0,0,5
469500,5,0,0,5
470000,5,0,0,5
470500,5,0,0,5
471000,5,0,0,5
471500,5,0,0,5
472000,5,0,0,5
472500,5,0,0,5
473000,5,0,0,5
473500,5,0,0,5
474000,5,0,0,5
474500,5,0,0,5
475000,5,0,0,5
475500,5,0,0,5
476000,5,0,0,5
476500,5,0,0,5
477000,5,0,0,5
477500,5,0,0,5
478000,5,0,0,5
478500,5,0,0,5
479000,5,0,0,5
479500,5,0,0,5
480000,5,0,0,5
480500,5,0,0,5
481000,5,0,0,5
481500,5,0,0,5
482000,5,0,0,5
482500,5,0,0,5
483000,5,0,0,5
483500,5,0,0,5
484000,5,0,0,5
484500,5,0,0,5
485000,5,0,0,5
485500,5,0,0,5
486000,5,0,0,5
486500,5,0,0,5
487000,5,0,0,5
487500,5,0,0,5
488000,5,0,0,5
488500,5,0,0,5
489000,5,0,0,5
489500,5,0,0,5
490000,5,0,0,5
490500,5,0,0,5
491000,5,0,0,5
491500,5,0,0,5
492000,5,0,0,5
492500,5,0,0,5
493000,5,0,0,5
493500,5,0,0,5
494000,5,0,0,5
494500,5,0,0,5
495000,5,0,0,5
495500,5,0,0,5
496000,5,0,0,5
496500,5,0,0,5
497000,5,0,0,5
497500,5,0,0,5
498000,5,0,0,5
498500,5,0,0,5
499000,5,0,0,5
499500,5,0,0,5
500000,5,0,0,5
500500,5,0,0,5
501000,5,0,0,5
501500,5,0,0,5
502000,5,0,0,5
502500,5,0,0,5
503000,5,0,0,5
503500,5,0,0,5
504000,5,0,0,5
504500,5,0,0,5
505000,5,0,0,5
505500,5,0,0,5
506000,5,0,0,5
506500,5,0,0,5
507000,5,0,0,5
507500,5,0,0,5
508000,5,0,0,5
508500,5,0,0,5
509000,5,0,0,5
509500,5,0,0,5
510000,5,0,0,5
510500,5,0,0,5
511000,5,0,0,5
511500,5,0,0,5
512000,5,0,0,5
512500,5,0,0,5
513000,5,0,0,5
513500,5,0,0,5
514000,5,0,0,5
514500,5,0,0,5
515000,5,0,0,5
515500,5,0,0,5
516000,5,0,0,5
516500,5,0,0,5
517000,5,0,0,5
517500,5,0,0,5
518000,5,0,0,5
518500,5,0,0,5
519000,5,0,0,5
519500,5,0,0,5
520000,5,0,0,5
520500,5,0,0,5
521000,5,0,0,5
521500,5,0,0,5
522000,5,0,0,5
522500,5,0,0,5
523000,5,0,0,5
523500,5,0,0,5
524000,5,0,0,5
524500,5,0,0,5
525000,5,0,0,5
525500,5,0,0,5
526000,5,0,0,5
526500,5,0,0,5
527000,5,0,0,5
527500,5,0,0,5
528000,5,0,0,5
528500,5,0,0,5
529000,5,0,0,5
529500,5,0,0,5
530000,5,0,0,5
530500,5,0,0,5
531000,5,0,0,5
531500,5,0,0,5
532000,5,0,0,5
532500,5,0,0,5
533000,5,0,0,5
533500,5,0,0,5
534000,5,0,0,5
534500,5,0,0,5
535000,5,0,0,5
535500,5,0,0,5
536000,5,0,0,5
536500,5,0,0,5
537000,5,0,0,5
537500,5,0,0,5
538000,5,0,0,5
538500,5,0,0,5
539000,5,0,0,5
539500,5,0,0,5
540000,5,0,0,5
540500,5,0,0,5
541000,5,0,0,5
541500,5,0,0,5
542000,5,0,0,5
542500,5,0,0,5
543000,5,0,0,5
543500,5,0,0,5
544000,5,0,0,5
544500,5,0,0,5
545000,5,0,0,5
545500,5,0,0,5
546000,5,0,0,5
546500,5,0,0,5
547000,5,0,0,5
547500,5,0,0,5
548000,5,0,0,5
548500,5,0,0,5
549000,5,0,0,5
549500,5,0,0,5
550000,5,0,0,5
550500,5,0,0,5
551000,5,0,0,5
551500,5,0,0,5
552000,5,0,0,5
552500,5,0,0,5
553000,5,0,0,5
553500,5,0,0,5
554000,5,0,0,5
554500,5,0,0,5
555000,5,0,0,5
555500,5,0,0,5
556000,5,0,0,5
556500,5,0,0,5
557000,5,0,0,5
557500,5,0,0,5
558000,5,0,0,5
558500,5,0,0,5
559000,5,0,0,5
559500,5,0,0,5
560000,5,0,0,5
560500,5,0,0,5
561000,5,0,0,5
561500,5,0,0,5
562000,5,0,0,5
562500,5,0,0,5
563000,5,0,0,5
563500,5,0,0,5
564000,5,0,0,5
564500,5,0,0,5
565000,5,0,0,5
565500,5,0,0,5
566000,5,0,0,5
566500,5,0,0,5
567000,5,0,0,5
567500,5,0,0,5
568000,5,0,0,5
568500,5,0,0,5
569000,5,0,0,5
569500,5,0,0,5
570000,5,0,0,5
570500,5,0,0,5
571000,5,0,0,5
571500,5,0,0,5
572000,5,0,0,5
572500,5,0,0,5
573000,5,0,0,5
573500,5,0,0,5
574000,5,0,0,5
574500,5,0,0,5
575000,5,0,0,5
575500,5,0,0,5
576000,5,0,0,5
576500,5,0,0,5
577000,5,0,0,5
577500,5,0,0,5
578000,5,0,0,5
578500,5,0,0,5
579000,5,0,0,5
579500,5,0,0,5
580000,5,0,0,5
580500,5,0,0,5
581000,5,0,0,5
581500,5,0,0,5
582000,5,0,0,5
582500,5,0,0,5
583000,5,0,0,5
583500,5,0,0,5
584000,5,0,0,5
584500,5,0,0,5
585000,5,0,0,5
585500,5,0,0,5
586000,5,0,0,5
586500,5,0,0,5
587000,5,0,0,5
587500,5,0,0,5
588000,5,0,0,5
588500,5,0,0,5
589000,5,0,0,5
589500,5,0,0,5
590000,5,0,0,5
590500,5,0,0,5
591000,5,0,0,5
591500,5,0,0,5
592000,5,0,0,5
592500,5,0,0,5
593000,5,0,0,5
593500,5,0,0,5
594000,5,0,0,5
594500,5,0,0,5
595000,5,0,0,5
595500,5,0,0,5
596000,5,0,0,5
596500,5,0,0,5
597000,5,0,0,5
597500,5,0,0,5
598000,5,0,0,5
598500,5,0,0,5
599000,5,0,0,5
599500,5,0,0,5
600000,5,0,0,5
600500,5,0,0,5
601000,5,0,0,5
601500,5,0,0,5
602000,5,0,0,5
602500,5,0,0,5
603000,5,0,0,5
603500,5,0,0,5
604000,5,0,0,5
604500,5,0,0,5
605000,5,0,0,5
605500,5,0,0,5
606000,5,0,0,5
606500,5,0,0,5
607000,5,0,0,5
607500,5,0,0,5
608000,5,0,0,5
608500,5,0,0,5
609000,5,0,0,5
609500,5,0,0,5
610000,5,0,0,5
610500,5,0,0,5
611000,5,0,0,5
611500,5,0,0,5
612000,5,0,0,5
612500,5,0,0,5
613000,5,0,0,5
613500,5,0,0,5
614000,5,0,0,5
614500,5,0,0,5
615000,5,0,0,5
615500,5,0,0,5
616000,5,0,0,5
616500,5,0,0,5
617000,5,0,0,5
617500,5,0,0,5
618000,5,0,0,5
618500,5,0,0,5
619000,5,0,0,5
619500,5,0,0,5
620000,5,0,0,5
620500,5,0,0,5
621000,5,0,0,5
621500,5,0,0,5
622000,5,0,0,5
622500,5,0,0,5
623000,5,0,0,5
623500,5,0,0,5
624000,5,0,0,5
624500,5,0,0,5
625000,5,0,0,5
625500,5,0,0,5
626000,5,0,0,5
626500,5,0,0,5
627000,5,0,0,5
627500,5,0,0,5
628000,5,0,0,5
628500,5,0,0,5
629000,5,0,0,5
629500,5,0,0,5
630000,5,0,0,5
630500,5,0,0,5
631000,5,0,0,5
631500,5,0,0,5
632000,5,0,0,5
632500,5,0,0,5
633000,5,0,0,5
633500,5,0,0,5
634000,5,0,0,5
634500,5,0,0,5
635000,5,0,0,5
635500,5,0,0,5
636000,5,0,0,5
636500,5,0,0,5
637000,5,0,0,5
637500,5,0,0,5
638000,5,0,0,5
638500,5,0,0,5
639000,5,0,0,5
639500,5,0,0,5
640000,5,0,0,5
640500,5,0,0,5
641000,5,0,0,5
641500,5,0,0,5
642000,5,0,0,5
642500,5,0,0,5
643000,5,0,0,5
643500,5,0,0,5
644000,5,0,0,5
644500,5,0,0,5
645000,5,0,0,5
645500,5,0,0,5
646000,5,0,0,5
646500,5,0,0,5
647000,5,0,0,5
647500,5,0,0,5
648000,5,0,0,5
648500,5,0,0,5
649000,5,0,0,5
649500,5,0,0,5
650000,5,0,0,5
650500,5,0,0,5
651000,5,0,0,5
651500,5,0,0,5
652000,5,0,0,5
652500,5,0,0,5
653000,5,0,0,5
653500,5,0,0,5
654000,5,0,0,5
654500,5,0,0,5
655000,5,0,0,5
655500,5,0,0,5
656000,5,0,0,5
656500,5,0,0,5
657000,5,0,0,5
657500,5,0,0,5
658000,5,0,0,5
658500,5,0,0,5
659000,5,0,0,5
659500,5,0,0,5
660000,5,0,0,5
660500,5,0,0,5
661000,5,0,0,5
661500,5,0,0,5
662000,5,0,0,5
662500,5,0,0,5
663000,5,0,0,5
663500,5,0,0,5
664000,5,0,0,5
664500,5,0,0,5
665000,5,0,0,5
665500,5,0,0,5
666000,5,0,0,5
666500,5,0,0,5
667000,5,0,0,5
667500,5,0,0,5
668000,5,0,0,5
668500,5,0,0,5
669000,5,0,0,5
669500,5,0,0,5
670000,5,0,0,5
670500,5,0,0,5
671000,5,0,0,5
671500,5,0,0,5
672000,5,0,0,5
672500,5,0,0,5
673000,5,0,0,5
673500,5,0,0,5
674000,5,0,0,5
674500,5,0,0,5
675000,5,0,0,5
675500,5,0,0,5
676000,5,0,0,5
676500,5,0,0,5
677000,5,0,0,5
677500,5,0,0,5
678000,5,0,0,5
678500,5,0,0,5
679000,5,0,0,5
679500,5,0,0,5
680000,5,0,0,5
680500,5,0,0,5
681000,5,0,0,5
681500,5,0,0,5
682000,5,0,0,5
682500,5,0,0,5
683000,5,0,0,5
683500,5,0,0,5
684000,5,0,0,5
684500,5,0,0,5
685000,5,0,0,5
685500,5,0,0,5
686000,5,0,0,5
686500,5,0,0,5
687000,5,0,0,5
687500,5,0,0,5
688000,5,0,0,5
688500,5,0,0,5
689000,5,0,0,5
689500,5,0,0,5
690000,5,0,0,5
690500,5,0,0,5
691000,5,0,0,5
691500,5,0,0,5
692000,5,0,0,5
692500,5,0,0,5
693000,5,0,0,5
693500,5,0,0,5
694000,5,0,0,5
694500,5,0,0,5
695000,5,0,0,5
695500,5,0,0,5
696000,5,0,0,5
696500,5,0,0,5
697000,5,0,0,5
697500,5,0,0,5
698000,5,0,0,5
698500,5,0,0,5
699000,5,0,0,5
699500,5,0,0,5
700000,5,0,0,5
700500,5,0,0,5
701000,5,0,0,5
701500,5,0,0,5
702000,5,0,0,5
702500,5,0,0,5
703000,5,0,0,5
703500,5,0,0,5
704000,5,0,0,5
704500,5,0,0,5
705000,5,0,0,5
705500,5,0,0,5
706000,5,0,0,5
706500,5,0,0,5
707000,5,0,0,5
707500,5,0,0,5
708000,5,0,0,5
708500,5,0,0,5
709000,5,0,0,5
709500,5,0,0,5
710000,5,0,0,5
710500,5,0,0,5
711000,5,0,0,5
711500,5,0,0,5
712000,5,0,0,5
712500,5,0,0,5
713000,5,0,0,5
713500,5,0,0,5
714000,5,0,0,5
714500,5,0,0,5
715000,5,0,0,5
715500,5,0,0,5
716000,5,0,0,5
716500,5,0,0,5
717000,5,0,0,5
717500,5,0,0,5
718000,5,0,0,5
718500,5,0,0,5
719000,5,0,0,5
719500,5,0,0,5
720000,5,0,0,5
720500,5,0,0,5
721000,5,0,0,5
721500,5,0,0,5
722000,5,0,0,5
722500,5,0,0,5
723000,5,0,0,5
723500,5,0,0,5
724000,5,0,0,5
724500,5,0,0,5
725000,5,0,0,5
725500,5,0,0,5
726000,5,0,0,5
726500,5,0,0,5
727000,5,0,0,5
727500,5,0,0,5
728000,5,0,0,5
728500,5,0,0,5
729000,5,0,0,5
729500,5,0,0,5
730000,5,0,0,5
730500,5,0,0,5
731000,5,0,0,5
731500,5,0,0,5
732000,5,0,0,5
732500,5,0,0,5
733000,5,0,0,5
733500,5,0,0,5
734000,5,0,0,5
734500,5,0,0,5
735000,5,0,0,5
735500,5,0,0,5
736000,5,0,0,5
736500,5,0,0,5
737000,5,0,0,5
737500,5,0,0,5
738000,5,0,0,5
738500,5,0,0,5
739000,5,0,0,5
739500,5,0,0,5
740000,5,0,0,5
740500,5,0,0,5
741000,5,0,0,5
741500,5,0,0,5
742000,5,0,0,5
742500,5,0,0,5
743000,5,0,0,5
743500,5,0,0,5
744000,5,0,0,5
744500,5,0,0,5
745000,5,0,0,5
745500,5,0,0,5
746000,5,0,0,5
746500,5,0,0,5
747000,5,0,0,5
747500,5,0,0,5
748000,5,0,0,5
748500,5,0,0,5
749000,5,0,0,5
749500,5,0,0,5
750000,5,0,0,5
750500,5,0,0,5
751000,5,0,0,5
751500,5,0,0,5
752000,5,0,0,5
752500,5,0,0,5
753000,5,0,0,5
753500,5,0,0,5
754000,5,0,0,5
754500,5,0,0,5
755000,5,0,0,5
755500,5,0,0,5
756000,5,0,0,5
756500,5,0,0,5
757000,5,0,0,5
757500,5,0,0,5
758000,5,0,0,5
758500,5,0,0,5
759000,5,0,0,5
759500,5,0,0,5
760000,5,0,0,5
760500,5,0,0,5
761000,5,0,0,5
761500,5,0,0,5
762000,5,0,0,5
762500,5,0,0,5
763000,5,0,0,5
763500,5,0,0,5
764000,5,0,0,5
764500,5,0,0,5
765000,5,0,0,5
765500,5,0,0,5
766000,5,0,0,5
766500,5,0,0,5
767000,5,0,0,5
767500,5,0,0,5
768000,5,0,0,5
768500,5,0,0,5
769000,5,0,0,5
769500,5,0,0,5
770000,5,0,0,5
770500,5,0,0,5
771000,5,0,0,5
771500,5,0,0,5
772000,5,0,0,5
772500,5,0,0,5
773000,5,0,0,5
773500,5,0,0,5
774000,5,0,0,5
774500,5,0,0,5
775000,5,0,0,5
775500,5,0,0,5
776000,5,0,0,5
776500,5,0,0,5
777000,5,0,0,5
777500,5,0,0,5
778000,5,0,0,5
778500,5,0,0,5
779000,5,0,0,5
779500,5,0,0,5
780000,5,0,0,5
780500,5,0,0,5
781000,5,0,0,5
781500,5,0,0,5
782000,5,0,0,5
782500,5,0,0,5
783000,5,0,0,5
783500,5,0,0,5
784000,5,0,0,5
784500,5,0,0,5
785000,5,0,0,5
785500,5,0,0,5
786000,5,0,0,5
786500,5,0,0,5
787000,5,0,0,5
787500,5,0,0,5
788000,5,0,0,5
788500,5,0,0,5
789000,5,0,0,5
789500,5,0,0,5
790000,5,0,0,5
790500,5,0,0,5
791000,5,0,0,5
791500,5,0,0,5
792000,5,0,0,5
792500,5,0,0,5
793000,5,0,0,5
793500,5,0,0,5
794000,5,0,0,5
794500,5,0,0,5
795000,5,0,0,5
795500,5,0,0,5
796000,5,0,0,5
796500,5,0,0,5
797000,5,0,0,5
797500,5,0,0,5
798000,5,0,0,5
798500,5,0,0,5
799000,5,0,0,5
799500,5,0,0,5
800000,5,0,0,5
800500,5,0,0,5
801000,5,0,0,5
801500,5,0,0,5
802000,5,0,0,5
802500,5,0,0,5
803000,5,0,0,5
803500,5,0,0,5
804000,5,0,0,5
804500,5,0,0,5
805000,5,0,0,5
805500,5,0,0,5
806000,5,0,0,5
806500,5,0,0,5
807000,5,0,0,5
807500,5,0,0,5
808000,5,0,0,5
808500,5,0,0,5
809000,5,0,0,5
809500,5,0,0,5
810000,5,0,0,5
810500,5,0,0,5
811000,5,0,0,5
811500,5,0,0,5
812000,5,0,0,5
812500,5,0,0,5
813000,5,0,0,5
813500,5,0,0,5
814000,5,0,0,5
814500,5,0,0,5
815000,5,0,0,5
815500,5,0,0,5
816000,5,0,0,5
816500,5,0,0,5
817000,5,0,0,5
817500,5,0,0,5
818000,5,0,0,5
818295,5,1,0,4
818500,4,0,0,4
819000,4,0,0,4
819500,4,0,0,4
820000,4,0,0,4
820500,4,0,0,4
821000,4,0,0,4
821500,4,0,0,4
822000,4,0,0,4
822500,4,0,0,4
823000,4,0,0,4
823500,4,0,0,4
824000,4,0,0,4
824500,4,0,0,4
825000,4,0,0,4
825500,4,0,0,4
826000,4,0,0,4
826500,4,0,0,4
827000,4,0,0,4
827500,4,0,0,4
828000,4,0,0,4
828500,4,0,0,4
829000,4,0,0,4
829500,4,0,0,4
830000,4,0,0,4
830500,4,0,0,4
831000,4,0,0,4
831500,4,0,0,4
832000,4,0,0,4
832500,4,0,0,4
833000,4,0,0,4
833500,4,0,0,4
834000,4,0,0,4
834500,4,0,0,4
835000,4,0,0,4
835500,4,0,0,4
836000,4,0,0,4
836500,4,0,0,4
837000,4,0,0,4
837500,4,0,0,4
838000,4,0,0,4
838500,4,0,0,4
839000,4,0,0,4
839500,4,0,0,4
840000,4,0,0,4
840500,4,0,0,4
841000,4,0,0,4
841500,4,0,0,4
842000,4,0,0,4
842500,4,0,0,4
843000,4,0,0,4
843500,4,0,0,4
844000,4,0,0,4
844500,4,0,0,4
845000,4,0,0,4
845500,4,0,0,4
846000,4,0,0,4
846500,4,0,0,4
847000,4,0,0,4
847500,4,0,0,4
848000,4,0,0,4
848500,4,0,0,4
849000,4,0,0,4
849500,4,0,0,4
850000,4,0,0,4
850500,4,0,0,4
851000,4,0,0,4
851500,4,0,0,4
852000,4,0,0,4
852500,4,0,0,4
853000,4,0,0,4
853500,4,0,0,4
854000,4,0,0,4
854500,4,0,0,4
855000,4,0,0,4
855500,4,0,0,4
856000,4,0,0,4
856500,4,0,0,4
857000,4,0,0,4
857500,4,0,0,4
858000,4,0,0,4
858500,4,0,0,4
859000,4,0,0,4
859500,4,0,0,4
860000,4,0,0,4
860500,4,0,0,4
861000,4,0,0,4
861500,4,0,0,4
862000,4,0,0,4
862500,4,0,0,4
863000,4,0,0,4
863500,4,0,0,4
864000,4,0,0,4
864500,4,0,0,4
865000,4,0,0,4
865500,4,0,0,4
866000,4,0,0,4
866500,4,0,0,4
867000,4,0,0,4
867500,4,0,0,4
868000,4,0,0,4
868500,4,0,0,4
869000,4,0,0,4
869500,4,0,0,4
870000,4,0,0,4
870500,4,0,0,4
871000,4,0,0,4
871500,4,0,0,4
872000,4,0,0,4
872500,4,0,0,4
873000,4,0,0,4
873500,4,0,0,4
874000,4,0,0,4
874500,4,0,0,4
875000,4,0,0,4
875500,4,0,0,4
876000,4,0,0,4
876500,4,0,0,4
877000,4,0,0,4
877500,4,0,0,4
878000,4,0,0,4
878500,4,0,0,4
879000,4,0,0,4
879500,4,0,0,4
880000,4,0,0,4
880500,4,0,0,4
881000,4,0,0,4
881500,4,0,0,4
882000,4,0,0,4
882500,4,0,0,4
883000,4,0,0,4
883500,4,0,0,4
884000,4,0,0,4
884500,4,0,0,4
885000,4,0,0,4
885500,4,0,0,4
886000,4,0,0,4
886500,4,0,0,4
887000,4,0,0,4
887500,4,0,0,4
888000,4,0,0,4
888500,4,0,0,4
889000,4,0,0,4
889500,4,0,0,4
890000,4,0,0,4
890500,4,0,0,4
891000,4,0,0,4
891500,4,0,0,4
892000,4,0,0,4
892500,4,0,0,4
893000,4,0,0,4
893500,4,0,0,4
894000,4,0,0,4
894500,4,0,0,4
895000,4,0,0,4
895500,4,0,0,4
896000,4,0,0,4
896500,4,0,0,4
897000,4,0,0,4
897500,4,0,0,4
898000,4,0,0,4
898500,4,0,0,4
899000,4,0,0,4
899500,4,0,0,4
900000,4,0,0,4
900500,4,0,0,4
901000,4,0,0,4
901500,4,0,0,4
902000,4,0,0,4
902500,4,0,0,4
903000,4,0,0,4
903500,4,0,0,4
904000,4,0,0,4
904500,4,0,0,4
905000,4,0,0,4
905500,4,0,0,4
906000,4,0,0,4
906500,4,0,0,4
907000,4,0,0,4
907500,4,0,0,4
908000,4,0,0,4
908500,4,0,0,4
909000,4,0,0,4
909500,4,0,0,4
910000,4,0,0,4
910500,4,0,0,4
911000,4,0,0,4
911500,4,0,0,4
912000,4,0,0,4
912500,4,0,0,4
913000,4,0,0,4
913500,4,0,0,4
914000,4,0,0,4
914500,4,0,0,4
915000,4,0,0,4
915500,4,0,0,4
916000,4,0,0,4
916500,4,0,0,4
917000,4,0,0,4
917500,4,0,0,4
918000,4,0,0,4
918500,4,0,0,4
919000,4,0,0,4
919500,4,0,0,4
920000,4,0,0,4
920500,4,0,0,4
921000,4,0,0,4
921500,4,0,0,4
922000,4,0,0,4
922500,4,0,0,4
923000,4,0,0,4
923500,4,0,0,4
924000,4,0,0,4
924500,4,0,0,4
925000,4,0,0,4
925500,4,0,0,4
926000,4,0,0,4
926500,4,0,0,4
927000,4,0,0,4
927500,4,0,0,4
928000,4,0,0,4
928500,4,0,0,4
929000,4,0,0,4
929500,4,0,0,4
930000,4,0,0,4
930500,4,0,0,4
931000,4,0,0,4
931500,4,0,0,4
932000,4,0,0,4
932500,4,0,0,4
933000,4,0,0,4
933500,4,0,0,4
934000,4,0,0,4
934500,4,0,0,4
935000,4,0,0,4
935500,4,0,0,4
936000,4,0,0,4
936500,4,0,0,4
937000,4,0,0,4
937500,4,0,0,4
938000,4,0,0,4
938500,4,0,0,4
939000,4,0,0,4
939500,4,0,0,4
940000,4,0,0,4
940500,4,0,0,4
941000,4,0,0,4
941500,4,0,0,4
942000,4,0,0,4
942500,4,0,0,4
943000,4,0,0,4
943500,4,0,0,4
944000,4,0,0,4
944500,4,0,0,4
945000,4,0,0,4
945500,4,0,0,4
946000,4,0,0,4
946500,4,0,0,4
947000,4,0,0,4
947500,4,0,0,4
948000,4,0,0,4
948500,4,0,0,4
949000,4,0,0,4
949500,4,0,0,4
950000,4,0,0,4
950500,4,0,0,4
951000,4,0,0,4
951500,4,0,0,4
952000,4,0,0,4
952500,4,0,0,4
953000,4,0,0,4
953500,4,0,0,4
954000,4,0,0,4
954500,4,0,0,4
955000,4,0,0,4
955500,4,0,0,4
956000,4,0,0,4
956500,4,0,0,4
957000,4,0,0,4
957500,4,0,0,4
958000,4,0,0,4
958500,4,0,0,4
959000,4,0,0,4
959500,4,0,0,4
960000,4,0,0,4
960500,4,0,0,4
961000,4,0,0,4
961500,4,0,0,4
962000,4,0,0,4
962500,4,0,0,4
963000,4,0,0,4
963500,4,0,0,4
964000,4,0,0,4
964500,4,0,0,4
965000,4,0,0,4
965500,4,0,0,4
966000,4,0,0,4
966500,4,0,0,4
967000,4,0,0,4
967500,4,0,0,4
968000,4,0,0,4
968500,4,0,0,4
969000,4,0,0,4
969500,4,0,0,4
970000,4,0,0,4
970500,4,0,0,4
971000,4,0,0,4
971500,4,0,0,4
972000,4,0,0,4
972500,4,0,0,4
973000,4,0,0,4
973500,4,0,0,4
974000,4,0,0,4
974500,4,0,0,4
975000,4,0,0,4
975500,4,0,0,4
976000,4,0,0,4
976500,4,0,0,4
977000,4,0,0,4
977500,4,0,0,4
978000,4,0,0,4
978500,4,0,0,4
979000,4,0,0,4
979500,4,0,0,4
980000,4,0,0,4
980500,4,0,0,4
981000,4,0,0,4
981500,4,0,0,4
982000,4,0,0,4
982500,4,0,0,4
983000,4,0,0,4
983500,4,0,0,4
984000,4,0,0,4
984500,4,0,0,4
985000,4,0,0,4
985500,4,0,0,4
986000,4,0,0,4
986500,4,0,0,4
987000,4,0,0,4
987500,4,0,0,4
988000,4,0,0,4
988500,4,0,0,4
989000,4,0,0,4
989500,4,0,0,4
990000,4,0,0,4
990500,4,0,0,4
991000,4,0,0,4
991500,4,0,0,4
992000,4,0,0,4
992500,4,0,0,4
993000,4,0,0,4
993500,4,0,0,4
994000,4,0,0,4
994500,4,0,0,4
995000,4,0,0,4
995500,4,0,0,4
996000,4,0,0,4
996500,4,0,0,4
997000,4,0,0,4
997500,4,0,0,4
998000,4,0,0,4
998500,4,0,0,4
999000,4,0,0,4
999500,4,0,0,4
1000000,4,0,0,4
1000500,4,0,0,4
1001000,4,0,0,4
1001500,4,0,0,4
1002000,4,0,0,4
1002500,4,0,0,4
1003000,4,0,0,4
1003500,4,0,0,4
1004000,4,0,0,4
1004500,4,0,0,4
1005000,4,0,0,4
1005500,4,0,0,4
1006000,4,0,0,4
1006500,4,0,0,4
1007000,4,0,0,4
1007500,4,0,0,4
1008000,4,0,0,4
1008500,4,0,0,4
1009000,4,0,0,4
1009500,4,0,0,4
1010000,4,0,0,4
1010500,4,0,0,4
1011000,4,0,0,4
1011500,4,0,0,4
1012000,4,0,0,4
1012500,4,0,0,4
1013000,4,0,0,4
1013500,4,0,0,4
1014000,4,0,0,4
1014500,4,0,0,4
1015000,4,0,0,4
1015500,4,0,0,4
1016000,4,0,0,4
1016500,4,0,0,4
1017000,4,0,0,4
1017500,4,0,0,4
1018000,4,0,0,4
1018500,4,0,0,4
1019000,4,0,0,4
1019500,4,0,0,4
1020000,4,0,0,4
1020500,4,0,0,4
1021000,4,0,0,4
1021500,4,0,0,4
1022000,4,0,0,4
1022500,4,0,0,4
1023000,4,0,0,4
1023500,4,0,0,4
1024000,4,0,0,4
1024500,4,0,0,4
1025000,4,0,0,4
1025500,4,0,0,4
1026000,4,0,0,4
1026500,4,0,0,4
1027000,4,0,0,4
1027500,4,0,0,4
1028000,4,0,0,4
1028500,4,0,0,4
1029000,4,0,0,4
1029500,4,0,0,4
1030000,4,0,0,4
1030500,4,0,0,4
1031000,4,0,0,4
1031500,4,0,0,4
1032000,4,0,0,4
1032500,4,0,0,4
1033000,4,0,0,4
1033500,4,0,0,4
1034000,4,0,0,4
1034500,4,0,0,4
1035000,4,0,0,4
1035500,4,0,0,4
1036000,4,0,0,4
1036500,4,0,0,4
1037000,4,0,0,4
1037500,4,0,0,4
1038000,4,0,0,4
1038500,4,0,0,4
1039000,4,0,0,4
1039500,4,0,0,4
1040000,4,0,0,4
1040500,4,0,0,4
1041000,4,0,0,4
1041500,4,0,0,4
1042000,4,0,0,4
1042500,4,0,0,4
1043000,4,0,0,4
1043500,4,0,0,4
1044000,4,0,0,4
1044500,4,0,0,4
1045000,4,0,0,4
1045500,4,0,0,4
1046000,4,0,0,4
1046500,4,0,0,4
1047000,4,0,0,4
1047500,4,0,0,4
1048000,4,0,0,4
1048500,4,0,0,4
1049000,4,0,0,4
1049500,4,0,0,4
1050000,4,0,0,4
1050500,4,0,0,4
1051000,4,0,0,4
1051500,4,0,0,4
1052000,4,0,0,4
1052500,4,0,0,4
1053000,4,0,0,4
1053500,4,0,0,4
1054000,4,0,0,4
1054500,4,0,0,4
1055000,4,0,0,4
1055500,4,0,0,4
1056000,4,0,0,4
1056500,4,0,0,4
1057000,4,0,0,4
1057500,4,0,0,4
1058000,4,0,0,4
1058500,4,0,0,4
1059000,4,0,0,4
1059500,4,0,0,4
1060000,4,0,0,4
1060500,4,0,0,4
1061000,4,0,0,4
1061500,4,0,0,4
1062000,4,0,0,4
1062500,4,0,0,4
1063000,4,0,0,4
1063500,4,0,0,4
1064000,4,0,0,4
1064500,4,0,0,4
1065000,4,0,0,4
1065500,4,0,0,4
1066000,4,0,0,4
1066500,4,0,0,4
1067000,4,0,0,4
1067500,4,0,0,4
1068000,4,0,0,4
1068500,4,0,0,4
1069000,4,0,0,4
1069500,4,0,0,4
1070000,4,0,0,4
1070500,4,0,0,4
1071000,4,0,0,4
1071500,4,0,0,4
1072000,4,0,0,4
1072500,4,0,0,4
1073000,4,0,0,4
1073500,4,0,0,4
1074000,4,0,0,4
1074500,4,0,0,4
1075000,4,0,0,4
1075500,4,0,0,4
1076000,4,0,0,4
1076500,4,0,0,4
1077000,4,0,0,4
1077500,4,0,0,4
1078000,4,0,0,4
1078500,4,0,0,4
1079000,4,0,0,4
1079500,4,0,0,4
1080000,4,0,0,4
1080500,4,0,0,4
1081000,4,0,0,4
1081500,4,0,0,4
1082000,4,0,0,4
1082500,4,0,0,4
1083000,4,0,0,4
1083500,4,0,0,4
1084000,4,0,0,4
1084500,4,0,0,4
1085000,4,0,0,4
1085500,4,0,0,4
1086000,4,0,0,4
1086500,4,0,0,4
1087000,4,0,0,4
1087500,4,0,0,4
1088000,4,0,0,4
1088500,4,0,0,4
1089000,4,0,0,4
1089500,4,0,0,4
1090000,4,0,0,4
1090500,4,0,0,4
1091000,4,0,0,4
1091500,4,0,0,4
1092000,4,0,0,4
1092500,4,0,0,4
1093000,4,0,0,4
1093500,4,0,0,4
1094000,4,0,0,4
1094500,4,0,0,4
1095000,4,0,0,4
1095500,4,0,0,4
1096000,4,0,0,4
1096500,4,0,0,4
1097000,4,0,0,4
1097500,4,0,0,4
1098000,4,0,0,4
1098500,4,0,0,4
1099000,4,0,0,4
1099500,4,0,0,4
1100000,4,0,0,4
1100500,4,0,0,4
1101000,4,0,0,4
1101500,4,0,0,4
1102000,4,0,0,4
1102500,4,0,0,4
1103000,4,0,0,4
1103500,4,0,0,4
1104000,4,0,0,4
1104500,4,0,0,4
1105000,4,0,0,4
1105500,4,0,0,4
1106000,4,0,0,4
1106500,4,0,0,4
1107000,4,0,0,4
1107500,4,0,0,4
1108000,4,0,0,4
1108500,4,0,0,4
1109000,4,0,0,4
1109500,4,0,0,4
1110000,4,0,0,4
1110500,4,0,0,4
1111000,4,0,0,4
1111500,4,0,0,4
1112000,4,0,0,4
1112500,4,0,0,4
1113000,4,0,0,4
1113500,4,0,0,4
1114000,4,0,0,4
1114500,4,0,0,4
1115000,4,0,0,4
1115500,4,0,0,4
1116000,4,0,0,4
1116500,4,0,0,4
1117000,4,0,0,4
1117500,4,0,0,4
1118000,4,0,0,4
1118500,4,0,0,4
1119000,4,0,0,4
1119500,4,0,0,4
1120000,4,0,0,4
1120500,4,0,0,4
1121000,4,0,0,4
1121500,4,0,0,4
1122000,4,0,0,4
1122500,4,0,0,4
1123000,4,0,0,4
1123500,4,0,0,4
1124000,4,0,0,4
1124500,4,0,0,4
1125000,4,0,0,4
1125500,4,0,0,4
1126000,4,0,0,4
1126500,4,0,0,4
1127000,4,0,0,4
1127500,4,0,0,4
1128000,4,0,0,4
1128500,4,0,0,4
1129000,4,0,0,4
1129500,4,0,0,4
1130000,4,0,0,4
1130500,4,0,0,4
1131000,4,0,0,4
1131500,4,0,0,4
1132000,4,0,0,4
1132500,4,0,0,4
1133000,4,0,0,4
1133500,4,0,0,4
1134000,4,0,0,4
1134500,4,0,0,4
1135000,4,0,0,4
1135500,4,0,0,4
1136000,4,0,0,4
1136500,4,0,0,4
1137000,4,0,0,4
1137500,4,0,0,4
1138000,4,0,0,4
1138500,4,0,0,4
1139000,4,0,0,4
1139500,4,0,0,4
1140000,4,0,0,4
1140500,4,0,0,4
1141000,4,0,0,4
1141500,4,0,0,4
1142000,4,0,0,4
1142500,4,0,0,4
1143000,4,0,0,4
1143500,4,0,0,4
1144000,4,0,0,4
1144500,4,0,0,4
1145000,4,0,0,4
1145487,4,1,0,3
1145500,3,0,0,3
1146000,3,0,0,3
1146500,3,0,0,3
1147000,3,0,0,3
1147500,3,0,0,3
1148000,3,0,0,3
1148500,3,0,0,3
1149000,3,0,0,3
1149500,3,0,0,3
1150000,3,0,0,3
1150500,3,0,0,3
1151000,3,0,0,3
1151500,3,0,0,3
1152000,3,0,0,3
1152500,3,0,0,3
1153000,3,0,0,3
1153500,3,0,0,3
1154000,3,0,0,3
1154500,3,0,0,3
1155000,3,0,0,3
1155500,3,0,0,3
1156000,3,0,0,3
1156500,3,0,0,3
1157000,3,0,0,3
1157500,3,0,0,3
1158000,3,0,0,3
1158500,3,0,0,3
1159000,3,0,0,3
1159500,3,0,0,3
1160000,3,0,0,3
1160500,3,0,0,3
1161000,3,0,0,3
1161500,3,0,0,3
1162000,3,0,0,3
1162500,3,0,0,3
1163000,3,0,0,3
1163500,3,0,0,3
1164000,3,0,0,3
1164500,3,0,0,3
1165000,3,0,0,3
1165500,3,0,0,3
1166000,3,0,0,3
1166500,3,0,0,3
1167000,3,0,0,3
1167500,3,0,0,3
1168000,3,0,0,3
1168500,3,0,0,3
1169000,3,0,0,3
1169500,3,0,0,3
1170000,3,0,0,3
1170500,3,0,0,3
1171000,3,0,0,3
1171500,3,0,0,3
1172000,3,0,0,3
1172500,3,0,0,3
1173000,3,0,0,3
1173500,3,0,0,3
1174000,3,0,0,3
1174500,3,0,0,3
1175000,3,0,0,3
1175500,3,0,0,3
1176000,3,0,0,3
1176500,3,0,0,3
1177000,3,0,0,3
1177500,3,0,0,3
1178000,3,0,0,3
1178500,3,0,0,3
1179000,3,0,0,3
1179500,3,0,0,3
1180000,3,0,0,3
1180500,3,0,0,3
1181000,3,0,0,3
1181500,3,0,0,3
1182000,3,0,0,3
1182500,3,0,0,3
1183000,3,0,0,3
1183500,3,0,0,3
1184000,3,0,0,3
1184500,3,0,0,3
1185000,3,0,0,3
1185500,3,0,0,3
1186000,3,0,0,3
1186500,3,0,0,3
1187000,3,0,0,3
1187500,3,0,0,3
1188000,3,0,0,3
1188500,3,0,0,3
1189000,3,0,0,3
1189500,3,0,0,3
1190000,3,0,0,3
1190500,3,0,0,3
1191000,3,0,0,3
1191500,3,0,0,3
1192000,3,0,0,3
1192500,3,0,0,3
1193000,3,0,0,3
1193500,3,0,0,3
1194000,3,0,0,3
1194500,3,0,0,3
1195000,3,0,0,3
1195500,3,0,0,3
1196000,3,0,0,3
1196500,3,0,0,3
1197000,3,0,0,3
1197500,3,0,0,3
1198000,3,0,0,3
1198500,3,0,0,3
1199000,3,0,0,3
1199500,3,0,0,3
1200000,3,0,0,3
1200500,3,0,0,3
1201000,3,0,0,3
1201500,3,0,0,3
1202000,3,0,0,3
1202500,3,0,0,3
1203000,3,0,0,3
1203500,3,0,0,3
1204000,3,0,0,3
1204500,3,0,0,3
1205000,3,0,0,3
1205500,3,0,0,3
1206000,3,0,0,3
1206500,3,0,0,3
1207000,3,0,0,3
1207500,3,0,0,3
1208000,3,0,0,3
1208500,3,0,0,3
1209000,3,0,0,3
1209500,3,0,0,3
1210000,3,0,0,3
1210500,3,0,0,3
1211000,3,0,0,3
1211500,3,0,0,3
1212000,3,0,0,3
1212500,3,0,0,3
1213000,3,0,0,3
1213500,3,0,0,3
1214000,3,0,0,3
1214500,3,0,0,3
1215000,3,0,0,3
1215500,3,0,0,3
1216000,3,0,0,3
1216500,3,0,0,3
1217000,3,0,0,3
1217500,3,0,0,3
1218000,3,0,0,3
1218500,3,0,0,3
1219000,3,0,0,3
1219500,3,0,0,3
1220000,3,0,0,3
1220500,3,0,0,3
1221000,3,0,0,3
1221500,3,0,0,3
1222000,3,0,0,3
1222500,3,0,0,3
1223000,3,0,0,3
1223500,3,0,0,3
1224000,3,0,0,3
1224500,3,0,0,3
1225000,3,0,0,3
1225500,3,0,0,3
1226000,3,0,0,3
1226500,3,0,0,3
1227000,3,0,0,3
1227500,3,0,0,3
1228000,3,0,0,3
1228500,3,0,0,3
1229000,3,0,0,3
1229500,3,0,0,3
1230000,3,0,0,3
1230500,3,0,0,3
1231000,3,0,0,3
1231500,3,0,0,3
1232000,3,0,0,3
1232500,3,0,0,3
1233000,3,0,0,3
1233500,3,0,0,3
1234000,3,0,0,3
1234500,3,0,0,3
1235000,3,0,0,3
1235500,3,0,0,3
1236000,3,0,0,3
1236500,3,0,0,3
1237000,3,0,0,3
1237500,3,0,0,3
1238000,3,0,0,3
1238500,3,0,0,3
1239000,3,0,0,3
1239500,3,0,0,3
1240000,3,0,0,3
1240289,3,1,0,2
1240500,2,0,0,2
1241000,2,0,0,2
1241500,2,0,0,2
1242000,2,0,0,2
1242500,2,0,0,2
1243000,2,0,0,2
1243500,2,0,0,2
1244000,2,0,0,2
1244500,2,0,0,2
1245000,2,0,0,2
1245500,2,0,0,2
1246000,2,0,0,2
1246500,2,0,0,2
1247000,2,0,0,2
1247500,2,0,0,2
1248000,2,0,0,2
1248500,2,0,0,2
1249000,2,0,0,2
1249500,2,0,0,2
1250000,2,0,0,2
1250500,2,0,0,2
1251000,2,0,0,2
1251500,2,0,0,2
1252000,2,0,0,2
1252500,2,0,0,2
1253000,2,0,0,2
1253500,2,0,0,2
1254000,2,0,0,2
1254500,2,0,0,2
1255000,2,0,0,2
1255500,2,0,0,2
1256000,2,0,0,2
1256500,2,0,0,2
1257000,2,0,0,2
1257500,2,0,0,2
1258000,2,0,0,2
1258500,2,0,0,2
1259000,2,0,0,2
1259500,2,0,0,2
1260000,2,0,0,2
1260500,2,0,0,2
1261000,2,0,0,2
1261500,2,0,0,2
1262000,2,0,0,2
1262500,2,0,0,2
1263000,2,0,0,2
1263500,2,0,0,2
1264000,2,0,0,2
1264500,2,0,0,2
1265000,2,0,0,2
1265500,2,0,0,2
1266000,2,0,0,2
1266500,2,0,0,2
1267000,2,0,0,2
1267500,2,0,0,2
1268000,2,0,0,2
1268500,2,0,0,2
1269000,2,0,0,2
1269500,2,0,0,2
1270000,2,0,0,2
1270500,2,0,0,2
1271000,2,0,0,2
1271500,2,0,0,2
1272000,2,0,0,2
1272500,2,0,0,2
1273000,2,0,0,2
1273500,2,0,0,2
1274000,2,0,0,2
1274500,2,0,0,2
1275000,2,0,0,2
1275500,2,0,0,2
1276000,2,0,0,2
1276500,2,0,0,2
1277000,2,0,0,2
1277500,2,0,0,2
1278000,2,0,0,2
1278500,2,0,0,2
1279000,2,0,0,2
1279500,2,0,0,2
1280000,2,0,0,2
1280500,2,0,0,2
1281000,2,0,0,2
1281500,2,0,0,2
1282000,2,0,0,2
1282500,2,0,0,2
1283000,2,0,0,2
1283500,2,0,0,2
1284000,2,0,0,2
1284500,2,0,0,2
1285000,2,0,0,2
1285500,2,0,0,2
1286000,2,0,0,2
1286500,2,0,0,2
1287000,2,0,0,2
1287500,2,0,0,2
1288000,2,0,0,2
1288500,2,0,0,2
1289000,2,0,0,2
1289500,2,0,0,2
1290000,2,0,0,2
1290500,2,0,0,2
1291000,2,0,0,2
1291500,2,0,0,2
1292000,2,0,0,2
1292500,2,0,0,2
1293000,2,0,0,2
1293500,2,0,0,2
1294000,2,0,0,2
1294500,2,0,0,2
1295000,2,0,0,2
1295500,2,0,0,2
1296000,2,0,0,2
1296500,2,0,0,2
1297000,2,0,0,2
1297500,2,0,0,2
1298000,2,0,0,2
1298500,2,0,0,2
1299000,2,0,0,2
1299500,2,0,0,2
1300000,2,0,0,2
1300500,2,0,0,2
1301000,2,0,0,2
1301500,2,0,0,2
1302000,2,0,0,2
1302500,2,0,0,2
1303000,2,0,0,2
1303500,2,0,0,2
1304000,2,0,0,2
1304500,2,0,0,2
1305000,2,0,0,2
1305500,2,0,0,2
1306000,2,0,0,2
1306500,2,0,0,2
1307000,2,0,0,2
1307500,2,0,0,2
1308000,2,0,0,2
1308500,2,0,0,2
1309000,2,0,0,2
1309500,2,0,0,2
1310000,2,0,0,2
1310500,2,0,0,2
1311000,2,0,0,2
1311500,2,0,0,2
1312000,2,0,0,2
1312500,2,0,0,2
1313000,2,0,0,2
1313500,2,0,0,2
1314000,2,0,0,2
1314500,2,0,0,2
1315000,2,0,0,2
1315500,2,0,0,2
1316000,2,0,0,2
1316500,2,0,0,2
1317000,2,0,0,2
1317500,2,0,0,2
1318000,2,0,0,2
1318500,2,0,0,2
1319000,2,0,0,2
1319500,2,0,0,2
1320000,2,0,0,2
1320500,2,0,0,2
1321000,2,0,0,2
1321500,2,0,0,2
1322000,2,0,0,2
1322500,2,0,0,2
1323000,2,0,0,2
1323500,2,0,0,2
1324000,2,0,0,2
1324500,2,0,0,2
1325000,2,0,0,2
1325500,2,0,0,2
1326000,2,0,0,2
1326500,2,0,0,2
1327000,2,0,0,2
1327500,2,0,0,2
1328000,2,0,0,2
1328500,2,0,0,2
1329000,2,0,0,2
1329500,2,0,0,2
1330000,2,0,0,2
1330500,2,0,0,2
1331000,2,0,0,2
1331500,2,0,0,2
1332000,2,0,0,2
1332500,2,0,0,2
1333000,2,0,0,2
1333500,2,0,0,2
1334000,2,0,0,2
1334500,2,0,0,2
1335000,2,0,0,2
1335500,2,0,0,2
1336000,2,0,0,2
1336500,2,0,0,2
1337000,2,0,0,2
1337500,2,0,0,2
1338000,2,0,0,2
1338500,2,0,0,2
1339000,2,0,0,2
1339500,2,0,0,2
1340000,2,0,0,2
1340500,2,0,0,2
1341000,2,0,0,2
1341500,2,0,0,2
1342000,2,0,0,2
1342500,2,0,0,2
1343000,2,0,0,2
1343500,2,0,0,2
1344000,2,0,0,2
1344500,2,0,0,2
1345000,2,0,0,2
1345500,2,0,0,2
1346000,2,0,0,2
1346500,2,0,0,2
1347000,2,0,0,2
1347500,2,0,0,2
1348000,2,0,0,2
1348500,2,0,0,2
1349000,2,0,0,2
1349500,2,0,0,2
1350000,2,0,0,2
1350500,2,0,0,2
1351000,2,0,0,2
1351500,2,0,0,2
1352000,2,0,0,2
1352500,2,0,0,2
1353000,2,0,0,2
1353500,2,0,0,2
1354000,2,0,0,2
1354500,2,0,0,2
1355000,2,0,0,2
1355500,2,0,0,2
1356000,2,0,0,2
1356500,2,0,0,2
1357000,2,0,0,2
1357500,2,0,0,2
1358000,2,0,0,2
1358500,2,0,0,2
1359000,2,0,0,2
1359500,2,0,0,2
1360000,2,0,0,2
1360500,2,0,0,2
1361000,2,0,0,2
1361500,2,0,0,2
1362000,2,0,0,2
1362500,2,0,0,2
1363000,2,0,0,2
1363500,2,0,0,2
1364000,2,0,0,2
1364500,2,0,0,2
1365000,2,0,0,2
1365500,2,0,0,2
1366000,2,0,0,2
1366500,2,0,0,2
1367000,2,0,0,2
1367500,2,0,0,2
1368000,2,0,0,2
1368500,2,0,0,2
1369000,2,0,0,2
1369500,2,0,0,2
1370000,2,0,0,2
1370500,2,0,0,2
1371000,2,0,0,2
1371500,2,0,0,2
1372000,2,0,0,2
1372500,2,0,0,2
1373000,2,0,0,2
1373500,2,0,0,2
1374000,2,0,0,2
1374500,2,0,0,2
1375000,2,0,0,2
1375500,2,0,0,2
1376000,2,0,0,2
1376500,2,0,0,2
1377000,2,0,0,2
1377500,2,0,0,2
1378000,2,0,0,2
1378500,2,0,0,2
1379000,2,0,0,2
1379500,2,0,0,2
1380000,2,0,0,2
1380500,2,0,0,2
1381000,2,0,0,2
1381500,2,0,0,2
1382000,2,0,0,2
1382500,2,0,0,2
1383000,2,0,0,2
1383500,2,0,0,2
1384000,2,0,0,2
1384500,2,0,0,2
1385000,2,0,0,2
1385500,2,0,0,2
1386000,2,0,0,2
1386500,2,0,0,2
1387000,2,0,0,2
1387500,2,0,0,2
1388000,2,0,0,2
1388500,2,0,0,2
1389000,2,0,0,2
1389500,2,0,0,2
1390000,2,0,0,2
1390500,2,0,0,2
1391000,2,0,0,2
1391500,2,0,0,2
1392000,2,0,0,2
1392500,2,0,0,2
1393000,2,0,0,2
1393500,2,0,0,2
1394000,2,0,0,2
1394500,2,0,0,2
1395000,2,0,0,2
1395500,2,0,0,2
1396000,2,0,0,2
1396500,2,0,0,2
1397000,2,0,0,2
1397500,2,0,0,2
1398000,2,0,0,2
1398500,2,0,0,2
1399000,2,0,0,2
1399500,2,0,0,2
1400000,2,0,0,2
1400500,2,0,0,2
1401000,2,0,0,2
1401500,2,0,0,2
1402000,2,0,0,2
1402500,2,0,0,2
1403000,2,0,0,2
1403500,2,0,0,2
1404000,2,0,0,2
1404500,2,0,0,2
1405000,2,0,0,2
1405500,2,0,0,2
1406000,2,0,0,2
1406500,2,0,0,2
1407000,2,0,0,2
1407500,2,0,0,2
1408000,2,0,0,2
1408500,2,0,0,2
1409000,2,0,0,2
1409500,2,0,0,2
1410000,2,0,0,2
1410500,2,0,0,2
1411000,2,0,0,2
1411500,2,0,0,2
1412000,2,0,0,2
1412500,2,0,0,2
1413000,2,0,0,2
1413500,2,0,0,2
1414000,2,0,0,2
1414500,2,0,0,2
1415000,2,0,0,2
1415500,2,0,0,2
1416000,2,0,0,2
1416500,2,0,0,2
1417000,2,0,0,2
1417500,2,0,0,2
1418000,2,0,0,2
1418500,2,0,0,2
1419000,2,0,0,2
1419500,2,0,0,2
1420000,2,0,0,2
1420500,2,0,0,2
1421000,2,0,0,2
1421500,2,0,0,2
1422000,2,0,0,2
1422500,2,0,0,2
1423000,2,0,0,2
1423500,2,0,0,2
1424000,2,0,0,2
1424500,2,0,0,2
1425000,2,0,0,2
1425500,2,0,0,2
1426000,2,0,0,2
1426500,2,0,0,2
1427000,2,0,0,2
1427500,2,0,0,2
1428000,2,0,0,2
1428500,2,0,0,2
1429000,2,0,0,2
1429500,2,0,0,2
1430000,2,0,0,2
1430500,2,0,0,2
1431000,2,0,0,2
1431500,2,0,0,2
1432000,2,0,0,2
1432500,2,0,0,2
1433000,2,0,0,2
1433500,2,0,0,2
1434000,2,0,0,2
1434500,2,0,0,2
1435000,2,0,0,2
1435500,2,0,0,2
1436000,2,0,0,2
1436500,2,0,0,2
1437000,2,0,0,2
1437500,2,0,0,2
1438000,2,0,0,2
1438500,2,0,0,2
1439000,2,0,0,2
1439500,2,0,0,2
1440000,2,0,0,2
1440500,2,0,0,2
1441000,2,0,0,2
1441500,2,0,0,2
1442000,2,0,0,2
1442500,2,0,0,2
1443000,2,0,0,2
1443500,2,0,0,2
1444000,2,0,0,2
1444500,2,0,0,2
1445000,2,0,0,2
1445500,2,0,0,2
1446000,2,0,0,2
1446500,2,0,0,2
1447000,2,0,0,2
1447500,2,0,0,2
1448000,2,0,0,2
1448500,2,0,0,2
1449000,2,0,0,2
1449500,2,0,0,2
1450000,2,0,0,2
1450500,2,0,0,2
1451000,2,0,0,2
1451500,2,0,0,2
1452000,2,0,0,2
1452500,2,0,0,2
1453000,2,0,0,2
1453500,2,0,0,2
1454000,2,0,0,2
1454500,2,0,0,2
1455000,2,0,0,2
1455500,2,0,0,2
1456000,2,0,0,2
1456500,2,0,0,2
1457000,2,0,0,2
1457500,2,0,0,2
1458000,2,0,0,2
1458500,2,0,0,2
1459000,2,0,0,2
1459500,2,0,0,2
1460000,2,0,0,2
1460500,2,0,0,2
1461000,2,0,0,2
1461500,2,0,0,2
1462000,2,0,0,2
1462500,2,0,0,2
1463000,2,0,0,2
1463500,2,0,0,2
1464000,2,0,0,2
1464500,2,0,0,2
1465000,2,0,0,2
1465500,2,0,0,2
1466000,2,0,0,2
1466500,2,0,0,2
1467000,2,0,0,2
1467500,2,0,0,2
1468000,2,0,0,2
1468500,2,0,0,2
1469000,2,0,0,2
1469500,2,0,0,2
1470000,2,0,0,2
1470500,2,0,0,2
1471000,2,0,0,2
1471500,2,0,0,2
1472000,2,0,0,2
1472500,2,0,0,2
1473000,2,0,0,2
1473500,2,0,0,2
1474000,2,0,0,2
1474500,2,0,0,2
1475000,2,0,0,2
1475500,2,0,0,2
1476000,2,0,0,2
1476500,2,0,0,2
1477000,2,0,0,2
1477500,2,0,0,2
1478000,2,0,0,2
1478500,2,0,0,2
1479000,2,0,0,2
1479500,2,0,0,2
1480000,2,0,0,2
1480500,2,0,0,2
1481000,2,0,0,2
1481500,2,0,0,2
1482000,2,0,0,2
1482500,2,0,0,2
1483000,2,0,0,2
1483500,2,0,0,2
1484000,2,0,0,2
1484500,2,0,0,2
1485000,2,0,0,2
1485500,2,0,0,2
1486000,2,0,0,2
1486500,2,0,0,2
1487000,2,0,0,2
1487500,2,0,0,2
1488000,2,0,0,2
1488500,2,0,0,2
1489000,2,0,0,2
1489500,2,0,0,2
1490000,2,0,0,2
1490500,2,0,0,2
1491000,2,0,0,2
1491500,2,0,0,2
1492000,2,0,0,2
1492500,2,0,0,2
1493000,2,0,0,2
1493500,2,0,0,2
1494000,2,0,0,2
1494500,2,0,0,2
1495000,2,0,0,2
1495500,2,0,0,2
1496000,2,0,0,2
1496500,2,0,0,2
1497000,2,0,0,2
1497500,2,0,0,2
1498000,2,0,0,2
1498500,2,0,0,2
1499000,2,0,0,2
1499500,2,0,0,2
1500000,2,0,0,2
1500500,2,0,0,2
1501000,2,0,0,2
1501500,2,0,0,2
1502000,2,0,0,2
1502500,2,0,0,2
1503000,2,0,0,2
1503500,2,0,0,2
1504000,2,0,0,2
1504500,2,0,0,2
1505000,2,0,0,2
1505500,2,0,0,2
1506000,2,0,0,2
1506500,2,0,0,2
1507000,2,0,0,2
1507500,2,0,0,2
1508000,2,0,0,2
1508500,2,0,0,2
1509000,2,0,0,2
1509500,2,0,0,2
1510000,2,0,0,2
1510500,2,0,0,2
1511000,2,0,0,2
1511500,2,0,0,2
1512000,2,0,0,2
1512500,2,0,0,2
1513000,2,0,0,2
1513500,2,0,0,2
1514000,2,0,0,2
1514500,2,0,0,2
1515000,2,0,0,2
1515500,2,0,0,2
1516000,2,0,0,2
1516500,2,0,0,2
1517000,2,0,0,2
1517500,2,0,0,2
1518000,2,0,0,2
1518500,2,0,0,2
1519000,2,0,0,2
1519500,2,0,0,2
1520000,2,0,0,2
1520500,2,0,0,2
1521000,2,0,0,2
1521500,2,0,0,2
1522000,2,0,0,2
1522500,2,0,0,2
1523000,2,0,0,2
1523500,2,0,0,2
1524000,2,0,0,2
1524500,2,0,0,2
1525000,2,0,0,2
1525500,2,0,0,2
1526000,2,0,0,2
1526500,2,0,0,2
1527000,2,0,0,2
1527500,2,0,0,2
1528000,2,0,0,2
1528500,2,0,0,2
1529000,2,0,0,2
1529500,2,0,0,2
1530000,2,0,0,2
1530500,2,0,0,2
1531000,2,0,0,2
1531500,2,0,0,2
1532000,2,0,0,2
1532500,2,0,0,2
1533000,2,0,0,2
1533500,2,0,0,2
1534000,2,0,0,2
1534500,2,0,0,2
1535000,2,0,0,2
1535500,2,0,0,2
1536000,2,0,0,2
1536500,2,0,0,2
1537000,2,0,0,2
1537500,2,0,0,2
1538000,2,0,0,2
1538500,2,0,0,2
1539000,2,0,0,2
1539500,2,0,0,2
1540000,2,0,0,2
1540500,2,0,0,2
1541000,2,0,0,2
1541500,2,0,0,2
1542000,2,0,0,2
1542500,2,0,0,2
1543000,2,0,0,2
1543500,2,0,0,2
1544000,2,0,0,2
1544500,2,0,0,2
1545000,2,0,0,2
1545500,2,0,0,2
1546000,2,0,0,2
1546500,2,0,0,2
1547000,2,0,0,2
1547500,2,0,0,2
1548000,2,0,0,2
1548500,2,0,0,2
1549000,2,0,0,2
1549500,2,0,0,2
1550000,2,0,0,2
1550500,2,0,0,2
1551000,2,0,0,2
1551500,2,0,0,2
1552000,2,0,0,2
1552500,2,0,0,2
1553000,2,0,0,2
1553500,2,0,0,2
1554000,2,0,0,2
1554500,2,0,0,2
1555000,2,0,0,2
1555500,2,0,0,2
1556000,2,0,0,2
1556500,2,0,0,2
1557000,2,0,0,2
1557500,2,0,0,2
1558000,2,0,0,2
1558500,2,0,0,2
1559000,2,0,0,2
1559500,2,0,0,2
1560000,2,0,0,2
1560500,2,0,0,2
1561000,2,0,0,2
1561500,2,0,0,2
1562000,2,0,0,2
1562500,2,0,0,2
1563000,2,0,0,2
1563500,2,0,0,2
1564000,2,0,0,2
1564500,2,0,0,2
1565000,2,0,0,2
1565500,2,0,0,2
1566000,2,0,0,2
1566500,2,0,0,2
1567000,2,0,0,2
1567500,2,0,0,2
1568000,2,0,0,2
1568500,2,0,0,2
1569000,2,0,0,2
1569500,2,0,0,2
1570000,2,0,0,2
1570500,2,0,0,2
1571000,2,0,0,2
1571500,2,0,0,2
1572000,2,0,0,2
1572500,2,0,0,2
1573000,2,0,0,2
1573500,2,0,0,2
1574000,2,0,0,2
1574500,2,0,0,2
1575000,2,0,0,2
1575500,2,0,0,2
1576000,2,0,0,2
1576500,2,0,0,2
1577000,2,0,0,2
1577500,2,0,0,2
1578000,2,0,0,2
1578500,2,0,0,2
1579000,2,0,0,2
1579500,2,0,0,2
1580000,2,0,0,2
1580500,2,0,0,2
1581000,2,0,0,2
1581500,2,0,0,2
1582000,2,0,0,2
1582500,2,0,0,2
1583000,2,0,0,2
1583500,2,0,0,2
1584000,2,0,0,2
1584500,2,0,0,2
1585000,2,0,0,2
1585500,2,0,0,2
1586000,2,0,0,2
1586500,2,0,0,2
1587000,2,0,0,2
1587500,2,0,0,2
1588000,2,0,0,2
1588500,2,0,0,2
1589000,2,0,0,2
1589500,2,0,0,2
1590000,2,0,0,2
1590500,2,0,0,2
1591000,2,0,0,2
1591500,2,0,0,2
1592000,2,0,0,2
1592500,2,0,0,2
1593000,2,0,0,2
1593500,2,0,0,2
1594000,2,0,0,2
1594500,2,0,0,2
1595000,2,0,0,2
1595500,2,0,0,2
1596000,2,0,0,2
1596500,2,0,0,2
1597000,2,0,0,2
1597500,2,0,0,2
1598000,2,0,0,2
1598500,2,0,0,2
1599000,2,0,0,2
1599500,2,0,0,2
1600000,2,0,0,2
1600500,2,0,0,2
1601000,2,0,0,2
1601500,2,0,0,2
1602000,2,0,0,2
1602500,2,0,0,2
1603000,2,0,0,2
1603500,2,0,0,2
1604000,2,0,0,2
1604500,2,0,0,2
1605000,2,0,0,2
1605500,2,0,0,2
1606000,2,0,0,2
1606500,2,0,0,2
1607000,2,0,0,2
1607500,2,0,0,2
1608000,2,0,0,2
1608500,2,0,0,2
1609000,2,0,0,2
1609500,2,0,0,2
1610000,2,0,0,2
1610500,2,0,0,2
1611000,2,0,0,2
1611500,2,0,0,2
1612000,2,0,0,2
1612500,2,0,0,2
1613000,2,0,0,2
1613500,2,0,0,2
1614000,2,0,0,2
1614500,2,0,0,2
1615000,2,0,0,2
1615500,2,0,0,2
1616000,2,0,0,2
1616500,2,0,0,2
1617000,2,0,0,2
1617500,2,0,0,2
1618000,2,0,0,2
1618500,2,0,0,2
1619000,2,0,0,2
1619500,2,0,0,2
1620000,2,0,0,2
1620500,2,0,0,2
1621000,2,0,0,2
1621500,2,0,0,2
1622000,2,0,0,2
1622500,2,0,0,2
1623000,2,0,0,2
1623500,2,0,0,2
1624000,2,0,0,2
1624500,2,0,0,2
1625000,2,0,0,2
1625500,2,0,0,2
1626000,2,0,0,2
1626500,2,0,0,2
1627000,2,0,0,2
1627500,2,0,0,2
1628000,2,0,0,2
1628500,2,0,0,2
1629000,2,0,0,2
1629500,2,0,0,2
1630000,2,0,0,2
1630500,2,0,0,2
1631000,2,0,0,2
1631500,2,0,0,2
1632000,2,0,0,2
1632500,2,0,0,2
1633000,2,0,0,2
1633500,2,0,0,2
1634000,2,0,0,2
1634500,2,0,0,2
1635000,2,0,0,2
1635500,2,0,0,2
1636000,2,0,0,2
1636500,2,0,0,2
1637000,2,0,0,2
1637500,2,0,0,2
1638000,2,0,0,2
1638500,2,0,0,2
1639000,2,0,0,2
1639500,2,0,0,2
1640000,2,0,0,2
1640500,2,0,0,2
1641000,2,0,0,2
1641500,2,0,0,2
1642000,2,0,0,2
1642500,2,0,0,2
1643000,2,0,0,2
1643500,2,0,0,2
1644000,2,0,0,2
1644500,2,0,0,2
1645000,2,0,0,2
1645500,2,0,0,2
1646000,2,0,0,2
1646500,2,0,0,2
1647000,2,0,0,2
1647500,2,0,0,2
1648000,2,0,0,2
1648500,2,0,0,2
1649000,2,0,0,2
1649500,2,0,0,2
1650000,2,0,0,2
1650500,2,0,0,2
1651000,2,0,0,2
1651500,2,0,0,2
1652000,2,0,0,2
1652500,2,0,0,2
1653000,2,0,0,2
1653500,2,0,0,2
1654000,2,0,0,2
1654500,2,0,0,2
1655000,2,0,0,2
1655500,2,0,0,2
1656000,2,0,0,2
1656500,2,0,0,2
1657000,2,0,0,2
1657500,2,0,0,2
1658000,2,0,0,2
1658500,2,0,0,2
1659000,2,0,0,2
1659500,2,0,0,2
1660000,2,0,0,2
1660500,2,0,0,2
1661000,2,0,0,2
1661500,2,0,0,2
1662000,2,0,0,2
1662500,2,0,0,2
1663000,2,0,0,2
1663500,2,0,0,2
1664000,2,0,0,2
1664500,2,0,0,2
1665000,2,0,0,2
1665500,2,0,0,2
1666000,2,0,0,2
1666500,2,0,0,2
1667000,2,0,0,2
1667500,2,0,0,2
1668000,2,0,0,2
1668500,2,0,0,2
1669000,2,0,0,2
1669500,2,0,0,2
1670000,2,0,0,2
1670500,2,0,0,2
1671000,2,0,0,2
1671500,2,0,0,2
1672000,2,0,0,2
1672500,2,0,0,2
1673000,2,0,0,2
1673500,2,0,0,2
1674000,2,0,0,2
1674500,2,0,0,2
1675000,2,0,0,2
1675500,2,0,0,2
1676000,2,0,0,2
1676500,2,0,0,2
1677000,2,0,0,2
1677500,2,0,0,2
1678000,2,0,0,2
1678500,2,0,0,2
1679000,2,0,0,2
1679500,2,0,0,2
1680000,2,0,0,2
1680500,2,0,0,2
1681000,2,0,0,2
1681500,2,0,0,2
1682000,2,0,0,2
1682500,2,0,0,2
1683000,2,0,0,2
1683500,2,0,0,2
1684000,2,0,0,2
1684500,2,0,0,2
1685000,2,0,0,2
1685500,2,0,0,2
1686000,2,0,0,2
1686500,2,0,0,2
1687000,2,0,0,2
1687500,2,0,0,2
1688000,2,0,0,2
1688500,2,0,0,2
1689000,2,0,0,2
1689500,2,0,0,2
1690000,2,0,0,2
1690500,2,0,0,2
1691000,2,0,0,2
1691500,2,0,0,2
1692000,2,0,0,2
1692500,2,0,0,2
1693000,2,0,0,2
1693500,2,0,0,2
1694000,2,0,0,2
1694500,2,0,0,2
1695000,2,0,0,2
1695500,2,0,0,2
1696000,2,0,0,2
1696500,2,0,0,2
1697000,2,0,0,2
1697500,2,0,0,2
1698000,2,0,0,2
1698500,2,0,0,2
1699000,2,0,0,2
1699500,2,0,0,2
1700000,2,0,0,2
1700500,2,0,0,2
1701000,2,0,0,2
1701500,2,0,0,2
1702000,2,0,0,2
1702500,2,0,0,2
1703000,2,0,0,2
1703500,2,0,0,2
1704000,2,0,0,2
1704500,2,0,0,2
1705000,2,0,0,2
1705500,2,0,0,2
1706000,2,0,0,2
1706500,2,0,0,2
1707000,2,0,0,2
1707500,2,0,0,2
1708000,2,0,0,2
1708500,2,0,0,2
1709000,2,0,0,2
1709500,2,0,0,2
1710000,2,0,0,2
1710500,2,0,0,2
1711000,2,0,0,2
1711500,2,0,0,2
1712000,2,0,0,2
1712500,2,0,0,2
1713000,2,0,0,2
1713500,2,0,0,2
1714000,2,0,0,2
1714500,2,0,0,2
1715000,2,0,0,2
1715500,2,0,0,2
1716000,2,0,0,2
1716500,2,0,0,2
1717000,2,0,0,2
1717500,2,0,0,2
1718000,2,0,0,2
1718500,2,0,0,2
1719000,2,0,0,2
1719500,2,0,0,2
1720000,2,0,0,2
1720500,2,0,0,2
1721000,2,0,0,2
1721500,2,0,0,2
1722000,2,0,0,2
1722500,2,0,0,2
1723000,2,0,0,2
1723500,2,0,0,2
1724000,2,0,0,2
1724500,2,0,0,2
1725000,2,0,0,2
1725500,2,0,0,2
1726000,2,0,0,2
1726500,2,0,0,2
1727000,2,0,0,2
1727500,2,0,0,2
1728000,2,0,0,2
1728500,2,0,0,2
1729000,2,0,0,2
1729500,2,0,0,2
1730000,2,0,0,2
1730500,2,0,0,2
1731000,2,0,0,2
1731500,2,0,0,2
1732000,2,0,0,2
1732500,2,0,0,2
1733000,2,0,0,2
1733500,2,0,0,2
1734000,2,0,0,2
1734500,2,0,0,2
1735000,2,0,0,2
1735500,2,0,0,2
1736000,2,0,0,2
1736500,2,0,0,2
1737000,2,0,0,2
1737500,2,0,0,2
1738000,2,0,0,2
1738500,2,0,0,2
1739000,2,0,0,2
1739500,2,0,0,2
1740000,2,0,0,2
1740500,2,0,0,2
1741000,2,0,0,2
1741500,2,0,0,2
1742000,2,0,0,2
1742500,2,0,0,2
1743000,2,0,0,2
1743500,2,0,0,2
1744000,2,0,0,2
1744500,2,0,0,2
1745000,2,0,0,2
1745500,2,0,0,2
1746000,2,0,0,2
1746500,2,0,0,2
1747000,2,0,0,2
1747500,2,0,0,2
1748000,2,0,0,2
1748500,2,0,0,2
1749000,2,0,0,2
1749500,2,0,0,2
1750000,2,0,0,2
1750500,2,0,0,2
1751000,2,0,0,2
1751500,2,0,0,2
1752000,2,0,0,2
1752500,2,0,0,2
1753000,2,0,0,2
1753500,2,0,0,2
1754000,2,0,0,2
1754500,2,0,0,2
1755000,2,0,0,2
1755500,2,0,0,2
1756000,2,0,0,2
1756500,2,0,0,2
1757000,2,0,0,2
1757500,2,0,0,2
1758000,2,0,0,2
1758500,2,0,0,2
1759000,2,0,0,2
1759500,2,0,0,2
1760000,2,0,0,2
1760500,2,0,0,2
1761000,2,0,0,2
1761500,2,0,0,2
1762000,2,0,0,2
1762500,2,0,0,2
1763000,2,0,0,2
1763500,2,0,0,2
1764000,2,0,0,2
1764500,2,0,0,2
1765000,2,0,0,2
1765500,2,0,0,2
1766000,2,0,0,2
1766500,2,0,0,2
1767000,2,0,0,2
1767500,2,0,0,2
1768000,2,0,0,2
1768500,2,0,0,2
1769000,2,0,0,2
1769500,2,0,0,2
1770000,2,0,0,2
1770500,2,0,0,2
1771000,2,0,0,2
1771500,2,0,0,2
1772000,2,0,0,2
1772500,2,0,0,2
1773000,2,0,0,2
1773500,2,0,0,2
1774000,2,0,0,2
1774500,2,0,0,2
1775000,2,0,0,2
1775500,2,0,0,2
1776000,2,0,0,2
1776500,2,0,0,2
1777000,2,0,0,2
1777500,2,0,0,2
1778000,2,0,0,2
1778500,2,0,0,2
1779000,2,0,0,2
1779500,2,0,0,2
1780000,2,0,0,2
1780500,2,0,0,2
1781000,2,0,0,2
1781500,2,0,0,2
1782000,2,0,0,2
1782500,2,0,0,2
1783000,2,0,0,2
1783500,2,0,0,2
1784000,2,0,0,2
1784500,2,0,0,2
1785000,2,0,0,2
1785500,2,0,0,2
1786000,2,0,0,2
1786500,2,0,0,2
1787000,2,0,0,2
1787500,2,0,0,2
1788000,2,0,0,2
1788500,2,0,0,2
1789000,2,0,0,2
1789500,2,0,0,2
1790000,2,0,0,2
1790500,2,0,0,2
1791000,2,0,0,2
1791500,2,0,0,2
1792000,2,0,0,2
1792500,2,0,0,2
1793000,2,0,0,2
1793500,2,0,0,2
1794000,2,0,0,2
1794500,2,0,0,2
1795000,2,0,0,2
1795500,2,0,0,2
1796000,2,0,0,2
1796500,2,0,0,2
1797000,2,0,0,2
1797500,2,0,0,2
1798000,2,0,0,2
1798500,2,0,0,2
1799000,2,0,0,2
1799500,2,0,0,2
1800000,2,0,0,2
1800500,2,0,0,2
1801000,2,0,0,2
1801500,2,0,0,2
1802000,2,0,0,2
1802500,2,0,0,2
1803000,2,0,0,2
1803500,2,0,0,2
1804000,2,0,0,2
1804500,2,0,0,2
1805000,2,0,0,2
1805500,2,0,0,2
1806000,2,0,0,2
1806500,2,0,0,2
1807000,2,0,0,2
1807500,2,0,0,2
1808000,2,0,0,2
1808500,2,0,0,2
1809000,2,0,0,2
1809500,2,0,0,2
1810000,2,0,0,2
1810500,2,0,0,2
1811000,2,0,0,2
1811500,2,0,0,2
1812000,2,0,0,2
1812500,2,0,0,2
1813000,2,0,0,2
1813500,2,0,0,2
1814000,2,0,0,2
1814500,2,0,0,2
1815000,2,0,0,2
1815500,2,0,0,2
1816000,2,0,0,2
1816500,2,0,0,2
1817000,2,0,0,2
1817500,2,0,0,2
1818000,2,0,0,2
1818500,2,0,0,2
1819000,2,0,0,2
1819500,2,0,0,2
1820000,2,0,0,2
1820500,2,0,0,2
1821000,2,0,0,2
1821500,2,0,0,2
1822000,2,0,0,2
1822500,2,0,0,2
1823000,2,0,0,2
1823500,2,0,0,2
1824000,2,0,0,2
1824500,2,0,0,2
1825000,2,0,0,2
1825500,2,0,0,2
1826000,2,0,0,2
1826500,2,0,0,2
1827000,2,0,0,2
1827500,2,0,0,2
1828000,2,0,0,2
1828500,2,0,0,2
1829000,2,0,0,2
1829500,2,0,0,2
1830000,2,0,0,2
1830500,2,0,0,2
1831000,2,0,0,2
1831500,2,0,0,2
1832000,2,0,0,2
1832500,2,0,0,2
1833000,2,0,0,2
1833500,2,0,0,2
1834000,2,0,0,2
1834500,2,0,0,2
1835000,2,0,0,2
1835500,2,0,0,2
1836000,2,0,0,2
1836500,2,0,0,2
1837000,2,0,0,2
1837500,2,0,0,2
1838000,2,0,0,2
1838500,2,0,0,2
1839000,2,0,0,2
1839500,2,0,0,2
1840000,2,0,0,2
1840500,2,0,0,2
1841000,2,0,0,2
1841500,2,0,0,2
1842000,2,0,0,2
1842500,2,0,0,2
1843000,2,0,0,2
1843500,2,0,0,2
1844000,2,0,0,2
1844500,2,0,0,2
1845000,2,0,0,2
1845500,2,0,0,2
1846000,2,0,0,2
1846500,2,0,0,2
1847000,2,0,0,2
1847500,2,0,0,2
1848000,2,0,0,2
1848500,2,0,0,2
1849000,2,0,0,2
1849500,2,0,0,2
1850000,2,0,0,2
1850500,2,0,0,2
1851000,2,0,0,2
1851500,2,0,0,2
1852000,2,0,0,2
1852500,2,0,0,2
1853000,2,0,0,2
1853500,2,0,0,2
1854000,2,0,0,2
1854500,2,0,0,2
1855000,2,0,0,2
1855500,2,0,0,2
1856000,2,0,0,2
1856500,2,0,0,2
1857000,2,0,0,2
1857500,2,0,0,2
1858000,2,0,0,2
1858500,2,0,0,2
1859000,2,0,0,2
1859500,2,0,0,2
1860000,2,0,0,2
1860500,2,0,0,2
1861000,2,0,0,2
1861500,2,0,0,2
1862000,2,0,0,2
1862500,2,0,0,2
1863000,2,0,0,2
1863500,2,0,0,2
1864000,2,0,0,2
1864500,2,0,0,2
1865000,2,0,0,2
1865500,2,0,0,2
1866000,2,0,0,2
1866500,2,0,0,2
1867000,2,0,0,2
1867500,2,0,0,2
1868000,2,0,0,2
1868500,2,0,0,2
1869000,2,0,0,2
1869500,2,0,0,2
1870000,2,0,0,2
1870500,2,0,0,2
1871000,2,0,0,2
1871500,2,0,0,2
1872000,2,0,0,2
1872500,2,0,0,2
1873000,2,0,0,2
1873500,2,0,0,2
1874000,2,0,0,2
1874500,2,0,0,2
1875000,2,0,0,2
1875500,2,0,0,2
1876000,2,0,0,2
1876500,2,0,0,2
1877000,2,0,0,2
1877500,2,0,0,2
1878000,2,0,0,2
1878500,2,0,0,2
1879000,2,0,0,2
1879500,2,0,0,2
1880000,2,0,0,2
1880500,2,0,0,2
1881000,2,0,0,2
1881500,2,0,0,2
1882000,2,0,0,2
1882500,2,0,0,2
1883000,2,0,0,2
1883500,2,0,0,2
1884000,2,0,0,2
1884500,2,0,0,2
1885000,2,0,0,2
1885500,2,0,0,2
1886000,2,0,0,2
1886500,2,0,0,2
1887000,2,0,0,2
1887500,2,0,0,2
1888000,2,0,0,2
1888500,2,0,0,2
1889000,2,0,0,2
1889500,2,0,0,2
1890000,2,0,0,2
1890500,2,0,0,2
1891000,2,0,0,2
1891500,2,0,0,2
1892000,2,0,0,2
1892500,2,0,0,2
1893000,2,0,0,2
1893500,2,0,0,2
1894000,2,0,0,2
1894500,2,0,0,2
1895000,2,0,0,2
1895500,2,0,0,2
1896000,2,0,0,2
1896500,2,0,0,2
1897000,2,0,0,2
1897500,2,0,0,2
1898000,2,0,0,2
1898500,2,0,0,2
1899000,2,0,0,2
1899500,2,0,0,2
1900000,2,0,0,2
1900500,2,0,0,2
1901000,2,0,0,2
1901500,2,0,0,2
1902000,2,0,0,2
1902500,2,0,0,2
1903000,2,0,0,2
1903500,2,0,0,2
1904000,2,0,0,2
1904500,2,0,0,2
1905000,2,0,0,2
1905500,2,0,0,2
1906000,2,0,0,2
1906500,2,0,0,2
1907000,2,0,0,2
1907500,2,0,0,2
1908000,2,0,0,2
1908500,2,0,0,2
1909000,2,0,0,2
1909500,2,0,0,2
1910000,2,0,0,2
1910500,2,0,0,2
1911000,2,0,0,2
1911500,2,0,0,2
1912000,2,0,0,2
1912500,2,0,0,2
1913000,2,0,0,2
1913500,2,0,0,2
1914000,2,0,0,2
1914500,2,0,0,2
1915000,2,0,0,2
1915500,2,0,0,2
1916000,2,0,0,2
1916500,2,0,0,2
1917000,2,0,0,2
1917500,2,0,0,2
1918000,2,0,0,2
1918500,2,0,0,2
1919000,2,0,0,2
1919500,2,0,0,2
1920000,2,0,0,2
1920500,2,0,0,2
1921000,2,0,0,2
1921500,2,0,0,2
1922000,2,0,0,2
1922500,2,0,0,2
1923000,2,0,0,2
1923500,2,0,0,2
1924000,2,0,0,2
1924500,2,0,0,2
1925000,2,0,0,2
1925500,2,0,0,2
1926000,2,0,0,2
1926500,2,0,0,2
1927000,2,0,0,2
1927500,2,0,0,2
1928000,2,0,0,2
1928500,2,0,0,2
1929000,2,0,0,2
1929500,2,0,0,2
1930000,2,0,0,2
1930500,2,0,0,2
1931000,2,0,0,2
1931500,2,0,0,2
1932000,2,0,0,2
1932500,2,0,0,2
1933000,2,0,0,2
1933500,2,0,0,2
1934000,2,0,0,2
1934500,2,0,0,2
1935000,2,0,0,2
1935500,2,0,0,2
1936000,2,0,0,2
1936500,2,0,0,2
1937000,2,0,0,2
1937500,2,0,0,2
1938000,2,0,0,2
1938500,2,0,0,2
1939000,2,0,0,2
1939500,2,0,0,2
1940000,2,0,0,2
1940500,2,0,0,2
1941000,2,0,0,2
1941500,2,0,0,2
1942000,2,0,0,2
1942500,2,0,0,2
1943000,2,0,0,2
1943500,2,0,0,2
1944000,2,0,0,2
1944500,2,0,0,2
1945000,2,0,0,2
1945500,2,0,0,2
1946000,2,0,0,2
1946500,2,0,0,2
1947000,2,0,0,2
1947500,2,0,0,2
1948000,2,0,0,2
1948500,2,0,0,2
1949000,2,0,0,2
1949500,2,0,0,2
1950000,2,0,0,2
1950500,2,0,0,2
1951000,2,0,0,2
1951500,2,0,0,2
1952000,2,0,0,2
1952500,2,0,0,2
1953000,2,0,0,2
1953500,2,0,0,2
1954000,2,0,0,2
1954500,2,0,0,2
1955000,2,0,0,2
1955500,2,0,0,2
1956000,2,0,0,2
1956500,2,0,0,2
1957000,2,0,0,2
1957500,2,0,0,2
1958000,2,0,0,2
1958500,2,0,0,2
1959000,2,0,0,2
1959500,2,0,0,2
1960000,2,0,0,2
1960500,2,0,0,2
1961000,2,0,0,2
1961500,2,0,0,2
1962000,2,0,0,2
1962500,2,0,0,2
1963000,2,0,0,2
1963500,2,0,0,2
1964000,2,0,0,2
1964500,2,0,0,2
1965000,2,0,0,2
1965500,2,0,0,2
1966000,2,0,0,2
1966500,2,0,0,2
1967000,2,0,0,2
1967500,2,0,0,2
1968000,2,0,0,2
1968500,2,0,0,2
1969000,2,0,0,2
1969500,2,0,0,2
1970000,2,0,0,2
1970500,2,0,0,2
1971000,2,0,0,2
1971500,2,0,0,2
1972000,2,0,0,2
1972500,2,0,0,2
1973000,2,0,0,2
1973500,2,0,0,2
1974000,2,0,0,2
1974500,2,0,0,2
1975000,2,0,0,2
1975500,2,0,0,2
1976000,2,0,0,2
1976500,2,0,0,2
1977000,2,0,0,2
1977500,2,0,0,2
1978000,2,0,0,2
1978500,2,0,0,2
1979000,2,0,0,2
1979500,2,0,0,2
1980000,2,0,0,2
1980500,2,0,0,2
1981000,2,0,0,2
1981500,2,0,0,2
1982000,2,0,0,2
1982500,2,0,0,2
1983000,2,0,0,2
1983500,2,0,0,2
1984000,2,0,0,2
1984500,2,0,0,2
1985000,2,0,0,2
1985500,2,0,0,2
1986000,2,0,0,2
1986500,2,0,0,2
1987000,2,0,0,2
1987500,2,0,0,2
1988000,2,0,0,2
1988500,2,0,0,2
1989000,2,0,0,2
1989500,2,0,0,2
1990000,2,0,0,2
1990500,2,0,0,2
1991000,2,0,0,2
1991500,2,0,0,2
1992000,2,0,0,2
1992500,2,0,0,2
1993000,2,0,0,2
1993500,2,0,0,2
1994000,2,0,0,2
1994500,2,0,0,2
1995000,2,0,0,2
1995500,2,0,0,2
1996000,2,0,0,2
1996500,2,0,0,2
1997000,2,0,0,2
1997500,2,0,0,2
1998000,2,0,0,2
1998500,2,0,0,2
1999000,2,0,0,2
1999500,2,0,0,2
2000000,2,0,0,2
2000500,2,0,0,2
2001000,2,0,0,2
2001500,2,0,0,2
2002000,2,0,0,2
2002500,2,0,0,2
2003000,2,0,0,2
2003500,2,0,0,2
2004000,2,0,0,2
2004500,2,0,0,2
2005000,2,0,0,2
2005500,2,0,0,2
2006000,2,0,0,2
2006500,2,0,0,2
2007000,2,0,0,2
2007500,2,0,0,2
2008000,2,0,0,2
2008500,2,0,0,2
2009000,2,0,0,2
2009500,2,0,0,2
2010000,2,0,0,2
2010500,2,0,0,2
2011000,2,0,0,2
2011500,2,0,0,2
2012000,2,0,0,2
2012500,2,0,0,2
2013000,2,0,0,2
2013500,2,0,0,2
2014000,2,0,0,2
2014500,2,0,0,2
2015000,2,0,0,2
2015500,2,0,0,2
2016000,2,0,0,2
2016500,2,0,0,2
2017000,2,0,0,2
2017500,2,0,0,2
2018000,2,0,0,2
2018500,2,0,0,2
2019000,2,0,0,2
2019500,2,0,0,2
2020000,2,0,0,2
2020500,2,0,0,2
2021000,2,0,0,2
2021500,2,0,0,2
2022000,2,0,0,2
2022500,2,0,0,2
2023000,2,0,0,2
2023500,2,0,0,2
2024000,2,0,0,2
2024500,2,0,0,2
2025000,2,0,0,2
2025500,2,0,0,2
2026000,2,0,0,2
2026500,2,0,0,2
2027000,2,0,0,2
2027500,2,0,0,2
2028000,2,0,0,2
2028500,2,0,0,2
2029000,2,0,0,2
2029500,2,0,0,2
2030000,2,0,0,2
2030500,2,0,0,2
2031000,2,0,0,2
2031500,2,0,0,2
2032000,2,0,0,2
2032500,2,0,0,2
2033000,2,0,0,2
2033500,2,0,0,2
2034000,2,0,0,2
2034500,2,0,0,2
2035000,2,0,0,2
2035500,2,0,0,2
2036000,2,0,0,2
2036500,2,0,0,2
2037000,2,0,0,2
2037500,2,0,0,2
2038000,2,0,0,2
2038500,2,0,0,2
2039000,2,0,0,2
2039500,2,0,0,2
2040000,2,0,0,2
2040500,2,0,0,2
2041000,2,0,0,2
2041500,2,0,0,2
2042000,2,0,0,2
2042500,2,0,0,2
2043000,2,0,0,2
2043500,2,0,0,2
2044000,2,0,0,2
2044500,2,0,0,2
2045000,2,0,0,2
2045500,2,0,0,2
2046000,2,0,0,2
2046500,2,0,0,2
2047000,2,0,0,2
2047500,2,0,0,2
2048000,2,0,0,2
2048500,2,0,0,2
2049000,2,0,0,2
2049500,2,0,0,2
2050000,2,0,0,2
2050500,2,0,0,2
2051000,2,0,0,2
2051500,2,0,0,2
2052000,2,0,0,2
2052500,2,0,0,2
2053000,2,0,0,2
2053500,2,0,0,2
2054000,2,0,0,2
2054500,2,0,0,2
2055000,2,0,0,2
2055500,2,0,0,2
2056000,2,0,0,2
2056500,2,0,0,2
2057000,2,0,0,2
2057500,2,0,0,2
2058000,2,0,0,2
2058500,2,0,0,2
2059000,2,0,0,2
2059500,2,0,0,2
2060000,2,0,0,2
2060500,2,0,0,2
2061000,2,0,0,2
2061500,2,0,0,2
2062000,2,0,0,2
2062500,2,0,0,2
2063000,2,0,0,2
2063500,2,0,0,2
2064000,2,0,0,2
2064500,2,0,0,2
2065000,2,0,0,2
2065500,2,0,0,2
2066000,2,0,0,2
2066500,2,0,0,2
2067000,2,0,0,2
2067500,2,0,0,2
2068000,2,0,0,2
2068500,2,0,0,2
2069000,2,0,0,2
2069500,2,0,0,2
2070000,2,0,0,2
2070500,2,0,0,2
2071000,2,0,0,2
2071500,2,0,0,2
2072000,2,0,0,2
2072500,2,0,0,2
2073000,2,0,0,2
2073500,2,0,0,2
2074000,2,0,0,2
2074500,2,0,0,2
2075000,2,0,0,2
2075500,2,0,0,2
2076000,2,0,0,2
2076500,2,0,0,2
2077000,2,0,0,2
2077500,2,0,0,2
2078000,2,0,0,2
2078500,2,0,0,2
2079000,2,0,0,2
2079500,2,0,0,2
2080000,2,0,0,2
2080500,2,0,0,2
2081000,2,0,0,2
2081500,2,0,0,2
2082000,2,0,0,2
2082500,2,0,0,2
2083000,2,0,0,2
2083500,2,0,0,2
2084000,2,0,0,2
2084500,2,0,0,2
2085000,2,0,0,2
2085500,2,0,0,2
2086000,2,0,0,2
2086500,2,0,0,2
2087000,2,0,0,2
2087500,2,0,0,2
2088000,2,0,0,2
2088500,2,0,0,2
2089000,2,0,0,2
2089500,2,0,0,2
2090000,2,0,0,2
2090500,2,0,0,2
2091000,2,0,0,2
2091500,2,0,0,2
2092000,2,0,0,2
2092500,2,0,0,2
2093000,2,0,0,2
2093500,2,0,0,2
2094000,2,0,0,2
2094500,2,0,0,2
2095000,2,0,0,2
2095500,2,0,0,2
2096000,2,0,0,2
2096500,2,0,0,2
2097000,2,0,0,2
2097500,2,0,0,2
2098000,2,0,0,2
2098500,2,0,0,2
2099000,2,0,0,2
2099500,2,0,0,2
2100000,2,0,0,2
2100500,2,0,0,2
2101000,2,0,0,2
2101500,2,0,0,2
2102000,2,0,0,2
2102500,2,0,0,2
2103000,2,0,0,2
2103500,2,0,0,2
2104000,2,0,0,2
2104500,2,0,0,2
2105000,2,0,0,2
2105500,2,0,0,2
2106000,2,0,0,2
2106500,2,0,0,2
2107000,2,0,0,2
2107500,2,0,0,2
2108000,2,0,0,2
2108500,2,0,0,2
2109000,2,0,0,2
2109500,2,0,0,2
2110000,2,0,0,2
2110500,2,0,0,2
2111000,2,0,0,2
2111500,2,0,0,2
2112000,2,0,0,2
2112500,2,0,0,2
2113000,2,0,0,2
2113500,2,0,0,2
2114000,2,0,0,2
2114500,2,0,0,2
2115000,2,0,0,2
2115500,2,0,0,2
2116000,2,0,0,2
2116500,2,0,0,2
2117000,2,0,0,2
2117500,2,0,0,2
2118000,2,0,0,2
2118500,2,0,0,2
2119000,2,0,0,2
2119500,2,0,0,2
2120000,2,0,0,2
2120500,2,0,0,2
2121000,2,0,0,2
2121500,2,0,0,2
2122000,2,0,0,2
2122500,2,0,0,2
2123000,2,0,0,2
2123500,2,0,0,2
2124000,2,0,0,2
2124500,2,0,0,2
2125000,2,0,0,2
2125500,2,0,0,2
2126000,2,0,0,2
2126500,2,0,0,2
2127000,2,0,0,2
2127500,2,0,0,2
2128000,2,0,0,2
2128500,2,0,0,2
2129000,2,0,0,2
2129500,2,0,0,2
2130000,2,0,0,2
2130500,2,0,0,2
2131000,2,0,0,2
2131500,2,0,0,2
2132000,2,0,0,2
2132500,2,0,0,2
2133000,2,0,0,2
2133500,2,0,0,2
2134000,2,0,0,2
2134500,2,0,0,2
2135000,2,0,0,2
2135500,2,0,0,2
2136000,2,0,0,2
2136500,2,0,0,2
2137000,2,0,0,2
2137500,2,0,0,2
2138000,2,0,0,2
2138500,2,0,0,2
2139000,2,0,0,2
2139500,2,0,0,2
2140000,2,0,0,2
2140500,2,0,0,2
2141000,2,0,0,2
2141500,2,0,0,2
2142000,2,0,0,2
2142500,2,0,0,2
2143000,2,0,0,2
2143500,2,0,0,2
2144000,2,0,0,2
2144500,2,0,0,2
2145000,2,0,0,2
2145500,2,0,0,2
2146000,2,0,0,2
2146500,2,0,0,2
2147000,2,0,0,2
2147500,2,0,0,2
2148000,2,0,0,2
2148500,2,0,0,2
2149000,2,0,0,2
2149500,2,0,0,2
2150000,2,0,0,2
2150500,2,0,0,2
2151000,2,0,0,2
2151500,2,0,0,2
2152000,2,0,0,2
2152500,2,0,0,2
2153000,2,0,0,2
2153500,2,0,0,2
2154000,2,0,0,2
2154500,2,0,0,2
2155000,2,0,0,2
2155500,2,0,0,2
2156000,2,0,0,2
2156500,2,0,0,2
2157000,2,0,0,2
2157500,2,0,0,2
2158000,2,0,0,2
2158500,2,0,0,2
2159000,2,0,0,2
2159500,2,0,0,2
2160000,2,0,0,2
2160500,2,0,0,2
2161000,2,0,0,2
2161500,2,0,0,2
2162000,2,0,0,2
2162500,2,0,0,2
2163000,2,0,0,2
2163500,2,0,0,2
2164000,2,0,0,2
2164500,2,0,0,2
2165000,2,0,0,2
2165500,2,0,0,2
2166000,2,0,0,2
2166500,2,0,0,2
2167000,2,0,0,2
2167500,2,0,0,2
2168000,2,0,0,2
2168500,2,0,0,2
2169000,2,0,0,2
2169500,2,0,0,2
2170000,2,0,0,2
2170500,2,0,0,2
2171000,2,0,0,2
2171500,2,0,0,2
2172000,2,0,0,2
2172500,2,0,0,2
2173000,2,0,0,2
2173500,2,0,0,2
2174000,2,0,0,2
2174500,2,0,0,2
2175000,2,0,0,2
2175500,2,0,0,2
2176000,2,0,0,2
2176500,2,0,0,2
2177000,2,0,0,2
2177500,2,0,0,2
2178000,2,0,0,2
2178500,2,0,0,2
2179000,2,0,0,2
2179500,2,0,0,2
2180000,2,0,0,2
2180500,2,0,0,2
2181000,2,0,0,2
2181500,2,0,0,2
2182000,2,0,0,2
2182500,2,0,0,2
2183000,2,0,0,2
2183500,2,0,0,2
2184000,2,0,0,2
2184500,2,0,0,2
2185000,2,0,0,2
2185500,2,0,0,2
2186000,2,0,0,2
2186500,2,0,0,2
2187000,2,0,0,2
2187500,2,0,0,2
2188000,2,0,0,2
2188500,2,0,0,2
2189000,2,0,0,2
2189500,2,0,0,2
2190000,2,0,0,2
2190500,2,0,0,2
2191000,2,0,0,2
2191500,2,0,0,2
2192000,2,0,0,2
2192500,2,0,0,2
2193000,2,0,0,2
2193500,2,0,0,2
2194000,2,0,0,2
2194500,2,0,0,2
2195000,2,0,0,2
2195500,2,0,0,2
2196000,2,0,0,2
2196500,2,0,0,2
2197000,2,0,0,2
2197500,2,0,0,2
2198000,2,0,0,2
2198500,2,0,0,2
2199000,2,0,0,2
2199500,2,0,0,2
2200000,2,0,0,2
2200500,2,0,0,2
2201000,2,0,0,2
2201500,2,0,0,2
2202000,2,0,0,2
2202500,2,0,0,2
2203000,2,0,0,2
2203500,2,0,0,2
2204000,2,0,0,2
2204500,2,0,0,2
2205000,2,0,0,2
2205500,2,0,0,2
2206000,2,0,0,2
2206500,2,0,0,2
2207000,2,0,0,2
2207500,2,0,0,2
2208000,2,0,0,2
2208500,2,0,0,2
2209000,2,0,0,2
2209500,2,0,0,2
2210000,2,0,0,2
2210500,2,0,0,2
2211000,2,0,0,2
2211500,2,0,0,2
2212000,2,0,0,2
2212500,2,0,0,2
2213000,2,0,0,2
2213500,2,0,0,2
2214000,2,0,0,2
2214500,2,0,0,2
2215000,2,0,0,2
2215500,2,0,0,2
2216000,2,0,0,2
2216500,2,0,0,2
2217000,2,0,0,2
2217500,2,0,0,2
2218000,2,0,0,2
2218500,2,0,0,2
2219000,2,0,0,2
2219500,2,0,0,2
2220000,2,0,0,2
2220500,2,0,0,2
2221000,2,0,0,2
2221500,2,0,0,2
2222000,2,0,0,2
2222500,2,0,0,2
2223000,2,0,0,2
2223500,2,0,0,2
2224000,2,0,0,2
2224500,2,0,0,2
2225000,2,0,0,2
2225500,2,0,0,2
2226000,2,0,0,2
2226500,2,0,0,2
2227000,2,0,0,2
2227500,2,0,0,2
2228000,2,0,0,2
2228500,2,0,0,2
2229000,2,0,0,2
2229500,2,0,0,2
2230000,2,0,0,2
2230500,2,0,0,2
2231000,2,0,0,2
2231500,2,0,0,2
2232000,2,0,0,2
2232500,2,0,0,2
2233000,2,0,0,2
2233500,2,0,0,2
2234000,2,0,0,2
2234500,2,0,0,2
2235000,2,0,0,2
2235500,2,0,0,2
2236000,2,0,0,2
2236500,2,0,0,2
2237000,2,0,0,2
2237500,2,0,0,2
2238000,2,0,0,2
2238500,2,0,0,2
2239000,2,0,0,2
2239500,2,0,0,2
2240000,2,0,0,2
2240500,2,0,0,2
2241000,2,0,0,2
2241500,2,0,0,2
2242000,2,0,0,2
2242500,2,0,0,2
2243000,2,0,0,2
2243500,2,0,0,2
2244000,2,0,0,2
2244500,2,0,0,2
2245000,2,0,0,2
2245500,2,0,0,2
2246000,2,0,0,2
2246500,2,0,0,2
2247000,2,0,0,2
2247500,2,0,0,2
2248000,2,0,0,2
2248500,2,0,0,2
2249000,2,0,0,2
2249500,2,0,0,2
2250000,2,0,0,2
2250500,2,0,0,2
2251000,2,0,0,2
2251500,2,0,0,2
2252000,2,0,0,2
2252500,2,0,0,2
2253000,2,0,0,2
2253500,2,0,0,2
2254000,2,0,0,2
2254500,2,0,0,2
2255000,2,0,0,2
2255500,2,0,0,2
2256000,2,0,0,2
2256500,2,0,0,2
2257000,2,0,0,2
2257500,2,0,0,2
2258000,2,0,0,2
2258500,2,0,0,2
2259000,2,0,0,2
2259500,2,0,0,2
2260000,2,0,0,2
2260500,2,0,0,2
2261000,2,0,0,2
2261500,2,0,0,2
2262000,2,0,0,2
2262500,2,0,0,2
2263000,2,0,0,2
2263500,2,0,0,2
2264000,2,0,0,2
2264500,2,0,0,2
2265000,2,0,0,2
2265500,2,0,0,2
2266000,2,0,0,2
2266500,2,0,0,2
2267000,2,0,0,2
2267500,2,0,0,2
2268000,2,0,0,2
2268500,2,0,0,2
2269000,2,0,0,2
2269500,2,0,0,2
2270000,2,0,0,2
2270500,2,0,0,2
2271000,2,0,0,2
2271500,2,0,0,2
2272000,2,0,0,2
2272500,2,0,0,2
2273000,2,0,0,2
2273500,2,0,0,2
2274000,2,0,0,2
2274500,2,0,0,2
2275000,2,0,0,2
2275500,2,0,0,2
2276000,2,0,0,2
2276500,2,0,0,2
2277000,2,0,0,2
2277500,2,0,0,2
2278000,2,0,0,2
2278500,2,0,0,2
2279000,2,0,0,2
2279500,2,0,0,2
2280000,2,0,0,2
2280500,2,0,0,2
2281000,2,0,0,2
2281500,2,0,0,2
2282000,2,0,0,2
2282500,2,0,0,2
2283000,2,0,0,2
2283500,2,0,0,2
2284000,2,0,0,2
2284500,2,0,0,2
2285000,2,0,0,2
2285500,2,0,0,2
2286000,2,0,0,2
2286500,2,0,0,2
2287000,2,0,0,2
2287500,2,0,0,2
2288000,2,0,0,2
2288500,2,0,0,2
2289000,2,0,0,2
2289500,2,0,0,2
2290000,2,0,0,2
2290500,2,0,0,2
2291000,2,0,0,2
2291500,2,0,0,2
2292000,2,0,0,2
2292500,2,0,0,2
2293000,2,0,0,2
2293500,2,0,0,2
2294000,2,0,0,2
2294500,2,0,0,2
2295000,2,0,0,2
2295500,2,0,0,2
2296000,2,0,0,2
2296500,2,0,0,2
2297000,2,0,0,2
2297500,2,0,0,2
2298000,2,0,0,2
2298500,2,0,0,2
2299000,2,0,0,2
2299500,2,0,0,2
2300000,2,0,0,2
2300500,2,0,0,2
2301000,2,0,0,2
2301500,2,0,0,2
2302000,2,0,0,2
2302500,2,0,0,2
2303000,2,0,0,2
2303500,2,0,0,2
2304000,2,0,0,2
2304500,2,0,0,2
2305000,2,0,0,2
2305500,2,0,0,2
2306000,2,0,0,2
2306500,2,0,0,2
2307000,2,0,0,2
2307500,2,0,0,2
2308000,2,0,0,2
2308500,2,0,0,2
2309000,2,0,0,2
2309500,2,0,0,2
2310000,2,0,0,2
2310500,2,0,0,2
2311000,2,0,0,2
2311500,2,0,0,2
2312000,2,0,0,2
2312500,2,0,0,2
2313000,2,0,0,2
2313500,2,0,0,2
2314000,2,0,0,2
2314500,2,0,0,2
2315000,2,0,0,2
2315500,2,0,0,2
2316000,2,0,0,2
2316500,2,0,0,2
2317000,2,0,0,2
2317500,2,0,0,2
2318000,2,0,0,2
2318500,2,0,0,2
2319000,2,0,0,2
2319500,2,0,0,2
2320000,2,0,0,2
2320500,2,0,0,2
2321000,2,0,0,2
2321500,2,0,0,2
2322000,2,0,0,2
2322500,2,0,0,2
2323000,2,0,0,2
2323500,2,0,0,2
2324000,2,0,0,2
2324500,2,0,0,2
2325000,2,0,0,2
2325500,2,0,0,2
2326000,2,0,0,2
2326500,2,0,0,2
2327000,2,0,0,2
2327500,2,0,0,2
2328000,2,0,0,2
2328500,2,0,0,2
2329000,2,0,0,2
2329500,2,0,0,2
2330000,2,0,0,2
2330500,2,0,0,2
2331000,2,0,0,2
2331500,2,0,0,2
2332000,2,0,0,2
2332500,2,0,0,2
2333000,2,0,0,2
2333500,2,0,0,2
2334000,2,0,0,2
2334500,2,0,0,2
2335000,2,0,0,2
2335500,2,0,0,2
2336000,2,0,0,2
2336500,2,0,0,2
2337000,2,0,0,2
2337500,2,0,0,2
2338000,2,0,0,2
2338500,2,0,0,2
2339000,2,0,0,2
2339500,2,0,0,2
2340000,2,0,0,2
2340500,2,0,0,2
2341000,2,0,0,2
2341500,2,0,0,2
2342000,2,0,0,2
2342500,2,0,0,2
2343000,2,0,0,2
2343500,2,0,0,2
2344000,2,0,0,2
2344500,2,0,0,2
2345000,2,0,0,2
2345500,2,0,0,2
2346000,2,0,0,2
2346500,2,0,0,2
2347000,2,0,0,2
2347500,2,0,0,2
2348000,2,0,0,2
2348500,2,0,0,2
2349000,2,0,0,2
2349500,2,0,0,2
2350000,2,0,0,2
2350500,2,0,0,2
2351000,2,0,0,2
2351500,2,0,0,2
2352000,2,0,0,2
2352500,2,0,0,2
2353000,2,0,0,2
2353500,2,0,0,2
2354000,2,0,0,2
2354500,2,0,0,2
2355000,2,0,0,2
2355500,2,0,0,2
2356000,2,0,0,2
2356500,2,0,0,2
2357000,2,0,0,2
2357500,2,0,0,2
2358000,2,0,0,2
2358500,2,0,0,2
2359000,2,0,0,2
2359500,2,0,0,2
2360000,2,0,0,2
2360500,2,0,0,2
2361000,2,0,0,2
2361500,2,0,0,2
2362000,2,0,0,2
2362500,2,0,0,2
2363000,2,0,0,2
2363500,2,0,0,2
2364000,2,0,0,2
2364500,2,0,0,2
2365000,2,0,0,2
2365500,2,0,0,2
2366000,2,0,0,2
2366500,2,0,0,2
2367000,2,0,0,2
2367500,2,0,0,2
2368000,2,0,0,2
2368500,2,0,0,2
2369000,2,0,0,2
2369500,2,0,0,2
2370000,2,0,0,2
2370500,2,0,0,2
2371000,2,0,0,2
2371500,2,0,0,2
2372000,2,0,0,2
2372500,2,0,0,2
2373000,2,0,0,2
2373500,2,0,0,2
2374000,2,0,0,2
2374500,2,0,0,2
2375000,2,0,0,2
2375500,2,0,0,2
2376000,2,0,0,2
2376500,2,0,0,2
2377000,2,0,0,2
2377500,2,0,0,2
2378000,2,0,0,2
2378500,2,0,0,2
2379000,2,0,0,2
2379500,2,0,0,2
2380000,2,0,0,2
2380500,2,0,0,2
2381000,2,0,0,2
2381500,2,0,0,2
2382000,2,0,0,2
2382500,2,0,0,2
2383000,2,0,0,2
2383500,2,0,0,2
2384000,2,0,0,2
2384500,2,0,0,2
2385000,2,0,0,2
2385500,2,0,0,2
2386000,2,0,0,2
2386500,2,0,0,2
2387000,2,0,0,2
2387500,2,0,0,2
2388000,2,0,0,2
2388500,2,0,0,2
2389000,2,0,0,2
2389500,2,0,0,2
2390000,2,0,0,2
2390500,2,0,0,2
2391000,2,0,0,2
2391500,2,0,0,2
2392000,2,0,0,2
2392500,2,0,0,2
2393000,2,0,0,2
2393500,2,0,0,2
2394000,2,0,0,2
2394500,2,0,0,2
2395000,2,0,0,2
2395500,2,0,0,2
2396000,2,0,0,2
2396500,2,0,0,2
2397000,2,0,0,2
2397500,2,0,0,2
2398000,2,0,0,2
2398500,2,0,0,2
2399000,2,0,0,2
2399500,2,0,0,2
2400000,2,0,0,2
2400500,2,0,0,2
2401000,2,0,0,2
2401500,2,0,0,2
2402000,2,0,0,2
2402500,2,0,0,2
2403000,2,0,0,2
2403500,2,0,0,2
2404000,2,0,0,2
2404500,2,0,0,2
2405000,2,0,0,2
2405500,2,0,0,2
2406000,2,0,0,2
2406500,2,0,0,2
2407000,2,0,0,2
2407500,2,0,0,2
2408000,2,0,0,2
2408500,2,0,0,2
2409000,2,0,0,2
2409500,2,0,0,2
2410000,2,0,0,2
2410500,2,0,0,2
2411000,2,0,0,2
2411500,2,0,0,2
2412000,2,0,0,2
2412500,2,0,0,2
2413000,2,0,0,2
2413500,2,0,0,2
2414000,2,0,0,2
2414500,2,0,0,2
2415000,2,0,0,2
2415500,2,0,0,2
2416000,2,0,0,2
2416500,2,0,0,2
2417000,2,0,0,2
2417500,2,0,0,2
2418000,2,0,0,2
2418500,2,0,0,2
2419000,2,0,0,2
2419500,2,0,0,2
2420000,2,0,0,2
2420500,2,0,0,2
2421000,2,0,0,2
2421500,2,0,0,2
2422000,2,0,0,2
2422500,2,0,0,2
2423000,2,0,0,2
2423500,2,0,0,2
2424000,2,0,0,2
2424500,2,0,0,2
2425000,2,0,0,2
2425500,2,0,0,2
2426000,2,0,0,2
2426500,2,0,0,2
2427000,2,0,0,2
2427500,2,0,0,2
2428000,2,0,0,2
2428500,2,0,0,2
2429000,2,0,0,2
2429500,2,0,0,2
2430000,2,0,0,2
2430500,2,0,0,2
2431000,2,0,0,2
2431500,2,0,0,2
2432000,2,0,0,2
2432500,2,0,0,2
2433000,2,0,0,2
2433500,2,0,0,2
2434000,2,0,0,2
2434500,2,0,0,2
2435000,2,0,0,2
2435500,2,0,0,2
2436000,2,0,0,2
2436500,2,0,0,2
2437000,2,0,0,2
2437500,2,0,0,2
2438000,2,0,0,2
2438500,2,0,0,2
2439000,2,0,0,2
2439500,2,0,0,2
2440000,2,0,0,2
2440500,2,0,0,2
2441000,2,0,0,2
2441500,2,0,0,2
2442000,2,0,0,2
2442500,2,0,0,2
2443000,2,0,0,2
2443500,2,0,0,2
2444000,2,0,0,2
2444500,2,0,0,2
2445000,2,0,0,2
2445500,2,0,0,2
2446000,2,0,0,2
2446500,2,0,0,2
2447000,2,0,0,2
2447500,2,0,0,2
2448000,2,0,0,2
2448500,2,0,0,2
2449000,2,0,0,2
2449500,2,0,0,2
2450000,2,0,0,2
2450500,2,0,0,2
2451000,2,0,0,2
2451500,2,0,0,2
2452000,2,0,0,2
2452500,2,0,0,2
2453000,2,0,0,2
2453500,2,0,0,2
2454000,2,0,0,2
2454500,2,0,0,2
2455000,2,0,0,2
2455500,2,0,0,2
2456000,2,0,0,2
2456500,2,0,0,2
2457000,2,0,0,2
2457500,2,0,0,2
2458000,2,0,0,2
2458500,2,0,0,2
2459000,2,0,0,2
2459500,2,0,0,2
2460000,2,0,0,2
2460500,2,0,0,2
2461000,2,0,0,2
2461500,2,0,0,2
2462000,2,0,0,2
2462500,2,0,0,2
2463000,2,0,0,2
2463500,2,0,0,2
2464000,2,0,0,2
2464500,2,0,0,2
2465000,2,0,0,2
2465500,2,0,0,2
2466000,2,0,0,2
2466500,2,0,0,2
2467000,2,0,0,2
2467500,2,0,0,2
2468000,2,0,0,2
2468500,2,0,0,2
2469000,2,0,0,2
2469500,2,0,0,2
2470000,2,0,0,2
2470500,2,0,0,2
2471000,2,0,0,2
2471500,2,0,0,2
2472000,2,0,0,2
2472500,2,0,0,2
2473000,2,0,0,2
2473500,2,0,0,2
2474000,2,0,0,2
2474500,2,0,0,2
2475000,2,0,0,2
2475500,2,0,0,2
2476000,2,0,0,2
2476500,2,0,0,2
2477000,2,0,0,2
2477500,2,0,0,2
2478000,2,0,0,2
2478500,2,0,0,2
2479000,2,0,0,2
2479500,2,0,0,2
2480000,2,0,0,2
2480500,2,0,0,2
2481000,2,0,0,2
2481500,2,0,0,2
2482000,2,0,0,2
2482500,2,0,0,2
2483000,2,0,0,2
2483500,2,0,0,2
2484000,2,0,0,2
2484500,2,0,0,2
2485000,2,0,0,2
2485500,2,0,0,2
2486000,2,0,0,2
2486500,2,0,0,2
2487000,2,0,0,2
2487500,2,0,0,2
2488000,2,0,0,2
2488500,2,0,0,2
2489000,2,0,0,2
2489500,2,0,0,2
2490000,2,0,0,2
2490500,2,0,0,2
2491000,2,0,0,2
2491500,2,0,0,2
2492000,2,0,0,2
2492500,2,0,0,2
2493000,2,0,0,2
2493500,2,0,0,2
2494000,2,0,0,2
2494500,2,0,0,2
2495000,2,0,0,2
2495500,2,0,0,2
2496000,2,0,0,2
2496500,2,0,0,2
2497000,2,0,0,2
2497500,2,0,0,2
2498000,2,0,0,2
2498500,2,0,0,2
2499000,2,0,0,2
2499500,2,0,0,2
2500000,2,0,0,2
2500500,2,0,0,2
2501000,2,0,0,2
2501500,2,0,0,2
2502000,2,0,0,2
2502500,2,0,0,2
2503000,2,0,0,2
2503500,2,0,0,2
2504000,2,0,0,2
2504500,2,0,0,2
2505000,2,0,0,2
2505500,2,0,0,2
2506000,2,0,0,2
2506500,2,0,0,2
2507000,2,0,0,2
2507500,2,0,0,2
2508000,2,0,0,2
2508500,2,0,0,2
2509000,2,0,0,2
2509500,2,0,0,2
2510000,2,0,0,2
2510500,2,0,0,2
2511000,2,0,0,2
2511500,2,0,0,2
2512000,2,0,0,2
2512500,2,0,0,2
2513000,2,0,0,2
2513500,2,0,0,2
2514000,2,0,0,2
2514500,2,0,0,2
2515000,2,0,0,2
2515500,2,0,0,2
2516000,2,0,0,2
2516500,2,0,0,2
2517000,2,0,0,2
2517500,2,0,0,2
2518000,2,0,0,2
2518500,2,0,0,2
2519000,2,0,0,2
2519500,2,0,0,2
2520000,2,0,0,2
2520500,2,0,0,2
2521000,2,0,0,2
2521500,2,0,0,2
2522000,2,0,0,2
2522500,2,0,0,2
2523000,2,0,0,2
2523500,2,0,0,2
2524000,2,0,0,2
2524500,2,0,0,2
2525000,2,0,0,2
2525500,2,0,0,2
2526000,2,0,0,2
2526500,2,0,0,2
2527000,2,0,0,2
2527500,2,0,0,2
2528000,2,0,0,2
2528500,2,0,0,2
2529000,2,0,0,2
2529500,2,0,0,2
2530000,2,0,0,2
2530500,2,0,0,2
2531000,2,0,0,2
2531500,2,0,0,2
2532000,2,0,0,2
2532500,2,0,0,2
2533000,2,0,0,2
2533500,2,0,0,2
2534000,2,0,0,2
2534500,2,0,0,2
2535000,2,0,0,2
2535500,2,0,0,2
2536000,2,0,0,2
2536500,2,0,0,2
2537000,2,0,0,2
2537500,2,0,0,2
2538000,2,0,0,2
2538500,2,0,0,2
2539000,2,0,0,2
2539500,2,0,0,2
2540000,2,0,0,2
2540500,2,0,0,2
2541000,2,0,0,2
2541500,2,0,0,2
2542000,2,0,0,2
2542500,2,0,0,2
2543000,2,0,0,2
2543500,2,0,0,2
2544000,2,0,0,2
2544500,2,0,0,2
2545000,2,0,0,2
2545500,2,0,0,2
2546000,2,0,0,2
2546500,2,0,0,2
2547000,2,0,0,2
2547500,2,0,0,2
2548000,2,0,0,2
2548500,2,0,0,2
2549000,2,0,0,2
2549500,2,0,0,2
2550000,2,0,0,2
2550500,2,0,0,2
2551000,2,0,0,2
2551500,2,0,0,2
2552000,2,0,0,2
2552500,2,0,0,2
2553000,2,0,0,2
2553500,2,0,0,2
2554000,2,0,0,2
2554500,2,0,0,2
2555000,2,0,0,2
2555500,2,0,0,2
2556000,2,0,0,2
2556500,2,0,0,2
2557000,2,0,0,2
2557500,2,0,0,2
2558000,2,0,0,2
2558500,2,0,0,2
2559000,2,0,0,2
2559500,2,0,0,2
2560000,2,0,0,2
2560500,2,0,0,2
2561000,2,0,0,2
2561500,2,0,0,2
2562000,2,0,0,2
2562500,2,0,0,2
2563000,2,0,0,2
2563500,2,0,0,2
2564000,2,0,0,2
2564500,2,0,0,2
2565000,2,0,0,2
2565500,2,0,0,2
2566000,2,0,0,2
2566500,2,0,0,2
2567000,2,0,0,2
2567500,2,0,0,2
2568000,2,0,0,2
2568500,2,0,0,2
2569000,2,0,0,2
2569500,2,0,0,2
2570000,2,0,0,2
2570500,2,0,0,2
2571000,2,0,0,2
2571500,2,0,0,2
2572000,2,0,0,2
2572500,2,0,0,2
2573000,2,0,0,2
2573500,2,0,0,2
2574000,2,0,0,2
2574500,2,0,0,2
2575000,2,0,0,2
2575500,2,0,0,2
2576000,2,0,0,2
2576500,2,0,0,2
2577000,2,0,0,2
2577500,2,0,0,2
2578000,2,0,0,2
2578500,2,0,0,2
2579000,2,0,0,2
2579500,2,0,0,2
2580000,2,0,0,2
2580500,2,0,0,2
2581000,2,0,0,2
2581500,2,0,0,2
2582000,2,0,0,2
2582500,2,0,0,2
2583000,2,0,0,2
2583500,2,0,0,2
2584000,2,0,0,2
2584500,2,0,0,2
2585000,2,0,0,2
2585500,2,0,0,2
2586000,2,0,0,2
2586500,2,0,0,2
2587000,2,0,0,2
2587500,2,0,0,2
2588000,2,0,0,2
2588500,2,0,0,2
2589000,2,0,0,2
2589500,2,0,0,2
2590000,2,0,0,2
2590500,2,0,0,2
2591000,2,0,0,2
2591500,2,0,0,2
2592000,2,0,0,2
2592500,2,0,0,2
2593000,2,0,0,2
2593500,2,0,0,2
2594000,2,0,0,2
2594500,2,0,0,2
2595000,2,0,0,2
2595500,2,0,0,2
2596000,2,0,0,2
2596500,2,0,0,2
2597000,2,0,0,2
2597500,2,0,0,2
2598000,2,0,0,2
2598500,2,0,0,2
2599000,2,0,0,2
2599500,2,0,0,2
2600000,2,0,0,2
2600500,2,0,0,2
2601000,2,0,0,2
2601500,2,0,0,2
2602000,2,0,0,2
2602500,2,0,0,2
2603000,2,0,0,2
2603500,2,0,0,2
2604000,2,0,0,2
2604500,2,0,0,2
2605000,2,0,0,2
2605500,2,0,0,2
2606000,2,0,0,2
2606500,2,0,0,2
2607000,2,0,0,2
2607500,2,0,0,2
2608000,2,0,0,2
2608500,2,0,0,2
2609000,2,0,0,2
2609500,2,0,0,2
2610000,2,0,0,2
2610500,2,0,0,2
2611000,2,0,0,2
2611500,2,0,0,2
2612000,2,0,0,2
2612500,2,0,0,2
2613000,2,0,0,2
2613500,2,0,0,2
2614000,2,0,0,2
2614500,2,0,0,2
2615000,2,0,0,2
2615500,2,0,0,2
2616000,2,0,0,2
2616500,2,0,0,2
2617000,2,0,0,2
2617500,2,0,0,2
2618000,2,0,0,2
2618500,2,0,0,2
2619000,2,0,0,2
2619500,2,0,0,2
2620000,2,0,0,2
2620500,2,0,0,2
2621000,2,0,0,2
2621500,2,0,0,2
2622000,2,0,0,2
2622500,2,0,0,2
2623000,2,0,0,2
2623500,2,0,0,2
2624000,2,0,0,2
2624500,2,0,0,2
2625000,2,0,0,2
2625500,2,0,0,2
2626000,2,0,0,2
2626500,2,0,0,2
2627000,2,0,0,2
2627500,2,0,0,2
2628000,2,0,0,2
2628500,2,0,0,2
2629000,2,0,0,2
2629500,2,0,0,2
2630000,2,0,0,2
2630500,2,0,0,2
2631000,2,0,0,2
2631500,2,0,0,2
2632000,2,0,0,2
2632500,2,0,0,2
2633000,2,0,0,2
2633500,2,0,0,2
2634000,2,0,0,2
2634500,2,0,0,2
2635000,2,0,0,2
2635500,2,0,0,2
2636000,2,0,0,2
2636500,2,0,0,2
2637000,2,0,0,2
2637500,2,0,0,2
2638000,2,0,0,2
2638500,2,0,0,2
2639000,2,0,0,2
2639500,2,0,0,2
2640000,2,0,0,2
2640500,2,0,0,2
2641000,2,0,0,2
2641500,2,0,0,2
2642000,2,0,0,2
2642500,2,0,0,2
2643000,2,0,0,2
2643500,2,0,0,2
2644000,2,0,0,2
2644500,2,0,0,2
2645000,2,0,0,2
2645500,2,0,0,2
2646000,2,0,0,2
2646500,2,0,0,2
2647000,2,0,0,2
2647500,2,0,0,2
2648000,2,0,0,2
2648500,2,0,0,2
2649000,2,0,0,2
2649500,2,0,0,2
2650000,2,0,0,2
2650500,2,0,0,2
2651000,2,0,0,2
2651500,2,0,0,2
2652000,2,0,0,2
2652500,2,0,0,2
2653000,2,0,0,2
2653500,2,0,0,2
2654000,2,0,0,2
2654500,2,0,0,2
2655000,2,0,0,2
2655500,2,0,0,2
2656000,2,0,0,2
2656500,2,0,0,2
2657000,2,0,0,2
2657500,2,0,0,2
2658000,2,0,0,2
2658500,2,0,0,2
2659000,2,0,0,2
2659500,2,0,0,2
2660000,2,0,0,2
2660500,2,0,0,2
2661000,2,0,0,2
2661500,2,0,0,2
2662000,2,0,0,2
2662500,2,0,0,2
2663000,2,0,0,2
2663500,2,0,0,2
2664000,2,0,0,2
2664500,2,0,0,2
2665000,2,0,0,2
2665500,2,0,0,2
2666000,2,0,0,2
2666500,2,0,0,2
2667000,2,0,0,2
2667500,2,0,0,2
2668000,2,0,0,2
2668500,2,0,0,2
2669000,2,0,0,2
2669500,2,0,0,2
2670000,2,0,0,2
2670500,2,0,0,2
2671000,2,0,0,2
2671500,2,0,0,2
2672000,2,0,0,2
2672500,2,0,0,2
2673000,2,0,0,2
2673500,2,0,0,2
2674000,2,0,0,2
2674500,2,0,0,2
2675000,2,0,0,2
2675500,2,0,0,2
2676000,2,0,0,2
2676500,2,0,0,2
2677000,2,0,0,2
2677500,2,0,0,2
2678000,2,0,0,2
2678500,2,0,0,2
2679000,2,0,0,2
2679500,2,0,0,2
2680000,2,0,0,2
2680500,2,0,0,2
2681000,2,0,0,2
2681500,2,0,0,2
2682000,2,0,0,2
2682500,2,0,0,2
2683000,2,0,0,2
2683500,2,0,0,2
2684000,2,0,0,2
2684500,2,0,0,2
2685000,2,0,0,2
2685500,2,0,0,2
2686000,2,0,0,2
2686500,2,0,0,2
2687000,2,0,0,2
2687500,2,0,0,2
2688000,2,0,0,2
2688500,2,0,0,2
2689000,2,0,0,2
2689500,2,0,0,2
2690000,2,0,0,2
2690500,2,0,0,2
2691000,2,0,0,2
2691500,2,0,0,2
2692000,2,0,0,2
2692500,2,0,0,2
2693000,2,0,0,2
2693500,2,0,0,2
2694000,2,0,0,2
2694500,2,0,0,2
2695000,2,0,0,2
2695500,2,0,0,2
2696000,2,0,0,2
2696500,2,0,0,2
2697000,2,0,0,2
2697500,2,0,0,2
2698000,2,0,0,2
2698500,2,0,0,2
2699000,2,0,0,2
2699500,2,0,0,2
2700000,2,0,0,2
2700500,2,0,0,2
2701000,2,0,0,2
2701500,2,0,0,2
2702000,2,0,0,2
2702500,2,0,0,2
2703000,2,0,0,2
2703500,2,0,0,2
2704000,2,0,0,2
2704500,2,0,0,2
2705000,2,0,0,2
2705500,2,0,0,2
2706000,2,0,0,2
2706500,2,0,0,2
2707000,2,0,0,2
2707500,2,0,0,2
2708000,2,0,0,2
2708500,2,0,0,2
2709000,2,0,0,2
2709500,2,0,0,2
2710000,2,0,0,2
2710500,2,0,0,2
2711000,2,0,0,2
2711500,2,0,0,2
2712000,2,0,0,2
2712500,2,0,0,2
2713000,2,0,0,2
2713500,2,0,0,2
2714000,2,0,0,2
2714500,2,0,0,2
2715000,2,0,0,2
2715500,2,0,0,2
2716000,2,0,0,2
2716500,2,0,0,2
2717000,2,0,0,2
2717500,2,0,0,2
2718000,2,0,0,2
2718500,2,0,0,2
2719000,2,0,0,2
2719500,2,0,0,2
2720000,2,0,0,2
2720500,2,0,0,2
2721000,2,0,0,2
2721500,2,0,0,2
2722000,2,0,0,2
2722500,2,0,0,2
2723000,2,0,0,2
2723500,2,0,0,2
2724000,2,0,0,2
2724500,2,0,0,2
2725000,2,0,0,2
2725500,2,0,0,2
2726000,2,0,0,2
2726500,2,0,0,2
2727000,2,0,0,2
2727500,2,0,0,2
2728000,2,0,0,2
2728500,2,0,0,2
2729000,2,0,0,2
2729500,2,0,0,2
2730000,2,0,0,2
2730500,2,0,0,2
2731000,2,0,0,2
2731500,2,0,0,2
2732000,2,0,0,2
2732500,2,0,0,2
2733000,2,0,0,2
2733500,2,0,0,2
2734000,2,0,0,2
2734500,2,0,0,2
2735000,2,0,0,2
2735500,2,0,0,2
2736000,2,0,0,2
2736500,2,0,0,2
2737000,2,0,0,2
2737500,2,0,0,2
2738000,2,0,0,2
2738500,2,0,0,2
2739000,2,0,0,2
2739500,2,0,0,2
2740000,2,0,0,2
2740500,2,0,0,2
2741000,2,0,0,2
2741500,2,0,0,2
2742000,2,0,0,2
2742500,2,0,0,2
2743000,2,0,0,2
2743500,2,0,0,2
2744000,2,0,0,2
2744500,2,0,0,2
2745000,2,0,0,2
2745500,2,0,0,2
2746000,2,0,0,2
2746500,2,0,0,2
2747000,2,0,0,2
2747500,2,0,0,2
2748000,2,0,0,2
2748500,2,0,0,2
2749000,2,0,0,2
2749500,2,0,0,2
2750000,2,0,0,2
2750500,2,0,0,2
2751000,2,0,0,2
2751500,2,0,0,2
2752000,2,0,0,2
2752500,2,0,0,2
2753000,2,0,0,2
2753500,2,0,0,2
2754000,2,0,0,2
2754500,2,0,0,2
2755000,2,0,0,2
2755500,2,0,0,2
2755735,2,1,0,1
2756000,1,0,0,1
2756500,1,0,0,1
2757000,1,0,0,1
2757500,1,0,0,1
2758000,1,0,0,1
2758500,1,0,0,1
2759000,1,0,0,1
2759500,1,0,0,1
2760000,1,0,0,1
2760500,1,0,0,1
2761000,1,0,0,1
2761500,1,0,0,1
2762000,1,0,0,1
2762500,1,0,0,1
2763000,1,0,0,1
2763500,1,0,0,1
2764000,1,0,0,1
2764500,1,0,0,1
2765000,1,0,0,1
2765500,1,0,0,1
2766000,1,0,0,1
2766500,1,0,0,1
2767000,1,0,0,1
2767500,1,0,0,1
2768000,1,0,0,1
2768500,1,0,0,1
2769000,1,0,0,1
2769500,1,0,0,1
2770000,1,0,0,1
2770500,1,0,0,1
2771000,1,0,0,1
2771500,1,0,0,1
2772000,1,0,0,1
2772500,1,0,0,1
2773000,1,0,0,1
2773500,1,0,0,1
2774000,1,0,0,1
2774500,1,0,0,1
2775000,1,0,0,1
2775500,1,0,0,1
2776000,1,0,0,1
2776500,1,0,0,1
2777000,1,0,0,1
2777500,1,0,0,1
2778000,1,0,0,1
2778500,1,0,0,1
2779000,1,0,0,1
2779500,1,0,0,1
2780000,1,0,0,1
2780500,1,0,0,1
2781000,1,0,0,1
2781500,1,0,0,1
2782000,1,0,0,1
2782500,1,0,0,1
2783000,1,0,0,1
2783500,1,0,0,1
2784000,1,0,0,1
2784500,1,0,0,1
2785000,1,0,0,1
2785500,1,0,0,1
2786000,1,0,0,1
2786500,1,0,0,1
2787000,1,0,0,1
2787500,1,0,0,1
2788000,1,0,0,1
2788500,1,0,0,1
2789000,1,0,0,1
2789500,1,0,0,1
2790000,1,0,0,1
2790500,1,0,0,1
2791000,1,0,0,1
2791500,1,0,0,1
2792000,1,0,0,1
2792500,1,0,0,1
2793000,1,0,0,1
2793500,1,0,0,1
2794000,1,0,0,1
2794500,1,0,0,1
2795000,1,0,0,1
2795500,1,0,0,1
2796000,1,0,0,1
2796500,1,0,0,1
2797000,1,0,0,1
2797500,1,0,0,1
2798000,1,0,0,1
2798500,1,0,0,1
2799000,1,0,0,1
2799500,1,0,0,1
2800000,1,0,0,1
2800500,1,0,0,1
2801000,1,0,0,1
2801500,1,0,0,1
2802000,1,0,0,1
2802500,1,0,0,1
2803000,1,0,0,1
2803500,1,0,0,1
2804000,1,0,0,1
2804500,1,0,0,1
2805000,1,0,0,1
2805500,1,0,0,1
2806000,1,0,0,1
2806500,1,0,0,1
2807000,1,0,0,1
2807500,1,0,0,1
2808000,1,0,0,1
2808500,1,0,0,1
2809000,1,0,0,1
2809500,1,0,0,1
2810000,1,0,0,1
2810500,1,0,0,1
2811000,1,0,0,1
2811500,1,0,0,1
2812000,1,0,0,1
2812500,1,0,0,1
2813000,1,0,0,1
2813500,1,0,0,1
2814000,1,0,0,1
2814500,1,0,0,1
2815000,1,0,0,1
2815500,1,0,0,1
2816000,1,0,0,1
2816500,1,0,0,1
2817000,1,0,0,1
2817500,1,0,0,1
2818000,1,0,0,1
2818500,1,0,0,1
2819000,1,0,0,1
2819500,1,0,0,1
2820000,1,0,0,1
2820500,1,0,0,1
2821000,1,0,0,1
2821500,1,0,0,1
2822000,1,0,0,1
2822500,1,0,0,1
2823000,1,0,0,1
2823500,1,0,0,1
2824000,1,0,0,1
2824500,1,0,0,1
2825000,1,0,0,1
2825500,1,0,0,1
2826000,1,0,0,1
2826500,1,0,0,1
2827000,1,0,0,1
2827500,1,0,0,1
2828000,1,0,0,1
2828500,1,0,0,1
2829000,1,0,0,1
2829500,1,0,0,1
2830000,1,0,0,1
2830500,1,0,0,1
2831000,1,0,0,1
2831500,1,0,0,1
2832000,1,0,0,1
2832500,1,0,0,1
2833000,1,0,0,1
2833500,1,0,0,1
2834000,1,0,0,1
2834500,1,0,0,1
2835000,1,0,0,1
2835500,1,0,0,1
2836000,1,0,0,1
2836500,1,0,0,1
2837000,1,0,0,1
2837500,1,0,0,1
2838000,1,0,0,1
2838500,1,0,0,1
2839000,1,0,0,1
2839500,1,0,0,1
2840000,1,0,0,1
2840500,1,0,0,1
2841000,1,0,0,1
2841500,1,0,0,1
2842000,1,0,0,1
2842500,1,0,0,1
2843000,1,0,0,1
2843500,1,0,0,1
2844000,1,0,0,1
2844500,1,0,0,1
2845000,1,0,0,1
2845500,1,0,0,1
2846000,1,0,0,1
2846500,1,0,0,1
2847000,1,0,0,1
2847500,1,0,0,1
2848000,1,0,0,1
2848500,1,0,0,1
2849000,1,0,0,1
2849500,1,0,0,1
2850000,1,0,0,1
2850500,1,0,0,1
2851000,1,0,0,1
2851500,1,0,0,1
2852000,1,0,0,1
2852500,1,0,0,1
2853000,1,0,0,1
2853500,1,0,0,1
2854000,1,0,0,1
2854500,1,0,0,1
2855000,1,0,0,1
2855500,1,0,0,1
2856000,1,0,0,1
2856500,1,0,0,1
2857000,1,0,0,1
2857500,1,0,0,1
2858000,1,0,0,1
2858500,1,0,0,1
2859000,1,0,0,1
2859500,1,0,0,1
2860000,1,0,0,1
2860500,1,0,0,1
2861000,1,0,0,1
2861500,1,0,0,1
2862000,1,0,0,1
2862500,1,0,0,1
2863000,1,0,0,1
2863500,1,0,0,1
2864000,1,0,0,1
2864500,1,0,0,1
2865000,1,0,0,1
2865500,1,0,0,1
2866000,1,0,0,1
2866500,1,0,0,1
2867000,1,0,0,1
2867500,1,0,0,1
2868000,1,0,0,1
2868500,1,0,0,1
2869000,1,0,0,1
2869500,1,0,0,1
2870000,1,0,0,1
2870500,1,0,0,1
2871000,1,0,0,1
2871500,1,0,0,1
2872000,1,0,0,1
2872500,1,0,0,1
2873000,1,0,0,1
2873500,1,0,0,1
2874000,1,0,0,1
2874500,1,0,0,1
2875000,1,0,0,1
2875500,1,0,0,1
2876000,1,0,0,1
2876500,1,0,0,1
2877000,1,0,0,1
2877500,1,0,0,1
2878000,1,0,0,1
2878500,1,0,0,1
2879000,1,0,0,1
2879500,1,0,0,1
2880000,1,0,0,1
2880500,1,0,0,1
2881000,1,0,0,1
2881500,1,0,0,1
2882000,1,0,0,1
2882500,1,0,0,1
2883000,1,0,0,1
2883500,1,0,0,1
2884000,1,0,0,1
2884500,1,0,0,1
2885000,1,0,0,1
2885500,1,0,0,1
2886000,1,0,0,1
2886500,1,0,0,1
2887000,1,0,0,1
2887500,1,0,0,1
2888000,1,0,0,1
2888500,1,0,0,1
2889000,1,0,0,1
2889500,1,0,0,1
2890000,1,0,0,1
2890500,1,0,0,1
2891000,1,0,0,1
2891500,1,0,0,1
2892000,1,0,0,1
2892500,1,0,0,1
2893000,1,0,0,1
2893500,1,0,0,1
2894000,1,0,0,1
2894500,1,0,0,1
2895000,1,0,0,1
2895500,1,0,0,1
2896000,1,0,0,1
2896500,1,0,0,1
2897000,1,0,0,1
2897500,1,0,0,1
2898000,1,0,0,1
2898500,1,0,0,1
2899000,1,0,0,1
2899500,1,0,0,1
2900000,1,0,0,1
2900500,1,0,0,1
2901000,1,0,0,1
2901500,1,0,0,1
2902000,1,0,0,1
2902500,1,0,0,1
2903000,1,0,0,1
2903500,1,0,0,1
2904000,1,0,0,1
2904500,1,0,0,1
2905000,1,0,0,1
2905500,1,0,0,1
2906000,1,0,0,1
2906500,1,0,0,1
2907000,1,0,0,1
2907500,1,0,0,1
2908000,1,0,0,1
2908500,1,0,0,1
2909000,1,0,0,1
2909500,1,0,0,1
2910000,1,0,0,1
2910500,1,0,0,1
2911000,1,0,0,1
2911500,1,0,0,1
2912000,1,0,0,1
2912500,1,0,0,1
2913000,1,0,0,1
2913500,1,0,0,1
2914000,1,0,0,1
2914500,1,0,0,1
2915000,1,0,0,1
2915500,1,0,0,1
2916000,1,0,0,1
2916500,1,0,0,1
2917000,1,0,0,1
2917500,1,0,0,1
2918000,1,0,0,1
2918500,1,0,0,1
2919000,1,0,0,1
2919500,1,0,0,1
2920000,1,0,0,1
2920500,1,0,0,1
2921000,1,0,0,1
2921500,1,0,0,1
2922000,1,0,0,1
2922500,1,0,0,1
2923000,1,0,0,1
2923500,1,0,0,1
2924000,1,0,0,1
2924500,1,0,0,1
2925000,1,0,0,1
2925500,1,0,0,1
2926000,1,0,0,1
2926500,1,0,0,1
2927000,1,0,0,1
2927500,1,0,0,1
2928000,1,0,0,1
2928500,1,0,0,1
2929000,1,0,0,1
2929500,1,0,0,1
2930000,1,0,0,1
2930500,1,0,0,1
2931000,1,0,0,1
2931500,1,0,0,1
2932000,1,0,0,1
2932500,1,0,0,1
2933000,1,0,0,1
2933500,1,0,0,1
2934000,1,0,0,1
2934500,1,0,0,1
2935000,1,0,0,1
2935500,1,0,0,1
2936000,1,0,0,1
2936500,1,0,0,1
2937000,1,0,0,1
2937500,1,0,0,1
2938000,1,0,0,1
2938500,1,0,0,1
2939000,1,0,0,1
2939500,1,0,0,1
2940000,1,0,0,1
2940500,1,0,0,1
2941000,1,0,0,1
2941500,1,0,0,1
2942000,1,0,0,1
2942500,1,0,0,1
2943000,1,0,0,1
2943500,1,0,0,1
2944000,1,0,0,1
2944500,1,0,0,1
2945000,1,0,0,1
2945500,1,0,0,1
2946000,1,0,0,1
2946500,1,0,0,1
2947000,1,0,0,1
2947500,1,0,0,1
2948000,1,0,0,1
2948500,1,0,0,1
2949000,1,0,0,1
2949500,1,0,0,1
2950000,1,0,0,1
2950500,1,0,0,1
2951000,1,0,0,1
2951500,1,0,0,1
2952000,1,0,0,1
2952500,1,0,0,1
2953000,1,0,0,1
2953500,1,0,0,1
2954000,1,0,0,1
2954500,1,0,0,1
2955000,1,0,0,1
2955500,1,0,0,1
2956000,1,0,0,1
2956500,1,0,0,1
2957000,1,0,0,1
2957500,1,0,0,1
2958000,1,0,0,1
2958500,1,0,0,1
2959000,1,0,0,1
2959500,1,0,0,1
2960000,1,0,0,1
2960500,1,0,0,1
2961000,1,0,0,1
2961500,1,0,0,1
2962000,1,0,0,1
2962500,1,0,0,1
2963000,1,0,0,1
2963500,1,0,0,1
2964000,1,0,0,1
2964500,1,0,0,1
2965000,1,0,0,1
2965500,1,0,0,1
2966000,1,0,0,1
2966500,1,0,0,1
2967000,1,0,0,1
2967500,1,0,0,1
2968000,1,0,0,1
2968500,1,0,0,1
2969000,1,0,0,1
2969500,1,0,0,1
2970000,1,0,0,1
2970500,1,0,0,1
2971000,1,0,0,1
2971500,1,0,0,1
2972000,1,0,0,1
2972500,1,0,0,1
2973000,1,0,0,1
2973500,1,0,0,1
2974000,1,0,0,1
2974500,1,0,0,1
2975000,1,0,0,1
2975500,1,0,0,1
2976000,1,0,0,1
2976500,1,0,0,1
2977000,1,0,0,1
2977500,1,0,0,1
2978000,1,0,0,1
2978500,1,0,0,1
2979000,1,0,0,1
2979500,1,0,0,1
2980000,1,0,0,1
2980500,1,0,0,1
2981000,1,0,0,1
2981500,1,0,0,1
2982000,1,0,0,1
2982500,1,0,0,1
2983000,1,0,0,1
2983500,1,0,0,1
2984000,1,0,0,1
2984500,1,0,0,1
2985000,1,0,0,1
2985500,1,0,0,1
2986000,1,0,0,1
2986500,1,0,0,1
2987000,1,0,0,1
2987500,1,0,0,1
2988000,1,0,0,1
2988500,1,0,0,1
2989000,1,0,0,1
2989500,1,0,0,1
2990000,1,0,0,1
2990500,1,0,0,1
2991000,1,0,0,1
2991500,1,0,0,1
2992000,1,0,0,1
2992500,1,0,0,1
2993000,1,0,0,1
2993500,1,0,0,1
2994000,1,0,0,1
2994500,1,0,0,1
2995000,1,0,0,1
2995500,1,0,0,1
2996000,1,0,0,1
2996500,1,0,0,1
2997000,1,0,0,1
2997500,1,0,0,1
2998000,1,0,0,1
2998500,1,0,0,1
2999000,1,0,0,1
2999500,1,0,0,1
3000000,1,0,0,1
3000500,1,0,0,1
3001000,1,0,0,1
3001500,1,0,0,1
3002000,1,0,0,1
3002500,1,0,0,1
3003000,1,0,0,1
3003500,1,0,0,1
3004000,1,0,0,1
3004500,1,0,0,1
3005000,1,0,0,1
3005500,1,0,0,1
3006000,1,0,0,1
3006500,1,0,0,1
3007000,1,0,0,1
3007500,1,0,0,1
3008000,1,0,0,1
3008500,1,0,0,1
3009000,1,0,0,1
3009500,1,0,0,1
3010000,1,0,0,1
3010500,1,0,0,1
3011000,1,0,0,1
3011500,1,0,0,1
3012000,1,0,0,1
3012500,1,0,0,1
3013000,1,0,0,1
3013500,1,0,0,1
3014000,1,0,0,1
3014500,1,0,0,1
3015000,1,0,0,1
3015500,1,0,0,1
3016000,1,0,0,1
3016500,1,0,0,1
3017000,1,0,0,1
3017500,1,0,0,1
3018000,1,0,0,1
3018500,1,0,0,1
3019000,1,0,0,1
3019500,1,0,0,1
3020000,1,0,0,1
3020500,1,0,0,1
3021000,1,0,0,1
3021500,1,0,0,1
3022000,1,0,0,1
3022500,1,0,0,1
3023000,1,0,0,1
3023500,1,0,0,1
3024000,1,0,0,1
3024500,1,0,0,1
3025000,1,0,0,1
3025500,1,0,0,1
3026000,1,0,0,1
3026500,1,0,0,1
3027000,1,0,0,1
3027500,1,0,0,1
3028000,1,0,0,1
3028500,1,0,0,1
3029000,1,0,0,1
3029500,1,0,0,1
3030000,1,0,0,1
3030500,1,0,0,1
3031000,1,0,0,1
3031500,1,0,0,1
3032000,1,0,0,1
3032500,1,0,0,1
3033000,1,0,0,1
3033500,1,0,0,1
3034000,1,0,0,1
3034500,1,0,0,1
3035000,1,0,0,1
3035500,1,0,0,1
3036000,1,0,0,1
3036500,1,0,0,1
3037000,1,0,0,1
3037500,1,0,0,1
3038000,1,0,0,1
3038500,1,0,0,1
3039000,1,0,0,1
3039500,1,0,0,1
3040000,1,0,0,1
3040500,1,0,0,1
3041000,1,0,0,1
3041500,1,0,0,1
3042000,1,0,0,1
3042500,1,0,0,1
3043000,1,0,0,1
3043500,1,0,0,1
3044000,1,0,0,1
3044500,1,0,0,1
3045000,1,0,0,1
3045500,1,0,0,1
3046000,1,0,0,1
3046500,1,0,0,1
3047000,1,0,0,1
3047500,1,0,0,1
3048000,1,0,0,1
3048500,1,0,0,1
3049000,1,0,0,1
3049500,1,0,0,1
3050000,1,0,0,1
3050500,1,0,0,1
3051000,1,0,0,1
3051500,1,0,0,1
3052000,1,0,0,1
3052500,1,0,0,1
3053000,1,0,0,1
3053500,1,0,0,1
3054000,1,0,0,1
3054500,1,0,0,1
3055000,1,0,0,1
3055500,1,0,0,1
3056000,1,0,0,1
3056500,1,0,0,1
3057000,1,0,0,1
3057500,1,0,0,1
3058000,1,0,0,1
3058500,1,0,0,1
3059000,1,0,0,1
3059500,1,0,0,1
3060000,1,0,0,1
3060500,1,0,0,1
3061000,1,0,0,1
3061500,1,0,0,1
3062000,1,0,0,1
3062500,1,0,0,1
3063000,1,0,0,1
3063500,1,0,0,1
3064000,1,0,0,1
3064500,1,0,0,1
3065000,1,0,0,1
3065500,1,0,0,1
3066000,1,0,0,1
3066500,1,0,0,1
3067000,1,0,0,1
3067500,1,0,0,1
3068000,1,0,0,1
3068500,1,0,0,1
3069000,1,0,0,1
3069500,1,0,0,1
3070000,1,0,0,1
3070500,1,0,0,1
3071000,1,0,0,1
3071500,1,0,0,1
3072000,1,0,0,1
3072500,1,0,0,1
3073000,1,0,0,1
3073500,1,0,0,1
3074000,1,0,0,1
3074500,1,0,0,1
3075000,1,0,0,1
3075500,1,0,0,1
3076000,1,0,0,1
3076500,1,0,0,1
3077000,1,0,0,1
3077500,1,0,0,1
3078000,1,0,0,1
3078500,1,0,0,1
3079000,1,0,0,1
3079500,1,0,0,1
3080000,1,0,0,1
3080500,1,0,0,1
3081000,1,0,0,1
3081500,1,0,0,1
3082000,1,0,0,1
3082500,1,0,0,1
3083000,1,0,0,1
3083500,1,0,0,1
3084000,1,0,0,1
3084500,1,0,0,1
3085000,1,0,0,1
3085500,1,0,0,1
3086000,1,0,0,1
3086500,1,0,0,1
3087000,1,0,0,1
3087500,1,0,0,1
3088000,1,0,0,1
3088500,1,0,0,1
3089000,1,0,0,1
3089500,1,0,0,1
3090000,1,0,0,1
3090500,1,0,0,1
3091000,1,0,0,1
3091500,1,0,0,1
3092000,1,0,0,1
3092500,1,0,0,1
3093000,1,0,0,1
3093500,1,0,0,1
3094000,1,0,0,1
3094500,1,0,0,1
3095000,1,0,0,1
3095500,1,0,0,1
3096000,1,0,0,1
3096500,1,0,0,1
3097000,1,0,0,1
3097500,1,0,0,1
3098000,1,0,0,1
3098500,1,0,0,1
3099000,1,0,0,1
3099500,1,0,0,1
3100000,1,0,0,1
3100500,1,0,0,1
3101000,1,0,0,1
3101500,1,0,0,1
3102000,1,0,0,1
3102500,1,0,0,1
3103000,1,0,0,1
3103500,1,0,0,1
3104000,1,0,0,1
3104500,1,0,0,1
3105000,1,0,0,1
3105500,1,0,0,1
3106000,1,0,0,1
3106500,1,0,0,1
3107000,1,0,0,1
3107500,1,0,0,1
3108000,1,0,0,1
3108500,1,0,0,1
3109000,1,0,0,1
3109500,1,0,0,1
3110000,1,0,0,1
3110500,1,0,0,1
3111000,1,0,0,1
3111500,1,0,0,1
3112000,1,0,0,1
3112500,1,0,0,1
3113000,1,0,0,1
3113500,1,0,0,1
3114000,1,0,0,1
3114500,1,0,0,1
3115000,1,0,0,1
3115500,1,0,0,1
3116000,1,0,0,1
3116500,1,0,0,1
3117000,1,0,0,1
3117500,1,0,0,1
3118000,1,0,0,1
3118500,1,0,0,1
3119000,1,0,0,1
3119500,1,0,0,1
3120000,1,0,0,1
3120500,1,0,0,1
3121000,1,0,0,1
3121500,1,0,0,1
3122000,1,0,0,1
3122500,1,0,0,1
3123000,1,0,0,1
3123500,1,0,0,1
3124000,1,0,0,1
3124500,1,0,0,1
3125000,1,0,0,1
3125500,1,0,0,1
3126000,1,0,0,1
3126500,1,0,0,1
3127000,1,0,0,1
3127500,1,0,0,1
3128000,1,0,0,1
3128500,1,0,0,1
3129000,1,0,0,1
3129500,1,0,0,1
3130000,1,0,0,1
3130500,1,0,0,1
3131000,1,0,0,1
3131500,1,0,0,1
3132000,1,0,0,1
3132500,1,0,0,1
3133000,1,0,0,1
3133500,1,0,0,1
3134000,1,0,0,1
3134500,1,0,0,1
3135000,1,0,0,1
3135500,1,0,0,1
3136000,1,0,0,1
3136500,1,0,0,1
3137000,1,0,0,1
3137500,1,0,0,1
3138000,1,0,0,1
3138500,1,0,0,1
3139000,1,0,0,1
3139500,1,0,0,1
3140000,1,0,0,1
3140500,1,0,0,1
3141000,1,0,0,1
3141500,1,0,0,1
3142000,1,0,0,1
3142500,1,0,0,1
3143000,1,0,0,1
3143500,1,0,0,1
3144000,1,0,0,1
3144500,1,0,0,1
3145000,1,0,0,1
3145500,1,0,0,1
3146000,1,0,0,1
3146500,1,0,0,1
3147000,1,0,0,1
3147500,1,0,0,1
3148000,1,0,0,1
3148500,1,0,0,1
3149000,1,0,0,1
3149500,1,0,0,1
3150000,1,0,0,1
3150500,1,0,0,1
3151000,1,0,0,1
3151500,1,0,0,1
3152000,1,0,0,1
3152500,1,0,0,1
3153000,1,0,0,1
3153500,1,0,0,1
3154000,1,0,0,1
3154500,1,0,0,1
3155000,1,0,0,1
3155500,1,0,0,1
3156000,1,0,0,1
3156500,1,0,0,1
3157000,1,0,0,1
3157500,1,0,0,1
3158000,1,0,0,1
3158500,1,0,0,1
3159000,1,0,0,1
3159500,1,0,0,1
3160000,1,0,0,1
3160500,1,0,0,1
3161000,1,0,0,1
3161500,1,0,0,1
3162000,1,0,0,1
3162500,1,0,0,1
3163000,1,0,0,1
3163500,1,0,0,1
3164000,1,0,0,1
3164500,1,0,0,1
3165000,1,0,0,1
3165500,1,0,0,1
3166000,1,0,0,1
3166500,1,0,0,1
3167000,1,0,0,1
3167500,1,0,0,1
3168000,1,0,0,1
3168500,1,0,0,1
3169000,1,0,0,1
3169500,1,0,0,1
3170000,1,0,0,1
3170500,1,0,0,1
3171000,1,0,0,1
3171500,1,0,0,1
3172000,1,0,0,1
3172500,1,0,0,1
3173000,1,0,0,1
3173500,1,0,0,1
3174000,1,0,0,1
3174500,1,0,0,1
3175000,1,0,0,1
3175500,1,0,0,1
3176000,1,0,0,1
3176500,1,0,0,1
3177000,1,0,0,1
3177500,1,0,0,1
3178000,1,0,0,1
3178500,1,0,0,1
3179000,1,0,0,1
3179500,1,0,0,1
3180000,1,0,0,1
3180500,1,0,0,1
3181000,1,0,0,1
3181500,1,0,0,1
3182000,1,0,0,1
3182500,1,0,0,1
3183000,1,0,0,1
3183500,1,0,0,1
3184000,1,0,0,1
3184500,1,0,0,1
3185000,1,0,0,1
3185500,1,0,0,1
3186000,1,0,0,1
3186500,1,0,0,1
3187000,1,0,0,1
3187500,1,0,0,1
3188000,1,0,0,1
3188500,1,0,0,1
3189000,1,0,0,1
3189500,1,0,0,1
3190000,1,0,0,1
3190500,1,0,0,1
3191000,1,0,0,1
3191500,1,0,0,1
3192000,1,0,0,1
3192500,1,0,0,1
3193000,1,0,0,1
3193500,1,0,0,1
3194000,1,0,0,1
3194500,1,0,0,1
3195000,1,0,0,1
3195500,1,0,0,1
3196000,1,0,0,1
3196500,1,0,0,1
3197000,1,0,0,1
3197500,1,0,0,1
3198000,1,0,0,1
3198500,1,0,0,1
3199000,1,0,0,1
3199500,1,0,0,1
3200000,1,0,0,1
3200500,1,0,0,1
3201000,1,0,0,1
3201500,1,0,0,1
3202000,1,0,0,1
3202500,1,0,0,1
3203000,1,0,0,1
3203500,1,0,0,1
3204000,1,0,0,1
3204500,1,0,0,1
3205000,1,0,0,1
3205500,1,0,0,1
3206000,1,0,0,1
3206500,1,0,0,1
3207000,1,0,0,1
3207500,1,0,0,1
3208000,1,0,0,1
3208500,1,0,0,1
3209000,1,0,0,1
3209500,1,0,0,1
3210000,1,0,0,1
3210500,1,0,0,1
3211000,1,0,0,1
3211500,1,0,0,1
3212000,1,0,0,1
3212500,1,0,0,1
3213000,1,0,0,1
3213500,1,0,0,1
3214000,1,0,0,1
3214500,1,0,0,1
3215000,1,0,0,1
3215500,1,0,0,1
3216000,1,0,0,1
3216500,1,0,0,1
3217000,1,0,0,1
3217500,1,0,0,1
3218000,1,0,0,1
3218500,1,0,0,1
3219000,1,0,0,1
3219500,1,0,0,1
3220000,1,0,0,1
3220500,1,0,0,1
3221000,1,0,0,1
3221500,1,0,0,1
3222000,1,0,0,1
3222500,1,0,0,1
3223000,1,0,0,1
3223500,1,0,0,1
3224000,1,0,0,1
3224500,1,0,0,1
3225000,1,0,0,1
3225500,1,0,0,1
3226000,1,0,0,1
3226500,1,0,0,1
3227000,1,0,0,1
3227500,1,0,0,1
3228000,1,0,0,1
3228500,1,0,0,1
3229000,1,0,0,1
3229500,1,0,0,1
3230000,1,0,0,1
3230500,1,0,0,1
3231000,1,0,0,1
3231500,1,0,0,1
3232000,1,0,0,1
3232500,1,0,0,1
3233000,1,0,0,1
3233500,1,0,0,1
3234000,1,0,0,1
3234500,1,0,0,1
3235000,1,0,0,1
3235500,1,0,0,1
3236000,1,0,0,1
3236500,1,0,0,1
3237000,1,0,0,1
3237500,1,0,0,1
3238000,1,0,0,1
3238500,1,0,0,1
3239000,1,0,0,1
3239500,1,0,0,1
3240000,1,0,0,1
3240500,1,0,0,1
3241000,1,0,0,1
3241500,1,0,0,1
3242000,1,0,0,1
3242500,1,0,0,1
3243000,1,0,0,1
3243500,1,0,0,1
3244000,1,0,0,1
3244500,1,0,0,1
3245000,1,0,0,1
3245500,1,0,0,1
3246000,1,0,0,1
3246500,1,0,0,1
3247000,1,0,0,1
3247500,1,0,0,1
3248000,1,0,0,1
3248500,1,0,0,1
3249000,1,0,0,1
3249500,1,0,0,1
3250000,1,0,0,1
3250500,1,0,0,1
3251000,1,0,0,1
3251500,1,0,0,1
3252000,1,0,0,1
3252500,1,0,0,1
3253000,1,0,0,1
3253500,1,0,0,1
3254000,1,0,0,1
3254500,1,0,0,1
3255000,1,0,0,1
3255500,1,0,0,1
3256000,1,0,0,1
3256500,1,0,0,1
3257000,1,0,0,1
3257500,1,0,0,1
3258000,1,0,0,1
3258500,1,0,0,1
3259000,1,0,0,1
3259500,1,0,0,1
3260000,1,0,0,1
3260500,1,0,0,1
3261000,1,0,0,1
3261500,1,0,0,1
3262000,1,0,0,1
3262500,1,0,0,1
3263000,1,0,0,1
3263500,1,0,0,1
3264000,1,0,0,1
3264500,1,0,0,1
3265000,1,0,0,1
3265500,1,0,0,1
3266000,1,0,0,1
3266500,1,0,0,1
3267000,1,0,0,1
3267500,1,0,0,1
3268000,1,0,0,1
3268500,1,0,0,1
3269000,1,0,0,1
3269500,1,0,0,1
3270000,1,0,0,1
3270500,1,0,0,1
3271000,1,0,0,1
3271500,1,0,0,1
3272000,1,0,0,1
3272500,1,0,0,1
3273000,1,0,0,1
3273500,1,0,0,1
3274000,1,0,0,1
3274500,1,0,0,1
3275000,1,0,0,1
3275500,1,0,0,1
3276000,1,0,0,1
3276500,1,0,0,1
3277000,1,0,0,1
3277500,1,0,0,1
3278000,1,0,0,1
3278500,1,0,0,1
3279000,1,0,0,1
3279500,1,0,0,1
3280000,1,0,0,1
3280500,1,0,0,1
3281000,1,0,0,1
3281500,1,0,0,1
3282000,1,0,0,1
3282500,1,0,0,1
3283000,1,0,0,1
3283500,1,0,0,1
3284000,1,0,0,1
3284500,1,0,0,1
3285000,1,0,0,1
3285500,1,0,0,1
3286000,1,0,0,1
3286500,1,0,0,1
3287000,1,0,0,1
3287500,1,0,0,1
3288000,1,0,0,1
3288500,1,0,0,1
3289000,1,0,0,1
3289500,1,0,0,1
3290000,1,0,0,1
3290500,1,0,0,1
3291000,1,0,0,1
3291500,1,0,0,1
3292000,1,0,0,1
3292500,1,0,0,1
3293000,1,0,0,1
3293500,1,0,0,1
3294000,1,0,0,1
3294500,1,0,0,1
3295000,1,0,0,1
3295500,1,0,0,1
3296000,1,0,0,1
3296500,1,0,0,1
3297000,1,0,0,1
3297500,1,0,0,1
3298000,1,0,0,1
3298500,1,0,0,1
3299000,1,0,0,1
3299500,1,0,0,1
3300000,1,0,0,1
3300500,1,0,0,1
3301000,1,0,0,1
3301500,1,0,0,1
3302000,1,0,0,1
3302500,1,0,0,1
3303000,1,0,0,1
3303500,1,0,0,1
3304000,1,0,0,1
3304500,1,0,0,1
3305000,1,0,0,1
3305500,1,0,0,1
3306000,1,0,0,1
3306500,1,0,0,1
3307000,1,0,0,1
3307500,1,0,0,1
3308000,1,0,0,1
3308500,1,0,0,1
3309000,1,0,0,1
3309500,1,0,0,1
3310000,1,0,0,1
3310500,1,0,0,1
3311000,1,0,0,1
3311500,1,0,0,1
3312000,1,0,0,1
3312500,1,0,0,1
3313000,1,0,0,1
3313500,1,0,0,1
3314000,1,0,0,1
3314500,1,0,0,1
3315000,1,0,0,1
3315500,1,0,0,1
3316000,1,0,0,1
3316500,1,0,0,1
3317000,1,0,0,1
3317500,1,0,0,1
3318000,1,0,0,1
3318500,1,0,0,1
3319000,1,0,0,1
3319500,1,0,0,1
3320000,1,0,0,1
3320500,1,0,0,1
3321000,1,0,0,1
3321500,1,0,0,1
3322000,1,0,0,1
3322500,1,0,0,1
3323000,1,0,0,1
3323500,1,0,0,1
3324000,1,0,0,1
3324500,1,0,0,1
3325000,1,0,0,1
3325500,1,0,0,1
3326000,1,0,0,1
3326500,1,0,0,1
3327000,1,0,0,1
3327500,1,0,0,1
3328000,1,0,0,1
3328500,1,0,0,1
3329000,1,0,0,1
3329500,1,0,0,1
3330000,1,0,0,1
3330500,1,0,0,1
3331000,1,0,0,1
3331500,1,0,0,1
3332000,1,0,0,1
3332500,1,0,0,1
3333000,1,0,0,1
3333500,1,0,0,1
3334000,1,0,0,1
3334500,1,0,0,1
3335000,1,0,0,1
3335500,1,0,0,1
3336000,1,0,0,1
3336500,1,0,0,1
3337000,1,0,0,1
3337500,1,0,0,1
3338000,1,0,0,1
3338500,1,0,0,1
3339000,1,0,0,1
3339500,1,0,0,1
3340000,1,0,0,1
3340500,1,0,0,1
3341000,1,0,0,1
3341500,1,0,0,1
3342000,1,0,0,1
3342500,1,0,0,1
3343000,1,0,0,1
3343500,1,0,0,1
3344000,1,0,0,1
3344500,1,0,0,1
3345000,1,0,0,1
3345500,1,0,0,1
3346000,1,0,0,1
3346500,1,0,0,1
3347000,1,0,0,1
3347500,1,0,0,1
3348000,1,0,0,1
3348500,1,0,0,1
3349000,1,0,0,1
3349500,1,0,0,1
3350000,1,0,0,1
3350500,1,0,0,1
3351000,1,0,0,1
3351500,1,0,0,1
3352000,1,0,0,1
3352500,1,0,0,1
3353000,1,0,0,1
3353500,1,0,0,1
3354000,1,0,0,1
3354500,1,0,0,1
3355000,1,0,0,1
3355500,1,0,0,1
3356000,1,0,0,1
3356500,1,0,0,1
3357000,1,0,0,1
3357500,1,0,0,1
3358000,1,0,0,1
3358500,1,0,0,1
3359000,1,0,0,1
3359500,1,0,0,1
3360000,1,0,0,1
3360500,1,0,0,1
3361000,1,0,0,1
3361500,1,0,0,1
3362000,1,0,0,1
3362500,1,0,0,1
3363000,1,0,0,1
3363500,1,0,0,1
3364000,1,0,0,1
3364500,1,0,0,1
3365000,1,0,0,1
3365500,1,0,0,1
3366000,1,0,0,1
3366500,1,0,0,1
3367000,1,0,0,1
3367500,1,0,0,1
3368000,1,0,0,1
3368500,1,0,0,1
3369000,1,0,0,1
3369500,1,0,0,1
3370000,1,0,0,1
3370500,1,0,0,1
3371000,1,0,0,1
3371500,1,0,0,1
3372000,1,0,0,1
3372500,1,0,0,1
3373000,1,0,0,1
3373500,1,0,0,1
3374000,1,0,0,1
3374500,1,0,0,1
3375000,1,0,0,1
3375500,1,0,0,1
3376000,1,0,0,1
3376500,1,0,0,1
3377000,1,0,0,1
3377500,1,0,0,1
3378000,1,0,0,1
3378500,1,0,0,1
3379000,1,0,0,1
3379500,1,0,0,1
3380000,1,0,0,1
3380500,1,0,0,1
3381000,1,0,0,1
3381500,1,0,0,1
3382000,1,0,0,1
3382500,1,0,0,1
3383000,1,0,0,1
3383500,1,0,0,1
3384000,1,0,0,1
3384500,1,0,0,1
3385000,1,0,0,1
3385500,1,0,0,1
3386000,1,0,0,1
3386500,1,0,0,1
3387000,1,0,0,1
3387500,1,0,0,1
3388000,1,0,0,1
3388500,1,0,0,1
3389000,1,0,0,1
3389500,1,0,0,1
3390000,1,0,0,1
3390500,1,0,0,1
3391000,1,0,0,1
3391500,1,0,0,1
3392000,1,0,0,1
3392500,1,0,0,1
3393000,1,0,0,1
3393500,1,0,0,1
3394000,1,0,0,1
3394500,1,0,0,1
3395000,1,0,0,1
3395500,1,0,0,1
3396000,1,0,0,1
3396500,1,0,0,1
3397000,1,0,0,1
3397500,1,0,0,1
3398000,1,0,0,1
3398500,1,0,0,1
3399000,1,0,0,1
3399500,1,0,0,1
3400000,1,0,0,1
3400500,1,0,0,1
3401000,1,0,0,1
3401500,1,0,0,1
3402000,1,0,0,1
3402500,1,0,0,1
3403000,1,0,0,1
3403500,1,0,0,1
3404000,1,0,0,1
3404500,1,0,0,1
3405000,1,0,0,1
3405500,1,0,0,1
3406000,1,0,0,1
3406500,1,0,0,1
3407000,1,0,0,1
3407500,1,0,0,1
3408000,1,0,0,1
3408500,1,0,0,1
3409000,1,0,0,1
3409500,1,0,0,1
3410000,1,0,0,1
3410500,1,0,0,1
3411000,1,0,0,1
3411500,1,0,0,1
3412000,1,0,0,1
3412500,1,0,0,1
3413000,1,0,0,1
3413500,1,0,0,1
3414000,1,0,0,1
3414500,1,0,0,1
3415000,1,0,0,1
3415500,1,0,0,1
3416000,1,0,0,1
3416500,1,0,0,1
3417000,1,0,0,1
3417500,1,0,0,1
3418000,1,0,0,1
3418500,1,0,0,1
3419000,1,0,0,1
3419500,1,0,0,1
3420000,1,0,0,1
3420500,1,0,0,1
3421000,1,0,0,1
3421500,1,0,0,1
3422000,1,0,0,1
3422500,1,0,0,1
3423000,1,0,0,1
3423500,1,0,0,1
3424000,1,0,0,1
3424500,1,0,0,1
3425000,1,0,0,1
3425500,1,0,0,1
3426000,1,0,0,1
3426500,1,0,0,1
3427000,1,0,0,1
3427500,1,0,0,1
3428000,1,0,0,1
3428500,1,0,0,1
3429000,1,0,0,1
3429500,1,0,0,1
3430000,1,0,0,1
3430500,1,0,0,1
3431000,1,0,0,1
3431500,1,0,0,1
3432000,1,0,0,1
3432500,1,0,0,1
3433000,1,0,0,1
3433500,1,0,0,1
3434000,1,0,0,1
3434500,1,0,0,1
3435000,1,0,0,1
3435500,1,0,0,1
3436000,1,0,0,1
3436500,1,0,0,1
3437000,1,0,0,1
3437500,1,0,0,1
3438000,1,0,0,1
3438500,1,0,0,1
3439000,1,0,0,1
3439500,1,0,0,1
3440000,1,0,0,1
3440500,1,0,0,1
3441000,1,0,0,1
3441500,1,0,0,1
3442000,1,0,0,1
3442500,1,0,0,1
3443000,1,0,0,1
3443500,1,0,0,1
3444000,1,0,0,1
3444500,1,0,0,1
3445000,1,0,0,1
3445500,1,0,0,1
3446000,1,0,0,1
3446500,1,0,0,1
3447000,1,0,0,1
3447500,1,0,0,1
3448000,1,0,0,1
3448500,1,0,0,1
3449000,1,0,0,1
3449500,1,0,0,1
3450000,1,0,0,1
3450500,1,0,0,1
3451000,1,0,0,1
3451500,1,0,0,1
3452000,1,0,0,1
3452500,1,0,0,1
3453000,1,0,0,1
3453500,1,0,0,1
3454000,1,0,0,1
3454500,1,0,0,1
3455000,1,0,0,1
3455500,1,0,0,1
3456000,1,0,0,1
3456500,1,0,0,1
3457000,1,0,0,1
3457500,1,0,0,1
3458000,1,0,0,1
3458500,1,0,0,1
3459000,1,0,0,1
3459500,1,0,0,1
3460000,1,0,0,1
3460500,1,0,0,1
3461000,1,0,0,1
3461500,1,0,0,1
3462000,1,0,0,1
3462500,1,0,0,1
3463000,1,0,0,1
3463500,1,0,0,1
3464000,1,0,0,1
3464500,1,0,0,1
3465000,1,0,0,1
3465500,1,0,0,1
3466000,1,0,0,1
3466500,1,0,0,1
3467000,1,0,0,1
3467500,1,0,0,1
3468000,1,0,0,1
3468500,1,0,0,1
3469000,1,0,0,1
3469500,1,0,0,1
3470000,1,0,0,1
3470500,1,0,0,1
3471000,1,0,0,1
3471500,1,0,0,1
3472000,1,0,0,1
3472500,1,0,0,1
3473000,1,0,0,1
3473500,1,0,0,1
3474000,1,0,0,1
3474500,1,0,0,1
3475000,1,0,0,1
3475500,1,0,0,1
3476000,1,0,0,1
3476500,1,0,0,1
3477000,1,0,0,1
3477500,1,0,0,1
3478000,1,0,0,1
3478500,1,0,0,1
3479000,1,0,0,1
3479500,1,0,0,1
3480000,1,0,0,1
3480500,1,0,0,1
3481000,1,0,0,1
3481500,1,0,0,1
3482000,1,0,0,1
3482500,1,0,0,1
3483000,1,0,0,1
3483500,1,0,0,1
3484000,1,0,0,1
3484500,1,0,0,1
3485000,1,0,0,1
3485500,1,0,0,1
3486000,1,0,0,1
3486500,1,0,0,1
3487000,1,0,0,1
3487500,1,0,0,1
3488000,1,0,0,1
3488500,1,0,0,1
3489000,1,0,0,1
3489500,1,0,0,1
3490000,1,0,0,1
3490500,1,0,0,1
3491000,1,0,0,1
3491500,1,0,0,1
3492000,1,0,0,1
3492500,1,0,0,1
3493000,1,0,0,1
3493500,1,0,0,1
3494000,1,0,0,1
3494500,1,0,0,1
3495000,1,0,0,1
3495500,1,0,0,1
3496000,1,0,0,1
3496500,1,0,0,1
3497000,1,0,0,1
3497500,1,0,0,1
3498000,1,0,0,1
3498500,1,0,0,1
3499000,1,0,0,1
3499500,1,0,0,1
3500000,1,0,0,1
3500500,1,0,0,1
3501000,1,0,0,1
3501500,1,0,0,1
3502000,1,0,0,1
3502500,1,0,0,1
3503000,1,0,0,1
3503500,1,0,0,1
3504000,1,0,0,1
3504500,1,0,0,1
3505000,1,0,0,1
3505500,1,0,0,1
3506000,1,0,0,1
3506500,1,0,0,1
3507000,1,0,0,1
3507500,1,0,0,1
3508000,1,0,0,1
3508500,1,0,0,1
3509000,1,0,0,1
3509500,1,0,0,1
3510000,1,0,0,1
3510500,1,0,0,1
3511000,1,0,0,1
3511500,1,0,0,1
3512000,1,0,0,1
3512500,1,0,0,1
3513000,1,0,0,1
3513500,1,0,0,1
3514000,1,0,0,1
3514500,1,0,0,1
3515000,1,0,0,1
3515500,1,0,0,1
3516000,1,0,0,1
3516500,1,0,0,1
3517000,1,0,0,1
3517500,1,0,0,1
3518000,1,0,0,1
3518500,1,0,0,1
3519000,1,0,0,1
3519500,1,0,0,1
3520000,1,0,0,1
3520500,1,0,0,1
3521000,1,0,0,1
3521500,1,0,0,1
3522000,1,0,0,1
3522500,1,0,0,1
3523000,1,0,0,1
3523500,1,0,0,1
3524000,1,0,0,1
3524500,1,0,0,1
3525000,1,0,0,1
3525500,1,0,0,1
3526000,1,0,0,1
3526500,1,0,0,1
3527000,1,0,0,1
3527500,1,0,0,1
3528000,1,0,0,1
3528500,1,0,0,1
3529000,1,0,0,1
3529500,1,0,0,1
3530000,1,0,0,1
3530500,1,0,0,1
3531000,1,0,0,1
3531500,1,0,0,1
3532000,1,0,0,1
3532500,1,0,0,1
3533000,1,0,0,1
3533500,1,0,0,1
3534000,1,0,0,1
3534500,1,0,0,1
3535000,1,0,0,1
3535500,1,0,0,1
3536000,1,0,0,1
3536500,1,0,0,1
3537000,1,0,0,1
3537500,1,0,0,1
3538000,1,0,0,1
3538500,1,0,0,1
3539000,1,0,0,1
3539500,1,0,0,1
3540000,1,0,0,1
3540500,1,0,0,1
3541000,1,0,0,1
3541500,1,0,0,1
3542000,1,0,0,1
3542500,1,0,0,1
3543000,1,0,0,1
3543500,1,0,0,1
3544000,1,0,0,1
3544500,1,0,0,1
3545000,1,0,0,1
3545500,1,0,0,1
3546000,1,0,0,1
3546500,1,0,0,1
3547000,1,0,0,1
3547500,1,0,0,1
3548000,1,0,0,1
3548500,1,0,0,1
3549000,1,0,0,1
3549500,1,0,0,1
3550000,1,0,0,1
3550500,1,0,0,1
3551000,1,0,0,1
3551500,1,0,0,1
3552000,1,0,0,1
3552500,1,0,0,1
3553000,1,0,0,1
3553500,1,0,0,1
3554000,1,0,0,1
3554500,1,0,0,1
3555000,1,0,0,1
3555500,1,0,0,1
3556000,1,0,0,1
3556500,1,0,0,1
3557000,1,0,0,1
3557500,1,0,0,1
3558000,1,0,0,1
3558500,1,0,0,1
3559000,1,0,0,1
3559500,1,0,0,1
3560000,1,0,0,1
3560500,1,0,0,1
3561000,1,0,0,1
3561500,1,0,0,1
3562000,1,0,0,1
3562500,1,0,0,1
3563000,1,0,0,1
3563500,1,0,0,1
3564000,1,0,0,1
3564500,1,0,0,1
3565000,1,0,0,1
3565500,1,0,0,1
3566000,1,0,0,1
3566500,1,0,0,1
3567000,1,0,0,1
3567500,1,0,0,1
3568000,1,0,0,1
3568500,1,0,0,1
3569000,1,0,0,1
3569500,1,0,0,1
3570000,1,0,0,1
3570500,1,0,0,1
3571000,1,0,0,1
3571500,1,0,0,1
3572000,1,0,0,1
3572500,1,0,0,1
3573000,1,0,0,1
3573500,1,0,0,1
3574000,1,0,0,1
3574500,1,0,0,1
3575000,1,0,0,1
3575500,1,0,0,1
3576000,1,0,0,1
3576500,1,0,0,1
3577000,1,0,0,1
3577500,1,0,0,1
3578000,1,0,0,1
3578500,1,0,0,1
3579000,1,0,0,1
3579500,1,0,0,1
3580000,1,0,0,1
3580500,1,0,0,1
3581000,1,0,0,1
3581500,1,0,0,1
3582000,1,0,0,1
3582500,1,0,0,1
3583000,1,0,0,1
3583500,1,0,0,1
3584000,1,0,0,1
3584500,1,0,0,1
3585000,1,0,0,1
3585500,1,0,0,1
3586000,1,0,0,1
3586500,1,0,0,1
3587000,1,0,0,1
3587500,1,0,0,1
3588000,1,0,0,1
3588500,1,0,0,1
3589000,1,0,0,1
3589500,1,0,0,1
3590000,1,0,0,1
3590500,1,0,0,1
3591000,1,0,0,1
3591500,1,0,0,1
3592000,1,0,0,1
3592500,1,0,0,1
3593000,1,0,0,1
3593500,1,0,0,1
3594000,1,0,0,1
3594500,1,0,0,1
3595000,1,0,0,1
3595500,1,0,0,1
3596000,1,0,0,1
3596500,1,0,0,1
3597000,1,0,0,1
3597500,1,0,0,1
3598000,1,0,0,1
3598500,1,0,0,1
3599000,1,0,0,1
3599500,1,0,0,1
3600000,1,0,0,1
3600500,1,0,0,1
3601000,1,0,0,1
3601500,1,0,0,1
3602000,1,0,0,1
3602500,1,0,0,1
3603000,1,0,0,1
3603500,1,0,0,1
3604000,1,0,0,1
3604500,1,0,0,1
3605000,1,0,0,1
3605500,1,0,0,1
3606000,1,0,0,1
3606500,1,0,0,1
3607000,1,0,0,1
3607500,1,0,0,1
3608000,1,0,0,1
3608500,1,0,0,1
3609000,1,0,0,1
3609500,1,0,0,1
3610000,1,0,0,1
3610500,1,0,0,1
3611000,1,0,0,1
3611500,1,0,0,1
3612000,1,0,0,1
3612500,1,0,0,1
3613000,1,0,0,1
3613500,1,0,0,1
3614000,1,0,0,1
3614500,1,0,0,1
3615000,1,0,0,1
3615500,1,0,0,1
3616000,1,0,0,1
3616500,1,0,0,1
3617000,1,0,0,1
3617500,1,0,0,1
3618000,1,0,0,1
3618500,1,0,0,1
3619000,1,0,0,1
3619500,1,0,0,1
3620000,1,0,0,1
3620500,1,0,0,1
3621000,1,0,0,1
3621500,1,0,0,1
3622000,1,0,0,1
3622500,1,0,0,1
3623000,1,0,0,1
3623500,1,0,0,1
3624000,1,0,0,1
3624500,1,0,0,1
3625000,1,0,0,1
3625500,1,0,0,1
3626000,1,0,0,1
3626500,1,0,0,1
3627000,1,0,0,1
3627500,1,0,0,1
3628000,1,0,0,1
3628500,1,0,0,1
3629000,1,0,0,1
3629500,1,0,0,1
3630000,1,0,0,1
3630500,1,0,0,1
3631000,1,0,0,1
3631500,1,0,0,1
3632000,1,0,0,1
3632500,1,0,0,1
3633000,1,0,0,1
3633500,1,0,0,1
3634000,1,0,0,1
3634500,1,0,0,1
3635000,1,0,0,1
3635500,1,0,0,1
3636000,1,0,0,1
3636500,1,0,0,1
3637000,1,0,0,1
3637500,1,0,0,1
3638000,1,0,0,1
3638500,1,0,0,1
3639000,1,0,0,1
3639500,1,0,0,1
3640000,1,0,0,1
3640500,1,0,0,1
3641000,1,0,0,1
3641500,1,0,0,1
3642000,1,0,0,1
3642500,1,0,0,1
3643000,1,0,0,1
3643500,1,0,0,1
3644000,1,0,0,1
3644500,1,0,0,1
3645000,1,0,0,1
3645500,1,0,0,1
3646000,1,0,0,1
3646500,1,0,0,1
3647000,1,0,0,1
3647500,1,0,0,1
3648000,1,0,0,1
3648500,1,0,0,1
3649000,1,0,0,1
3649500,1,0,0,1
3650000,1,0,0,1
3650500,1,0,0,1
3651000,1,0,0,1
3651500,1,0,0,1
3652000,1,0,0,1
3652500,1,0,0,1
3653000,1,0,0,1
3653500,1,0,0,1
3654000,1,0,0,1
3654500,1,0,0,1
3655000,1,0,0,1
3655500,1,0,0,1
3656000,1,0,0,1
3656500,1,0,0,1
3657000,1,0,0,1
3657500,1,0,0,1
3658000,1,0,0,1
3658500,1,0,0,1
3659000,1,0,0,1
3659500,1,0,0,1
3660000,1,0,0,1
3660500,1,0,0,1
3661000,1,0,0,1
3661500,1,0,0,1
3662000,1,0,0,1
3662500,1,0,0,1
3663000,1,0,0,1
3663500,1,0,0,1
3664000,1,0,0,1
3664500,1,0,0,1
3665000,1,0,0,1
3665500,1,0,0,1
3666000,1,0,0,1
3666500,1,0,0,1
3667000,1,0,0,1
3667500,1,0,0,1
3668000,1,0,0,1
3668500,1,0,0,1
3669000,1,0,0,1
3669500,1,0,0,1
3670000,1,0,0,1
3670500,1,0,0,1
3671000,1,0,0,1
3671500,1,0,0,1
3672000,1,0,0,1
3672500,1,0,0,1
3673000,1,0,0,1
3673500,1,0,0,1
3674000,1,0,0,1
3674500,1,0,0,1
3675000,1,0,0,1
3675500,1,0,0,1
3676000,1,0,0,1
3676500,1,0,0,1
3677000,1,0,0,1
3677500,1,0,0,1
3678000,1,0,0,1
3678500,1,0,0,1
3679000,1,0,0,1
3679500,1,0,0,1
3680000,1,0,0,1
3680500,1,0,0,1
3681000,1,0,0,1
3681500,1,0,0,1
3682000,1,0,0,1
3682500,1,0,0,1
3683000,1,0,0,1
3683500,1,0,0,1
3684000,1,0,0,1
3684500,1,0,0,1
3685000,1,0,0,1
3685500,1,0,0,1
3686000,1,0,0,1
3686500,1,0,0,1
3687000,1,0,0,1
3687500,1,0,0,1
3688000,1,0,0,1
3688500,1,0,0,1
3689000,1,0,0,1
3689500,1,0,0,1
3690000,1,0,0,1
3690500,1,0,0,1
3691000,1,0,0,1
3691500,1,0,0,1
3692000,1,0,0,1
3692500,1,0,0,1
3693000,1,0,0,1
3693500,1,0,0,1
3694000,1,0,0,1
3694500,1,0,0,1
3695000,1,0,0,1
3695500,1,0,0,1
3696000,1,0,0,1
3696500,1,0,0,1
3697000,1,0,0,1
3697500,1,0,0,1
3698000,1,0,0,1
3698500,1,0,0,1
3699000,1,0,0,1
3699500,1,0,0,1
3700000,1,0,0,1
3700500,1,0,0,1
3701000,1,0,0,1
3701500,1,0,0,1
3702000,1,0,0,1
3702500,1,0,0,1
3703000,1,0,0,1
3703500,1,0,0,1
3704000,1,0,0,1
3704500,1,0,0,1
3705000,1,0,0,1
3705500,1,0,0,1
3706000,1,0,0,1
3706500,1,0,0,1
3707000,1,0,0,1
3707500,1,0,0,1
3708000,1,0,0,1
3708500,1,0,0,1
3709000,1,0,0,1
3709500,1,0,0,1
3710000,1,0,0,1
3710500,1,0,0,1
3711000,1,0,0,1
3711500,1,0,0,1
3712000,1,0,0,1
3712500,1,0,0,1
3713000,1,0,0,1
3713500,1,0,0,1
3714000,1,0,0,1
3714500,1,0,0,1
3715000,1,0,0,1
3715500,1,0,0,1
3716000,1,0,0,1
3716500,1,0,0,1
3717000,1,0,0,1
3717500,1,0,0,1
3718000,1,0,0,1
3718500,1,0,0,1
3719000,1,0,0,1
3719500,1,0,0,1
3720000,1,0,0,1
3720500,1,0,0,1
3721000,1,0,0,1
3721500,1,0,0,1
3722000,1,0,0,1
3722500,1,0,0,1
3723000,1,0,0,1
3723500,1,0,0,1
3724000,1,0,0,1
3724500,1,0,0,1
3725000,1,0,0,1
3725500,1,0,0,1
3726000,1,0,0,1
3726500,1,0,0,1
3727000,1,0,0,1
3727500,1,0,0,1
3728000,1,0,0,1
3728500,1,0,0,1
3729000,1,0,0,1
3729500,1,0,0,1
3730000,1,0,0,1
3730500,1,0,0,1
3731000,1,0,0,1
3731500,1,0,0,1
3732000,1,0,0,1
3732500,1,0,0,1
3733000,1,0,0,1
3733500,1,0,0,1
3734000,1,0,0,1
3734500,1,0,0,1
3735000,1,0,0,1
3735500,1,0,0,1
3736000,1,0,0,1
3736500,1,0,0,1
3737000,1,0,0,1
3737500,1,0,0,1
3738000,1,0,0,1
3738500,1,0,0,1
3739000,1,0,0,1
3739500,1,0,0,1
3740000,1,0,0,1
3740500,1,0,0,1
3741000,1,0,0,1
3741500,1,0,0,1
3742000,1,0,0,1
3742500,1,0,0,1
3743000,1,0,0,1
3743500,1,0,0,1
3744000,1,0,0,1
3744500,1,0,0,1
3745000,1,0,0,1
3745500,1,0,0,1
3746000,1,0,0,1
3746500,1,0,0,1
3747000,1,0,0,1
3747500,1,0,0,1
3748000,1,0,0,1
3748500,1,0,0,1
3749000,1,0,0,1
3749500,1,0,0,1
3750000,1,0,0,1
3750500,1,0,0,1
3751000,1,0,0,1
3751500,1,0,0,1
3752000,1,0,0,1
3752500,1,0,0,1
3753000,1,0,0,1
3753500,1,0,0,1
3754000,1,0,0,1
3754500,1,0,0,1
3755000,1,0,0,1
3755500,1,0,0,1
3756000,1,0,0,1
3756500,1,0,0,1
3757000,1,0,0,1
3757500,1,0,0,1
3758000,1,0,0,1
3758500,1,0,0,1
3759000,1,0,0,1
3759500,1,0,0,1
3760000,1,0,0,1
3760500,1,0,0,1
3761000,1,0,0,1
3761500,1,0,0,1
3762000,1,0,0,1
3762500,1,0,0,1
3763000,1,0,0,1
3763500,1,0,0,1
3764000,1,0,0,1
3764500,1,0,0,1
3765000,1,0,0,1
3765500,1,0,0,1
3766000,1,0,0,1
3766500,1,0,0,1
3767000,1,0,0,1
3767500,1,0,0,1
3768000,1,0,0,1
3768500,1,0,0,1
3769000,1,0,0,1
3769500,1,0,0,1
3770000,1,0,0,1
3770500,1,0,0,1
3771000,1,0,0,1
3771500,1,0,0,1
3772000,1,0,0,1
3772500,1,0,0,1
3773000,1,0,0,1
3773500,1,0,0,1
3774000,1,0,0,1
3774500,1,0,0,1
3775000,1,0,0,1
3775500,1,0,0,1
3776000,1,0,0,1
3776500,1,0,0,1
3777000,1,0,0,1
3777500,1,0,0,1
3778000,1,0,0,1
3778500,1,0,0,1
3779000,1,0,0,1
3779500,1,0,0,1
3780000,1,0,0,1
3780500,1,0,0,1
3781000,1,0,0,1
3781500,1,0,0,1
3782000,1,0,0,1
3782500,1,0,0,1
3783000,1,0,0,1
3783500,1,0,0,1
3784000,1,0,0,1
3784500,1,0,0,1
3785000,1,0,0,1
3785500,1,0,0,1
3786000,1,0,0,1
3786500,1,0,0,1
3787000,1,0,0,1
3787500,1,0,0,1
3788000,1,0,0,1
3788500,1,0,0,1
3789000,1,0,0,1
3789500,1,0,0,1
3790000,1,0,0,1
3790500,1,0,0,1
3791000,1,0,0,1
3791500,1,0,0,1
3792000,1,0,0,1
3792500,1,0,0,1
3793000,1,0,0,1
3793500,1,0,0,1
3794000,1,0,0,1
3794500,1,0,0,1
3795000,1,0,0,1
3795500,1,0,0,1
3796000,1,0,0,1
3796500,1,0,0,1
3797000,1,0,0,1
3797500,1,0,0,1
3798000,1,0,0,1
3798500,1,0,0,1
3799000,1,0,0,1
3799500,1,0,0,1
3800000,1,0,0,1
3800500,1,0,0,1
3801000,1,0,0,1
3801500,1,0,0,1
3802000,1,0,0,1
3802500,1,0,0,1
3803000,1,0,0,1
3803500,1,0,0,1
3804000,1,0,0,1
3804500,1,0,0,1
3805000,1,0,0,1
3805500,1,0,0,1
3806000,1,0,0,1
3806500,1,0,0,1
3807000,1,0,0,1
3807500,1,0,0,1
3808000,1,0,0,1
3808500,1,0,0,1
3809000,1,0,0,1
3809500,1,0,0,1
3810000,1,0,0,1
3810500,1,0,0,1
3811000,1,0,0,1
3811500,1,0,0,1
3812000,1,0,0,1
3812500,1,0,0,1
3813000,1,0,0,1
3813500,1,0,0,1
3814000,1,0,0,1
3814500,1,0,0,1
3815000,1,0,0,1
3815500,1,0,0,1
3816000,1,0,0,1
3816500,1,0,0,1
3817000,1,0,0,1
3817500,1,0,0,1
3818000,1,0,0,1
3818500,1,0,0,1
3819000,1,0,0,1
3819500,1,0,0,1
3820000,1,0,0,1
3820500,1,0,0,1
3821000,1,0,0,1
3821500,1,0,0,1
3822000,1,0,0,1
3822500,1,0,0,1
3823000,1,0,0,1
3823500,1,0,0,1
3824000,1,0,0,1
3824500,1,0,0,1
3825000,1,0,0,1
3825500,1,0,0,1
3826000,1,0,0,1
3826500,1,0,0,1
3827000,1,0,0,1
3827500,1,0,0,1
3828000,1,0,0,1
3828500,1,0,0,1
3829000,1,0,0,1
3829500,1,0,0,1
3830000,1,0,0,1
3830500,1,0,0,1
3831000,1,0,0,1
3831500,1,0,0,1
3832000,1,0,0,1
3832500,1,0,0,1
3833000,1,0,0,1
3833500,1,0,0,1
3834000,1,0,0,1
3834500,1,0,0,1
3835000,1,0,0,1
3835500,1,0,0,1
3836000,1,0,0,1
3836500,1,0,0,1
3837000,1,0,0,1
3837500,1,0,0,1
3838000,1,0,0,1
3838500,1,0,0,1
3839000,1,0,0,1
3839500,1,0,0,1
3840000,1,0,0,1
3840500,1,0,0,1
3841000,1,0,0,1
3841500,1,0,0,1
3842000,1,0,0,1
3842500,1,0,0,1
3843000,1,0,0,1
3843500,1,0,0,1
3844000,1,0,0,1
3844500,1,0,0,1
3845000,1,0,0,1
3845500,1,0,0,1
3846000,1,0,0,1
3846500,1,0,0,1
3847000,1,0,0,1
3847500,1,0,0,1
3848000,1,0,0,1
3848500,1,0,0,1
3849000,1,0,0,1
3849500,1,0,0,1
3850000,1,0,0,1
3850500,1,0,0,1
3851000,1,0,0,1
3851500,1,0,0,1
3852000,1,0,0,1
3852500,1,0,0,1
3853000,1,0,0,1
3853500,1,0,0,1
3854000,1,0,0,1
3854500,1,0,0,1
3855000,1,0,0,1
3855500,1,0,0,1
3856000,1,0,0,1
3856500,1,0,0,1
3857000,1,0,0,1
3857500,1,0,0,1
3858000,1,0,0,1
3858500,1,0,0,1
3859000,1,0,0,1
3859500,1,0,0,1
3860000,1,0,0,1
3860500,1,0,0,1
3861000,1,0,0,1
3861500,1,0,0,1
3862000,1,0,0,1
3862500,1,0,0,1
3863000,1,0,0,1
3863500,1,0,0,1
3864000,1,0,0,1
3864500,1,0,0,1
3865000,1,0,0,1
3865500,1,0,0,1
3866000,1,0,0,1
3866500,1,0,0,1
3867000,1,0,0,1
3867500,1,0,0,1
3868000,1,0,0,1
3868500,1,0,0,1
3869000,1,0,0,1
3869500,1,0,0,1
3870000,1,0,0,1
3870500,1,0,0,1
3871000,1,0,0,1
3871500,1,0,0,1
3872000,1,0,0,1
3872500,1,0,0,1
3873000,1,0,0,1
3873500,1,0,0,1
3874000,1,0,0,1
3874500,1,0,0,1
3875000,1,0,0,1
3875500,1,0,0,1
3876000,1,0,0,1
3876500,1,0,0,1
3877000,1,0,0,1
3877500,1,0,0,1
3878000,1,0,0,1
3878500,1,0,0,1
3879000,1,0,0,1
3879500,1,0,0,1
3880000,1,0,0,1
3880500,1,0,0,1
3881000,1,0,0,1
3881500,1,0,0,1
3882000,1,0,0,1
3882500,1,0,0,1
3883000,1,0,0,1
3883500,1,0,0,1
3884000,1,0,0,1
3884500,1,0,0,1
3885000,1,0,0,1
3885500,1,0,0,1
3886000,1,0,0,1
3886500,1,0,0,1
3887000,1,0,0,1
3887500,1,0,0,1
3888000,1,0,0,1
3888500,1,0,0,1
3889000,1,0,0,1
3889500,1,0,0,1
3890000,1,0,0,1
3890500,1,0,0,1
3891000,1,0,0,1
3891500,1,0,0,1
3892000,1,0,0,1
3892500,1,0,0,1
3893000,1,0,0,1
3893500,1,0,0,1
3894000,1,0,0,1
3894500,1,0,0,1
3895000,1,0,0,1
3895500,1,0,0,1
3896000,1,0,0,1
3896500,1,0,0,1
3897000,1,0,0,1
3897500,1,0,0,1
3898000,1,0,0,1
3898500,1,0,0,1
3899000,1,0,0,1
3899500,1,0,0,1
3900000,1,0,0,1
3900500,1,0,0,1
3901000,1,0,0,1
3901500,1,0,0,1
3902000,1,0,0,1
3902500,1,0,0,1
3903000,1,0,0,1
3903500,1,0,0,1
3904000,1,0,0,1
3904500,1,0,0,1
3905000,1,0,0,1
3905500,1,0,0,1
3906000,1,0,0,1
3906500,1,0,0,1
3907000,1,0,0,1
3907500,1,0,0,1
3908000,1,0,0,1
3908500,1,0,0,1
3909000,1,0,0,1
3909500,1,0,0,1
3910000,1,0,0,1
3910500,1,0,0,1
3911000,1,0,0,1
3911500,1,0,0,1
3912000,1,0,0,1
3912500,1,0,0,1
3913000,1,0,0,1
3913500,1,0,0,1
3914000,1,0,0,1
3914500,1,0,0,1
3915000,1,0,0,1
3915500,1,0,0,1
3916000,1,0,0,1
3916500,1,0,0,1
3917000,1,0,0,1
3917500,1,0,0,1
3918000,1,0,0,1
3918500,1,0,0,1
3919000,1,0,0,1
3919500,1,0,0,1
3920000,1,0,0,1
3920500,1,0,0,1
3921000,1,0,0,1
3921500,1,0,0,1
3922000,1,0,0,1
3922500,1,0,0,1
3923000,1,0,0,1
3923500,1,0,0,1
3924000,1,0,0,1
3924500,1,0,0,1
3925000,1,0,0,1
3925500,1,0,0,1
3926000,1,0,0,1
3926500,1,0,0,1
3927000,1,0,0,1
3927500,1,0,0,1
3928000,1,0,0,1
3928500,1,0,0,1
3929000,1,0,0,1
3929500,1,0,0,1
3930000,1,0,0,1
3930500,1,0,0,1
3931000,1,0,0,1
3931500,1,0,0,1
3932000,1,0,0,1
3932500,1,0,0,1
3933000,1,0,0,1
3933500,1,0,0,1
3934000,1,0,0,1
3934500,1,0,0,1
3935000,1,0,0,1
3935500,1,0,0,1
3936000,1,0,0,1
3936500,1,0,0,1
3937000,1,0,0,1
3937500,1,0,0,1
3938000,1,0,0,1
3938500,1,0,0,1
3939000,1,0,0,1
3939500,1,0,0,1
3940000,1,0,0,1
3940500,1,0,0,1
3941000,1,0,0,1
3941500,1,0,0,1
3942000,1,0,0,1
3942500,1,0,0,1
3943000,1,0,0,1
3943500,1,0,0,1
3944000,1,0,0,1
3944500,1,0,0,1
3945000,1,0,0,1
3945500,1,0,0,1
3946000,1,0,0,1
3946500,1,0,0,1
3947000,1,0,0,1
3947500,1,0,0,1
3948000,1,0,0,1
3948500,1,0,0,1
3949000,1,0,0,1
3949500,1,0,0,1
3950000,1,0,0,1
3950500,1,0,0,1
3951000,1,0,0,1
3951500,1,0,0,1
3952000,1,0,0,1
3952500,1,0,0,1
3953000,1,0,0,1
3953500,1,0,0,1
3954000,1,0,0,1
3954500,1,0,0,1
3955000,1,0,0,1
3955500,1,0,0,1
3956000,1,0,0,1
3956500,1,0,0,1
3957000,1,0,0,1
3957500,1,0,0,1
3958000,1,0,0,1
3958500,1,0,0,1
3959000,1,0,0,1
3959500,1,0,0,1
3960000,1,0,0,1
3960500,1,0,0,1
3961000,1,0,0,1
3961500,1,0,0,1
3962000,1,0,0,1
3962500,1,0,0,1
3963000,1,0,0,1
3963500,1,0,0,1
3964000,1,0,0,1
3964500,1,0,0,1
3965000,1,0,0,1
3965500,1,0,0,1
3966000,1,0,0,1
3966500,1,0,0,1
3967000,1,0,0,1
3967500,1,0,0,1
3968000,1,0,0,1
3968500,1,0,0,1
3969000,1,0,0,1
3969500,1,0,0,1
3970000,1,0,0,1
3970500,1,0,0,1
3971000,1,0,0,1
3971500,1,0,0,1
3972000,1,0,0,1
3972500,1,0,0,1
3973000,1,0,0,1
3973500,1,0,0,1
3974000,1,0,0,1
3974500,1,0,0,1
3975000,1,0,0,1
3975500,1,0,0,1
3976000,1,0,0,1
3976500,1,0,0,1
3977000,1,0,0,1
3977500,1,0,0,1
3978000,1,0,0,1
3978500,1,0,0,1
3979000,1,0,0,1
3979500,1,0,0,1
3980000,1,0,0,1
3980500,1,0,0,1
3981000,1,0,0,1
3981500,1,0,0,1
3982000,1,0,0,1
3982500,1,0,0,1
3983000,1,0,0,1
3983500,1,0,0,1
3984000,1,0,0,1
3984500,1,0,0,1
3985000,1,0,0,1
3985500,1,0,0,1
3986000,1,0,0,1
3986500,1,0,0,1
3987000,1,0,0,1
3987500,1,0,0,1
3988000,1,0,0,1
3988500,1,0,0,1
3989000,1,0,0,1
3989500,1,0,0,1
3990000,1,0,0,1
3990500,1,0,0,1
3991000,1,0,0,1
3991500,1,0,0,1
3992000,1,0,0,1
3992500,1,0,0,1
3993000,1,0,0,1
3993500,1,0,0,1
3994000,1,0,0,1
3994500,1,0,0,1
3995000,1,0,0,1
3995500,1,0,0,1
3996000,1,0,0,1
3996500,1,0,0,1
3997000,1,0,0,1
3997500,1,0,0,1
3998000,1,0,0,1
3998500,1,0,0,1
3999000,1,0,0,1
3999500,1,0,0,1
4000000,1,0,0,1
4000500,1,0,0,1
4001000,1,0,0,1
4001500,1,0,0,1
4002000,1,0,0,1
4002500,1,0,0,1
4003000,1,0,0,1
4003500,1,0,0,1
4004000,1,0,0,1
4004500,1,0,0,1
4005000,1,0,0,1
4005500,1,0,0,1
4006000,1,0,0,1
4006500,1,0,0,1
4007000,1,0,0,1
4007500,1,0,0,1
4008000,1,0,0,1
4008500,1,0,0,1
4009000,1,0,0,1
4009500,1,0,0,1
4010000,1,0,0,1
4010500,1,0,0,1
4011000,1,0,0,1
4011500,1,0,0,1
4012000,1,0,0,1
4012500,1,0,0,1
4013000,1,0,0,1
4013500,1,0,0,1
4014000,1,0,0,1
4014500,1,0,0,1
4015000,1,0,0,1
4015500,1,0,0,1
4016000,1,0,0,1
4016500,1,0,0,1
4017000,1,0,0,1
4017500,1,0,0,1
4018000,1,0,0,1
4018500,1,0,0,1
4019000,1,0,0,1
4019500,1,0,0,1
4020000,1,0,0,1
4020500,1,0,0,1
4021000,1,0,0,1
4021500,1,0,0,1
4022000,1,0,0,1
4022500,1,0,0,1
4023000,1,0,0,1
4023500,1,0,0,1
4024000,1,0,0,1
4024500,1,0,0,1
4025000,1,0,0,1
4025500,1,0,0,1
4026000,1,0,0,1
4026500,1,0,0,1
4027000,1,0,0,1
4027500,1,0,0,1
4028000,1,0,0,1
4028500,1,0,0,1
4029000,1,0,0,1
4029500,1,0,0,1
4030000,1,0,0,1
4030500,1,0,0,1
4031000,1,0,0,1
4031500,1,0,0,1
4032000,1,0,0,1
4032500,1,0,0,1
4033000,1,0,0,1
4033500,1,0,0,1
4034000,1,0,0,1
4034500,1,0,0,1
4035000,1,0,0,1
4035500,1,0,0,1
4036000,1,0,0,1
4036500,1,0,0,1
4037000,1,0,0,1
4037500,1,0,0,1
4038000,1,0,0,1
4038500,1,0,0,1
4039000,1,0,0,1
4039500,1,0,0,1
4040000,1,0,0,1
4040500,1,0,0,1
4041000,1,0,0,1
4041500,1,0,0,1
4042000,1,0,0,1
4042500,1,0,0,1
4043000,1,0,0,1
4043500,1,0,0,1
4044000,1,0,0,1
4044500,1,0,0,1
4045000,1,0,0,1
4045500,1,0,0,1
4046000,1,0,0,1
4046500,1,0,0,1
4047000,1,0,0,1
4047500,1,0,0,1
4048000,1,0,0,1
4048500,1,0,0,1
4049000,1,0,0,1
4049500,1,0,0,1
4050000,1,0,0,1
4050500,1,0,0,1
4051000,1,0,0,1
4051500,1,0,0,1
4052000,1,0,0,1
4052500,1,0,0,1
4053000,1,0,0,1
4053500,1,0,0,1
4054000,1,0,0,1
4054500,1,0,0,1
4055000,1,0,0,1
4055500,1,0,0,1
4056000,1,0,0,1
4056500,1,0,0,1
4057000,1,0,0,1
4057500,1,0,0,1
4058000,1,0,0,1
4058500,1,0,0,1
4059000,1,0,0,1
4059500,1,0,0,1
4060000,1,0,0,1
4060500,1,0,0,1
4061000,1,0,0,1
4061500,1,0,0,1
4062000,1,0,0,1
4062500,1,0,0,1
4063000,1,0,0,1
4063500,1,0,0,1
4064000,1,0,0,1
4064500,1,0,0,1
4065000,1,0,0,1
4065500,1,0,0,1
4066000,1,0,0,1
4066500,1,0,0,1
4067000,1,0,0,1
4067500,1,0,0,1
4068000,1,0,0,1
4068500,1,0,0,1
4069000,1,0,0,1
4069500,1,0,0,1
4070000,1,0,0,1
4070500,1,0,0,1
4071000,1,0,0,1
4071500,1,0,0,1
4072000,1,0,0,1
4072500,1,0,0,1
4073000,1,0,0,1
4073500,1,0,0,1
4074000,1,0,0,1
4074500,1,0,0,1
4075000,1,0,0,1
4075500,1,0,0,1
4076000,1,0,0,1
4076500,1,0,0,1
4077000,1,0,0,1
4077500,1,0,0,1
4078000,1,0,0,1
4078500,1,0,0,1
4079000,1,0,0,1
4079500,1,0,0,1
4080000,1,0,0,1
4080500,1,0,0,1
4081000,1,0,0,1
4081500,1,0,0,1
4082000,1,0,0,1
4082500,1,0,0,1
4083000,1,0,0,1
4083500,1,0,0,1
4084000,1,0,0,1
4084500,1,0,0,1
4085000,1,0,0,1
4085500,1,0,0,1
4086000,1,0,0,1
4086500,1,0,0,1
4087000,1,0,0,1
4087500,1,0,0,1
4088000,1,0,0,1
4088500,1,0,0,1
4089000,1,0,0,1
4089500,1,0,0,1
4090000,1,0,0,1
4090500,1,0,0,1
4091000,1,0,0,1
4091500,1,0,0,1
4092000,1,0,0,1
4092500,1,0,0,1
4093000,1,0,0,1
4093500,1,0,0,1
4094000,1,0,0,1
4094500,1,0,0,1
4095000,1,0,0,1
4095500,1,0,0,1
4096000,1,0,0,1
4096500,1,0,0,1
4097000,1,0,0,1
4097500,1,0,0,1
4098000,1,0,0,1
4098500,1,0,0,1
4099000,1,0,0,1
4099500,1,0,0,1
4100000,1,0,0,1
4100500,1,0,0,1
4101000,1,0,0,1
4101500,1,0,0,1
4102000,1,0,0,1
4102500,1,0,0,1
4103000,1,0,0,1
4103500,1,0,0,1
4104000,1,0,0,1
4104500,1,0,0,1
4105000,1,0,0,1
4105500,1,0,0,1
4106000,1,0,0,1
4106500,1,0,0,1
4107000,1,0,0,1
4107500,1,0,0,1
4108000,1,0,0,1
4108500,1,0,0,1
4109000,1,0,0,1
4109500,1,0,0,1
4110000,1,0,0,1
4110500,1,0,0,1
4111000,1,0,0,1
4111500,1,0,0,1
4112000,1,0,0,1
4112500,1,0,0,1
4113000,1,0,0,1
4113500,1,0,0,1
4114000,1,0,0,1
4114500,1,0,0,1
4115000,1,0,0,1
4115500,1,0,0,1
4116000,1,0,0,1
4116500,1,0,0,1
4117000,1,0,0,1
4117500,1,0,0,1
4118000,1,0,0,1
4118500,1,0,0,1
4119000,1,0,0,1
4119500,1,0,0,1
4120000,1,0,0,1
4120500,1,0,0,1
4121000,1,0,0,1
4121500,1,0,0,1
4122000,1,0,0,1
4122500,1,0,0,1
4123000,1,0,0,1
4123500,1,0,0,1
4124000,1,0,0,1
4124500,1,0,0,1
4125000,1,0,0,1
4125500,1,0,0,1
4126000,1,0,0,1
4126500,1,0,0,1
4127000,1,0,0,1
4127500,1,0,0,1
4128000,1,0,0,1
4128500,1,0,0,1
4129000,1,0,0,1
4129500,1,0,0,1
4130000,1,0,0,1
4130500,1,0,0,1
4131000,1,0,0,1
4131500,1,0,0,1
4132000,1,0,0,1
4132500,1,0,0,1
4133000,1,0,0,1
4133500,1,0,0,1
4134000,1,0,0,1
4134500,1,0,0,1
4135000,1,0,0,1
4135500,1,0,0,1
4136000,1,0,0,1
4136500,1,0,0,1
4137000,1,0,0,1
4137500,1,0,0,1
4138000,1,0,0,1
4138500,1,0,0,1
4139000,1,0,0,1
4139500,1,0,0,1
4140000,1,0,0,1
4140500,1,0,0,1
4141000,1,0,0,1
4141500,1,0,0,1
4142000,1,0,0,1
4142500,1,0,0,1
4143000,1,0,0,1
4143500,1,0,0,1
4144000,1,0,0,1
4144500,1,0,0,1
4145000,1,0,0,1
4145500,1,0,0,1
4146000,1,0,0,1
4146500,1,0,0,1
4147000,1,0,0,1
4147500,1,0,0,1
4148000,1,0,0,1
4148500,1,0,0,1
4149000,1,0,0,1
4149500,1,0,0,1
4150000,1,0,0,1
4150500,1,0,0,1
4151000,1,0,0,1
4151500,1,0,0,1
4152000,1,0,0,1
4152500,1,0,0,1
4153000,1,0,0,1
4153500,1,0,0,1
4154000,1,0,0,1
4154500,1,0,0,1
4155000,1,0,0,1
4155500,1,0,0,1
4156000,1,0,0,1
4156500,1,0,0,1
4157000,1,0,0,1
4157500,1,0,0,1
4158000,1,0,0,1
4158500,1,0,0,1
4159000,1,0,0,1
4159500,1,0,0,1
4160000,1,0,0,1
4160500,1,0,0,1
4161000,1,0,0,1
4161500,1,0,0,1
4162000,1,0,0,1
4162500,1,0,0,1
4163000,1,0,0,1
4163500,1,0,0,1
4164000,1,0,0,1
4164500,1,0,0,1
4165000,1,0,0,1
4165500,1,0,0,1
4166000,1,0,0,1
4166500,1,0,0,1
4167000,1,0,0,1
4167500,1,0,0,1
4168000,1,0,0,1
4168500,1,0,0,1
4169000,1,0,0,1
4169500,1,0,0,1
4170000,1,0,0,1
4170500,1,0,0,1
4171000,1,0,0,1
4171500,1,0,0,1
4172000,1,0,0,1
4172500,1,0,0,1
4173000,1,0,0,1
4173500,1,0,0,1
4174000,1,0,0,1
4174500,1,0,0,1
4175000,1,0,0,1
4175500,1,0,0,1
4176000,1,0,0,1
4176500,1,0,0,1
4177000,1,0,0,1
4177500,1,0,0,1
4178000,1,0,0,1
4178500,1,0,0,1
4179000,1,0,0,1
4179500,1,0,0,1
4180000,1,0,0,1
4180500,1,0,0,1
4181000,1,0,0,1
4181500,1,0,0,1
4182000,1,0,0,1
4182500,1,0,0,1
4183000,1,0,0,1
4183500,1,0,0,1
4184000,1,0,0,1
4184500,1,0,0,1
4185000,1,0,0,1
4185500,1,0,0,1
4186000,1,0,0,1
4186500,1,0,0,1
4187000,1,0,0,1
4187500,1,0,0,1
4188000,1,0,0,1
4188500,1,0,0,1
4189000,1,0,0,1
4189500,1,0,0,1
4190000,1,0,0,1
4190500,1,0,0,1
4191000,1,0,0,1
4191500,1,0,0,1
4192000,1,0,0,1
4192500,1,0,0,1
4193000,1,0,0,1
4193500,1,0,0,1
4194000,1,0,0,1
4194500,1,0,0,1
4195000,1,0,0,1
4195500,1,0,0,1
4196000,1,0,0,1
4196500,1,0,0,1
4197000,1,0,0,1
4197500,1,0,0,1
4198000,1,0,0,1
4198500,1,0,0,1
4199000,1,0,0,1
4199500,1,0,0,1
4200000,1,0,0,1
4200500,1,0,0,1
4201000,1,0,0,1
4201500,1,0,0,1
4202000,1,0,0,1
4202500,1,0,0,1
4203000,1,0,0,1
4203500,1,0,0,1
4204000,1,0,0,1
4204500,1,0,0,1
4205000,1,0,0,1
4205500,1,0,0,1
4206000,1,0,0,1
4206500,1,0,0,1
4207000,1,0,0,1
4207500,1,0,0,1
4208000,1,0,0,1
4208500,1,0,0,1
4209000,1,0,0,1
4209500,1,0,0,1
4210000,1,0,0,1
4210500,1,0,0,1
4211000,1,0,0,1
4211500,1,0,0,1
4212000,1,0,0,1
4212500,1,0,0,1
4213000,1,0,0,1
4213500,1,0,0,1
4214000,1,0,0,1
4214500,1,0,0,1
4215000,1,0,0,1
4215500,1,0,0,1
4216000,1,0,0,1
4216500,1,0,0,1
4217000,1,0,0,1
4217500,1,0,0,1
4218000,1,0,0,1
4218500,1,0,0,1
4219000,1,0,0,1
4219500,1,0,0,1
4220000,1,0,0,1
4220500,1,0,0,1
4221000,1,0,0,1
4221500,1,0,0,1
4222000,1,0,0,1
4222500,1,0,0,1
4223000,1,0,0,1
4223500,1,0,0,1
4224000,1,0,0,1
4224500,1,0,0,1
4225000,1,0,0,1
4225500,1,0,0,1
4226000,1,0,0,1
4226500,1,0,0,1
4227000,1,0,0,1
4227500,1,0,0,1
4228000,1,0,0,1
4228500,1,0,0,1
4229000,1,0,0,1
4229500,1,0,0,1
4230000,1,0,0,1
4230500,1,0,0,1
4231000,1,0,0,1
4231500,1,0,0,1
4232000,1,0,0,1
4232500,1,0,0,1
4233000,1,0,0,1
4233500,1,0,0,1
4234000,1,0,0,1
4234500,1,0,0,1
4235000,1,0,0,1
4235500,1,0,0,1
4236000,1,0,0,1
4236500,1,0,0,1
4237000,1,0,0,1
4237500,1,0,0,1
4238000,1,0,0,1
4238500,1,0,0,1
4239000,1,0,0,1
4239500,1,0,0,1
4240000,1,0,0,1
4240500,1,0,0,1
4241000,1,0,0,1
4241500,1,0,0,1
4242000,1,0,0,1
4242500,1,0,0,1
4243000,1,0,0,1
4243500,1,0,0,1
4244000,1,0,0,1
4244500,1,0,0,1
4245000,1,0,0,1
4245500,1,0,0,1
4246000,1,0,0,1
4246500,1,0,0,1
4247000,1,0,0,1
4247500,1,0,0,1
4248000,1,0,0,1
4248500,1,0,0,1
4249000,1,0,0,1
4249500,1,0,0,1
4250000,1,0,0,1
4250500,1,0,0,1
4251000,1,0,0,1
4251500,1,0,0,1
4252000,1,0,0,1
4252500,1,0,0,1
4253000,1,0,0,1
4253500,1,0,0,1
4254000,1,0,0,1
4254500,1,0,0,1
4255000,1,0,0,1
4255500,1,0,0,1
4256000,1,0,0,1
4256500,1,0,0,1
4257000,1,0,0,1
4257500,1,0,0,1
4258000,1,0,0,1
4258500,1,0,0,1
4259000,1,0,0,1
4259500,1,0,0,1
4260000,1,0,0,1
4260500,1,0,0,1
4261000,1,0,0,1
4261500,1,0,0,1
4262000,1,0,0,1
4262500,1,0,0,1
4263000,1,0,0,1
4263500,1,0,0,1
4264000,1,0,0,1
4264500,1,0,0,1
4265000,1,0,0,1
4265500,1,0,0,1
4266000,1,0,0,1
4266500,1,0,0,1
4267000,1,0,0,1
4267500,1,0,0,1
4268000,1,0,0,1
4268500,1,0,0,1
4269000,1,0,0,1
4269500,1,0,0,1
4270000,1,0,0,1
4270500,1,0,0,1
4271000,1,0,0,1
4271500,1,0,0,1
4272000,1,0,0,1
4272500,1,0,0,1
4273000,1,0,0,1
4273500,1,0,0,1
4274000,1,0,0,1
4274500,1,0,0,1
4275000,1,0,0,1
4275500,1,0,0,1
4276000,1,0,0,1
4276500,1,0,0,1
4277000,1,0,0,1
4277500,1,0,0,1
4278000,1,0,0,1
4278500,1,0,0,1
4279000,1,0,0,1
4279500,1,0,0,1
4280000,1,0,0,1
4280500,1,0,0,1
4281000,1,0,0,1
4281500,1,0,0,1
4282000,1,0,0,1
4282500,1,0,0,1
4283000,1,0,0,1
4283500,1,0,0,1
4284000,1,0,0,1
4284500,1,0,0,1
4285000,1,0,0,1
4285500,1,0,0,1
4286000,1,0,0,1
4286500,1,0,0,1
4287000,1,0,0,1
4287500,1,0,0,1
4288000,1,0,0,1
4288500,1,0,0,1
4289000,1,0,0,1
4289500,1,0,0,1
4290000,1,0,0,1
4290500,1,0,0,1
4291000,1,0,0,1
4291500,1,0,0,1
4292000,1,0,0,1
4292500,1,0,0,1
4293000,1,0,0,1
4293500,1,0,0,1
4294000,1,0,0,1
4294500,1,0,0,1
4295000,1,0,0,1
4295500,1,0,0,1
4296000,1,0,0,1
4296500,1,0,0,1
4297000,1,0,0,1
4297500,1,0,0,1
4298000,1,0,0,1
4298500,1,0,0,1
4299000,1,0,0,1
4299500,1,0,0,1
4300000,1,0,0,1
4300500,1,0,0,1
4301000,1,0,0,1
4301500,1,0,0,1
4302000,1,0,0,1
4302500,1,0,0,1
4303000,1,0,0,1
4303500,1,0,0,1
4304000,1,0,0,1
4304500,1,0,0,1
4305000,1,0,0,1
4305500,1,0,0,1
4306000,1,0,0,1
4306500,1,0,0,1
4307000,1,0,0,1
4307500,1,0,0,1
4308000,1,0,0,1
4308500,1,0,0,1
4309000,1,0,0,1
4309500,1,0,0,1
4310000,1,0,0,1
4310500,1,0,0,1
4311000,1,0,0,1
4311500,1,0,0,1
4312000,1,0,0,1
4312500,1,0,0,1
4313000,1,0,0,1
4313500,1,0,0,1
4314000,1,0,0,1
4314500,1,0,0,1
4315000,1,0,0,1
4315500,1,0,0,1
4316000,1,0,0,1
4316500,1,0,0,1
4317000,1,0,0,1
4317500,1,0,0,1
4318000,1,0,0,1
4318500,1,0,0,1
4319000,1,0,0,1
4319500,1,0,0,1
4320000,1,0,0,1
4320500,1,0,0,1
4321000,1,0,0,1
4321500,1,0,0,1
4322000,1,0,0,1
4322500,1,0,0,1
4323000,1,0,0,1
4323500,1,0,0,1
4324000,1,0,0,1
4324500,1,0,0,1
4325000,1,0,0,1
4325500,1,0,0,1
4326000,1,0,0,1
4326500,1,0,0,1
4327000,1,0,0,1
4327500,1,0,0,1
4328000,1,0,0,1
4328500,1,0,0,1
4329000,1,0,0,1
4329500,1,0,0,1
4330000,1,0,0,1
4330500,1,0,0,1
4331000,1,0,0,1
4331500,1,0,0,1
4332000,1,0,0,1
4332500,1,0,0,1
4333000,1,0,0,1
4333500,1,0,0,1
4334000,1,0,0,1
4334500,1,0,0,1
4335000,1,0,0,1
4335500,1,0,0,1
4336000,1,0,0,1
4336500,1,0,0,1
4337000,1,0,0,1
4337500,1,0,0,1
4338000,1,0,0,1
4338500,1,0,0,1
4339000,1,0,0,1
4339500,1,0,0,1
4340000,1,0,0,1
4340500,1,0,0,1
4341000,1,0,0,1
4341500,1,0,0,1
4342000,1,0,0,1
4342500,1,0,0,1
4343000,1,0,0,1
4343500,1,0,0,1
4344000,1,0,0,1
4344500,1,0,0,1
4345000,1,0,0,1
4345500,1,0,0,1
4346000,1,0,0,1
4346500,1,0,0,1
4347000,1,0,0,1
4347500,1,0,0,1
4348000,1,0,0,1
4348500,1,0,0,1
4349000,1,0,0,1
4349500,1,0,0,1
4350000,1,0,0,1
4350500,1,0,0,1
4351000,1,0,0,1
4351500,1,0,0,1
4352000,1,0,0,1
4352500,1,0,0,1
4353000,1,0,0,1
4353500,1,0,0,1
4354000,1,0,0,1
4354500,1,0,0,1
4355000,1,0,0,1
4355500,1,0,0,1
4356000,1,0,0,1
4356500,1,0,0,1
4357000,1,0,0,1
4357500,1,0,0,1
4358000,1,0,0,1
4358500,1,0,0,1
4359000,1,0,0,1
4359500,1,0,0,1
4360000,1,0,0,1
4360500,1,0,0,1
4361000,1,0,0,1
4361500,1,0,0,1
4362000,1,0,0,1
4362500,1,0,0,1
4363000,1,0,0,1
4363500,1,0,0,1
4364000,1,0,0,1
4364500,1,0,0,1
4365000,1,0,0,1
4365500,1,0,0,1
4366000,1,0,0,1
4366500,1,0,0,1
4367000,1,0,0,1
4367500,1,0,0,1
4368000,1,0,0,1
4368500,1,0,0,1
4369000,1,0,0,1
4369500,1,0,0,1
4370000,1,0,0,1
4370500,1,0,0,1
4371000,1,0,0,1
4371500,1,0,0,1
4372000,1,0,0,1
4372500,1,0,0,1
4373000,1,0,0,1
4373500,1,0,0,1
4374000,1,0,0,1
4374500,1,0,0,1
4375000,1,0,0,1
4375500,1,0,0,1
4376000,1,0,0,1
4376500,1,0,0,1
4377000,1,0,0,1
4377500,1,0,0,1
4378000,1,0,0,1
4378500,1,0,0,1
4379000,1,0,0,1
4379500,1,0,0,1
4380000,1,0,0,1
4380500,1,0,0,1
4381000,1,0,0,1
4381500,1,0,0,1
4382000,1,0,0,1
4382500,1,0,0,1
4383000,1,0,0,1
4383500,1,0,0,1
4384000,1,0,0,1
4384500,1,0,0,1
4385000,1,0,0,1
4385500,1,0,0,1
4386000,1,0,0,1
4386500,1,0,0,1
4387000,1,0,0,1
4387500,1,0,0,1
4388000,1,0,0,1
4388500,1,0,0,1
4389000,1,0,0,1
4389500,1,0,0,1
4390000,1,0,0,1
4390500,1,0,0,1
4391000,1,0,0,1
4391500,1,0,0,1
4392000,1,0,0,1
4392500,1,0,0,1
4393000,1,0,0,1
4393500,1,0,0,1
4394000,1,0,0,1
4394500,1,0,0,1
4395000,1,0,0,1
4395500,1,0,0,1
4396000,1,0,0,1
4396500,1,0,0,1
4397000,1,0,0,1
4397500,1,0,0,1
4398000,1,0,0,1
4398500,1,0,0,1
4399000,1,0,0,1
4399500,1,0,0,1
4400000,1,0,0,1
4400500,1,0,0,1
4401000,1,0,0,1
4401500,1,0,0,1
4402000,1,0,0,1
4402500,1,0,0,1
4403000,1,0,0,1
4403500,1,0,0,1
4404000,1,0,0,1
4404500,1,0,0,1
4405000,1,0,0,1
4405500,1,0,0,1
4406000,1,0,0,1
4406500,1,0,0,1
4407000,1,0,0,1
4407500,1,0,0,1
4408000,1,0,0,1
4408500,1,0,0,1
4409000,1,0,0,1
4409500,1,0,0,1
4410000,1,0,0,1
4410500,1,0,0,1
4411000,1,0,0,1
4411500,1,0,0,1
4412000,1,0,0,1
4412500,1,0,0,1
4413000,1,0,0,1
4413500,1,0,0,1
4414000,1,0,0,1
4414500,1,0,0,1
4415000,1,0,0,1
4415500,1,0,0,1
4416000,1,0,0,1
4416500,1,0,0,1
4417000,1,0,0,1
4417500,1,0,0,1
4418000,1,0,0,1
4418500,1,0,0,1
4419000,1,0,0,1
4419500,1,0,0,1
4420000,1,0,0,1
4420500,1,0,0,1
4421000,1,0,0,1
4421500,1,0,0,1
4422000,1,0,0,1
4422500,1,0,0,1
4423000,1,0,0,1
4423500,1,0,0,1
4424000,1,0,0,1
4424500,1,0,0,1
4425000,1,0,0,1
4425500,1,0,0,1
4426000,1,0,0,1
4426500,1,0,0,1
4427000,1,0,0,1
4427500,1,0,0,1
4428000,1,0,0,1
4428500,1,0,0,1
4429000,1,0,0,1
4429500,1,0,0,1
4430000,1,0,0,1
4430500,1,0,0,1
4431000,1,0,0,1
4431500,1,0,0,1
4432000,1,0,0,1
4432500,1,0,0,1
4433000,1,0,0,1
4433500,1,0,0,1
4434000,1,0,0,1
4434500,1,0,0,1
4435000,1,0,0,1
4435500,1,0,0,1
4436000,1,0,0,1
4436500,1,0,0,1
4437000,1,0,0,1
4437500,1,0,0,1
4438000,1,0,0,1
4438500,1,0,0,1
4439000,1,0,0,1
4439500,1,0,0,1
4440000,1,0,0,1
4440500,1,0,0,1
4441000,1,0,0,1
4441500,1,0,0,1
4442000,1,0,0,1
4442500,1,0,0,1
4443000,1,0,0,1
4443500,1,0,0,1
4444000,1,0,0,1
4444500,1,0,0,1
4445000,1,0,0,1
4445500,1,0,0,1
4446000,1,0,0,1
4446500,1,0,0,1
4447000,1,0,0,1
4447500,1,0,0,1
4448000,1,0,0,1
4448500,1,0,0,1
4449000,1,0,0,1
4449500,1,0,0,1
4450000,1,0,0,1
4450500,1,0,0,1
4451000,1,0,0,1
4451500,1,0,0,1
4452000,1,0,0,1
4452500,1,0,0,1
4453000,1,0,0,1
4453500,1,0,0,1
4454000,1,0,0,1
4454500,1,0,0,1
4455000,1,0,0,1
4455500,1,0,0,1
4456000,1,0,0,1
4456500,1,0,0,1
4457000,1,0,0,1
4457500,1,0,0,1
4458000,1,0,0,1
4458500,1,0,0,1
4459000,1,0,0,1
4459500,1,0,0,1
4460000,1,0,0,1
4460500,1,0,0,1
4461000,1,0,0,1
4461500,1,0,0,1
4462000,1,0,0,1
4462500,1,0,0,1
4463000,1,0,0,1
4463500,1,0,0,1
4464000,1,0,0,1
4464500,1,0,0,1
4465000,1,0,0,1
4465500,1,0,0,1
4466000,1,0,0,1
4466500,1,0,0,1
4467000,1,0,0,1
4467500,1,0,0,1
4468000,1,0,0,1
4468500,1,0,0,1
4469000,1,0,0,1
4469500,1,0,0,1
4470000,1,0,0,1
4470500,1,0,0,1
4471000,1,0,0,1
4471500,1,0,0,1
4472000,1,0,0,1
4472500,1,0,0,1
4473000,1,0,0,1
4473500,1,0,0,1
4474000,1,0,0,1
4474500,1,0,0,1
4475000,1,0,0,1
4475500,1,0,0,1
4476000,1,0,0,1
4476500,1,0,0,1
4477000,1,0,0,1
4477500,1,0,0,1
4478000,1,0,0,1
4478500,1,0,0,1
4479000,1,0,0,1
4479500,1,0,0,1
4480000,1,0,0,1
4480500,1,0,0,1
4481000,1,0,0,1
4481500,1,0,0,1
4482000,1,0,0,1
4482500,1,0,0,1
4483000,1,0,0,1
4483500,1,0,0,1
4484000,1,0,0,1
4484500,1,0,0,1
4485000,1,0,0,1
4485500,1,0,0,1
4486000,1,0,0,1
4486500,1,0,0,1
4487000,1,0,0,1
4487500,1,0,0,1
4488000,1,0,0,1
4488500,1,0,0,1
4489000,1,0,0,1
4489500,1,0,0,1
4490000,1,0,0,1
4490500,1,0,0,1
4491000,1,0,0,1
4491500,1,0,0,1
4492000,1,0,0,1
4492500,1,0,0,1
4493000,1,0,0,1
4493500,1,0,0,1
4494000,1,0,0,1
4494500,1,0,0,1
4495000,1,0,0,1
4495500,1,0,0,1
4496000,1,0,0,1
4496500,1,0,0,1
4497000,1,0,0,1
4497500,1,0,0,1
4498000,1,0,0,1
4498500,1,0,0,1
4499000,1,0,0,1
4499500,1,0,0,1
4500000,1,0,0,1
4500500,1,0,0,1
4501000,1,0,0,1
4501500,1,0,0,1
4502000,1,0,0,1
4502500,1,0,0,1
4503000,1,0,0,1
4503500,1,0,0,1
4504000,1,0,0,1
4504500,1,0,0,1
4505000,1,0,0,1
4505500,1,0,0,1
4506000,1,0,0,1
4506500,1,0,0,1
4507000,1,0,0,1
4507500,1,0,0,1
4508000,1,0,0,1
4508500,1,0,0,1
4509000,1,0,0,1
4509500,1,0,0,1
4510000,1,0,0,1
4510500,1,0,0,1
4511000,1,0,0,1
4511500,1,0,0,1
4512000,1,0,0,1
4512500,1,0,0,1
4513000,1,0,0,1
4513500,1,0,0,1
4514000,1,0,0,1
4514500,1,0,0,1
4515000,1,0,0,1
4515500,1,0,0,1
4516000,1,0,0,1
4516500,1,0,0,1
4517000,1,0,0,1
4517500,1,0,0,1
4518000,1,0,0,1
4518500,1,0,0,1
4519000,1,0,0,1
4519500,1,0,0,1
4520000,1,0,0,1
4520500,1,0,0,1
4521000,1,0,0,1
4521500,1,0,0,1
4522000,1,0,0,1
4522500,1,0,0,1
4523000,1,0,0,1
4523500,1,0,0,1
4524000,1,0,0,1
4524500,1,0,0,1
4525000,1,0,0,1
4525500,1,0,0,1
4526000,1,0,0,1
4526500,1,0,0,1
4527000,1,0,0,1
4527500,1,0,0,1
4528000,1,0,0,1
4528500,1,0,0,1
4529000,1,0,0,1
4529500,1,0,0,1
4530000,1,0,0,1
4530500,1,0,0,1
4531000,1,0,0,1
4531500,1,0,0,1
4532000,1,0,0,1
4532500,1,0,0,1
4533000,1,0,0,1
4533500,1,0,0,1
4534000,1,0,0,1
4534500,1,0,0,1
4535000,1,0,0,1
4535500,1,0,0,1
4536000,1,0,0,1
4536500,1,0,0,1
4537000,1,0,0,1
4537500,1,0,0,1
4538000,1,0,0,1
4538500,1,0,0,1
4539000,1,0,0,1
4539500,1,0,0,1
4540000,1,0,0,1
4540500,1,0,0,1
4541000,1,0,0,1
4541500,1,0,0,1
4542000,1,0,0,1
4542500,1,0,0,1
4543000,1,0,0,1
4543500,1,0,0,1
4544000,1,0,0,1
4544500,1,0,0,1
4545000,1,0,0,1
4545500,1,0,0,1
4546000,1,0,0,1
4546500,1,0,0,1
4547000,1,0,0,1
4547500,1,0,0,1
4548000,1,0,0,1
4548500,1,0,0,1
4549000,1,0,0,1
4549500,1,0,0,1
4550000,1,0,0,1
4550500,1,0,0,1
4551000,1,0,0,1
4551500,1,0,0,1
4552000,1,0,0,1
4552500,1,0,0,1
4553000,1,0,0,1
4553500,1,0,0,1
4554000,1,0,0,1
4554500,1,0,0,1
4555000,1,0,0,1
4555500,1,0,0,1
4556000,1,0,0,1
4556500,1,0,0,1
4557000,1,0,0,1
4557500,1,0,0,1
4558000,1,0,0,1
4558500,1,0,0,1
4559000,1,0,0,1
4559500,1,0,0,1
4560000,1,0,0,1
4560500,1,0,0,1
4561000,1,0,0,1
4561500,1,0,0,1
4562000,1,0,0,1
4562500,1,0,0,1
4563000,1,0,0,1
4563500,1,0,0,1
4564000,1,0,0,1
4564500,1,0,0,1
4565000,1,0,0,1
4565500,1,0,0,1
4566000,1,0,0,1
4566500,1,0,0,1
4567000,1,0,0,1
4567500,1,0,0,1
4568000,1,0,0,1
4568500,1,0,0,1
4569000,1,0,0,1
4569500,1,0,0,1
4570000,1,0,0,1
4570500,1,0,0,1
4571000,1,0,0,1
4571500,1,0,0,1
4572000,1,0,0,1
4572500,1,0,0,1
4573000,1,0,0,1
4573500,1,0,0,1
4574000,1,0,0,1
4574500,1,0,0,1
4575000,1,0,0,1
4575500,1,0,0,1
4576000,1,0,0,1
4576500,1,0,0,1
4577000,1,0,0,1
4577500,1,0,0,1
4578000,1,0,0,1
4578500,1,0,0,1
4579000,1,0,0,1
4579500,1,0,0,1
4580000,1,0,0,1
4580500,1,0,0,1
4581000,1,0,0,1
4581500,1,0,0,1
4582000,1,0,0,1
4582500,1,0,0,1
4583000,1,0,0,1
4583500,1,0,0,1
4584000,1,0,0,1
4584500,1,0,0,1
4585000,1,0,0,1
4585500,1,0,0,1
4586000,1,0,0,1
4586500,1,0,0,1
4587000,1,0,0,1
4587500,1,0,0,1
4588000,1,0,0,1
4588500,1,0,0,1
4589000,1,0,0,1
4589500,1,0,0,1
4590000,1,0,0,1
4590500,1,0,0,1
4591000,1,0,0,1
4591500,1,0,0,1
4592000,1,0,0,1
4592500,1,0,0,1
4593000,1,0,0,1
4593500,1,0,0,1
4594000,1,0,0,1
4594500,1,0,0,1
4595000,1,0,0,1
4595500,1,0,0,1
4596000,1,0,0,1
4596500,1,0,0,1
4597000,1,0,0,1
4597500,1,0,0,1
4598000,1,0,0,1
4598500,1,0,0,1
4599000,1,0,0,1
4599500,1,0,0,1
4600000,1,0,0,1
4600500,1,0,0,1
4601000,1,0,0,1
4601500,1,0,0,1
4602000,1,0,0,1
4602500,1,0,0,1
4603000,1,0,0,1
4603500,1,0,0,1
4604000,1,0,0,1
4604500,1,0,0,1
4605000,1,0,0,1
4605500,1,0,0,1
4606000,1,0,0,1
4606500,1,0,0,1
4607000,1,0,0,1
4607500,1,0,0,1
4608000,1,0,0,1
4608500,1,0,0,1
4609000,1,0,0,1
4609500,1,0,0,1
4610000,1,0,0,1
4610500,1,0,0,1
4611000,1,0,0,1
4611500,1,0,0,1
4612000,1,0,0,1
4612500,1,0,0,1
4613000,1,0,0,1
4613500,1,0,0,1
4614000,1,0,0,1
4614500,1,0,0,1
4615000,1,0,0,1
4615500,1,0,0,1
4616000,1,0,0,1
4616500,1,0,0,1
4617000,1,0,0,1
4617500,1,0,0,1
4618000,1,0,0,1
4618500,1,0,0,1
4619000,1,0,0,1
4619500,1,0,0,1
4620000,1,0,0,1
4620500,1,0,0,1
4621000,1,0,0,1
4621500,1,0,0,1
4622000,1,0,0,1
4622500,1,0,0,1
4623000,1,0,0,1
4623500,1,0,0,1
4624000,1,0,0,1
4624500,1,0,0,1
4625000,1,0,0,1
4625500,1,0,0,1
4626000,1,0,0,1
4626500,1,0,0,1
4627000,1,0,0,1
4627500,1,0,0,1
4628000,1,0,0,1
4628500,1,0,0,1
4629000,1,0,0,1
4629500,1,0,0,1
4630000,1,0,0,1
4630500,1,0,0,1
4631000,1,0,0,1
4631500,1,0,0,1
4632000,1,0,0,1
4632500,1,0,0,1
4633000,1,0,0,1
4633500,1,0,0,1
4634000,1,0,0,1
4634500,1,0,0,1
4635000,1,0,0,1
4635500,1,0,0,1
4636000,1,0,0,1
4636500,1,0,0,1
4637000,1,0,0,1
4637500,1,0,0,1
4638000,1,0,0,1
4638500,1,0,0,1
4639000,1,0,0,1
4639500,1,0,0,1
4640000,1,0,0,1
4640500,1,0,0,1
4641000,1,0,0,1
4641500,1,0,0,1
4642000,1,0,0,1
4642500,1,0,0,1
4643000,1,0,0,1
4643500,1,0,0,1
4644000,1,0,0,1
4644500,1,0,0,1
4645000,1,0,0,1
4645500,1,0,0,1
4646000,1,0,0,1
4646500,1,0,0,1
4647000,1,0,0,1
4647500,1,0,0,1
4648000,1,0,0,1
4648500,1,0,0,1
4649000,1,0,0,1
4649500,1,0,0,1
4650000,1,0,0,1
4650500,1,0,0,1
4651000,1,0,0,1
4651500,1,0,0,1
4652000,1,0,0,1
4652500,1,0,0,1
4653000,1,0,0,1
4653500,1,0,0,1
4654000,1,0,0,1
4654500,1,0,0,1
4655000,1,0,0,1
4655500,1,0,0,1
4656000,1,0,0,1
4656500,1,0,0,1
4657000,1,0,0,1
4657500,1,0,0,1
4658000,1,0,0,1
4658500,1,0,0,1
4659000,1,0,0,1
4659500,1,0,0,1
4660000,1,0,0,1
4660500,1,0,0,1
4661000,1,0,0,1
4661500,1,0,0,1
4662000,1,0,0,1
4662500,1,0,0,1
4663000,1,0,0,1
4663500,1,0,0,1
4664000,1,0,0,1
4664500,1,0,0,1
4665000,1,0,0,1
4665500,1,0,0,1
4666000,1,0,0,1
4666500,1,0,0,1
4667000,1,0,0,1
4667500,1,0,0,1
4668000,1,0,0,1
4668500,1,0,0,1
4669000,1,0,0,1
4669500,1,0,0,1
4670000,1,0,0,1
4670500,1,0,0,1
4671000,1,0,0,1
4671500,1,0,0,1
4672000,1,0,0,1
4672500,1,0,0,1
4673000,1,0,0,1
4673500,1,0,0,1
4674000,1,0,0,1
4674500,1,0,0,1
4675000,1,0,0,1
4675500,1,0,0,1
4676000,1,0,0,1
4676500,1,0,0,1
4677000,1,0,0,1
4677500,1,0,0,1
4678000,1,0,0,1
4678500,1,0,0,1
4679000,1,0,0,1
4679500,1,0,0,1
4680000,1,0,0,1
4680500,1,0,0,1
4681000,1,0,0,1
4681500,1,0,0,1
4682000,1,0,0,1
4682500,1,0,0,1
4683000,1,0,0,1
4683500,1,0,0,1
4684000,1,0,0,1
4684500,1,0,0,1
4685000,1,0,0,1
4685500,1,0,0,1
4686000,1,0,0,1
4686500,1,0,0,1
4687000,1,0,0,1
4687500,1,0,0,1
4688000,1,0,0,1
4688500,1,0,0,1
4689000,1,0,0,1
4689500,1,0,0,1
4690000,1,0,0,1
4690500,1,0,0,1
4691000,1,0,0,1
4691500,1,0,0,1
4692000,1,0,0,1
4692500,1,0,0,1
4693000,1,0,0,1
4693500,1,0,0,1
4694000,1,0,0,1
4694500,1,0,0,1
4695000,1,0,0,1
4695500,1,0,0,1
4696000,1,0,0,1
4696500,1,0,0,1
4697000,1,0,0,1
4697500,1,0,0,1
4698000,1,0,0,1
4698500,1,0,0,1
4699000,1,0,0,1
4699500,1,0,0,1
4700000,1,0,0,1
4700500,1,0,0,1
4701000,1,0,0,1
4701500,1,0,0,1
4702000,1,0,0,1
4702500,1,0,0,1
4703000,1,0,0,1
4703500,1,0,0,1
4704000,1,0,0,1
4704500,1,0,0,1
4705000,1,0,0,1
4705500,1,0,0,1
4706000,1,0,0,1
4706500,1,0,0,1
4707000,1,0,0,1
4707500,1,0,0,1
4708000,1,0,0,1
4708500,1,0,0,1
4709000,1,0,0,1
4709500,1,0,0,1
4710000,1,0,0,1
4710500,1,0,0,1
4711000,1,0,0,1
4711500,1,0,0,1
4712000,1,0,0,1
4712500,1,0,0,1
4713000,1,0,0,1
4713500,1,0,0,1
4714000,1,0,0,1
4714500,1,0,0,1
4715000,1,0,0,1
4715500,1,0,0,1
4716000,1,0,0,1
4716500,1,0,0,1
4717000,1,0,0,1
4717500,1,0,0,1
4718000,1,0,0,1
4718500,1,0,0,1
4719000,1,0,0,1
4719500,1,0,0,1
4720000,1,0,0,1
4720500,1,0,0,1
4721000,1,0,0,1
4721500,1,0,0,1
4722000,1,0,0,1
4722500,1,0,0,1
4723000,1,0,0,1
4723500,1,0,0,1
4724000,1,0,0,1
4724500,1,0,0,1
4725000,1,0,0,1
4725500,1,0,0,1
4726000,1,0,0,1
4726500,1,0,0,1
4727000,1,0,0,1
4727500,1,0,0,1
4728000,1,0,0,1
4728500,1,0,0,1
4729000,1,0,0,1
4729500,1,0,0,1
4730000,1,0,0,1
4730500,1,0,0,1
4731000,1,0,0,1
4731500,1,0,0,1
4732000,1,0,0,1
4732500,1,0,0,1
4733000,1,0,0,1
4733500,1,0,0,1
4734000,1,0,0,1
4734500,1,0,0,1
4735000,1,0,0,1
4735500,1,0,0,1
4736000,1,0,0,1
4736500,1,0,0,1
4737000,1,0,0,1
4737500,1,0,0,1
4738000,1,0,0,1
4738500,1,0,0,1
4739000,1,0,0,1
4739500,1,0,0,1
4740000,1,0,0,1
4740500,1,0,0,1
4741000,1,0,0,1
4741500,1,0,0,1
4742000,1,0,0,1
4742500,1,0,0,1
4743000,1,0,0,1
4743500,1,0,0,1
4744000,1,0,0,1
4744500,1,0,0,1
4745000,1,0,0,1
4745500,1,0,0,1
4746000,1,0,0,1
4746500,1,0,0,1
4747000,1,0,0,1
4747500,1,0,0,1
4748000,1,0,0,1
4748500,1,0,0,1
4749000,1,0,0,1
4749500,1,0,0,1
4750000,1,0,0,1
4750500,1,0,0,1
4751000,1,0,0,1
4751500,1,0,0,1
4752000,1,0,0,1
4752500,1,0,0,1
4753000,1,0,0,1
4753500,1,0,0,1
4754000,1,0,0,1
4754500,1,0,0,1
4755000,1,0,0,1
4755500,1,0,0,1
4756000,1,0,0,1
4756500,1,0,0,1
4757000,1,0,0,1
4757500,1,0,0,1
4758000,1,0,0,1
4758500,1,0,0,1
4759000,1,0,0,1
4759500,1,0,0,1
4760000,1,0,0,1
4760500,1,0,0,1
4761000,1,0,0,1
4761500,1,0,0,1
4762000,1,0,0,1
4762500,1,0,0,1
4763000,1,0,0,1
4763500,1,0,0,1
4764000,1,0,0,1
4764500,1,0,0,1
4765000,1,0,0,1
4765500,1,0,0,1
4766000,1,0,0,1
4766500,1,0,0,1
4767000,1,0,0,1
4767500,1,0,0,1
4768000,1,0,0,1
4768500,1,0,0,1
4769000,1,0,0,1
4769500,1,0,0,1
4770000,1,0,0,1
4770500,1,0,0,1
4771000,1,0,0,1
4771500,1,0,0,1
4772000,1,0,0,1
4772500,1,0,0,1
4773000,1,0,0,1
4773500,1,0,0,1
4774000,1,0,0,1
4774500,1,0,0,1
4775000,1,0,0,1
4775500,1,0,0,1
4776000,1,0,0,1
4776500,1,0,0,1
4777000,1,0,0,1
4777500,1,0,0,1
4778000,1,0,0,1
4778500,1,0,0,1
4779000,1,0,0,1
4779500,1,0,0,1
4780000,1,0,0,1
4780500,1,0,0,1
4781000,1,0,0,1
4781500,1,0,0,1
4782000,1,0,0,1
4782500,1,0,0,1
4783000,1,0,0,1
4783500,1,0,0,1
4784000,1,0,0,1
4784500,1,0,0,1
4785000,1,0,0,1
4785500,1,0,0,1
4786000,1,0,0,1
4786500,1,0,0,1
4787000,1,0,0,1
4787500,1,0,0,1
4788000,1,0,0,1
4788500,1,0,0,1
4789000,1,0,0,1
4789500,1,0,0,1
4790000,1,0,0,1
4790500,1,0,0,1
4791000,1,0,0,1
4791500,1,0,0,1
4792000,1,0,0,1
4792500,1,0,0,1
4793000,1,0,0,1
4793500,1,0,0,1
4794000,1,0,0,1
4794500,1,0,0,1
4795000,1,0,0,1
4795500,1,0,0,1
4796000,1,0,0,1
4796500,1,0,0,1
4797000,1,0,0,1
4797500,1,0,0,1
4798000,1,0,0,1
4798500,1,0,0,1
4799000,1,0,0,1
4799500,1,0,0,1
4800000,1,0,0,1
4800500,1,0,0,1
4801000,1,0,0,1
4801500,1,0,0,1
4802000,1,0,0,1
4802500,1,0,0,1
4803000,1,0,0,1
4803500,1,0,0,1
4804000,1,0,0,1
4804500,1,0,0,1
4805000,1,0,0,1
4805500,1,0,0,1
4806000,1,0,0,1
4806500,1,0,0,1
4807000,1,0,0,1
4807500,1,0,0,1
4808000,1,0,0,1
4808500,1,0,0,1
4809000,1,0,0,1
4809500,1,0,0,1
4810000,1,0,0,1
4810500,1,0,0,1
4811000,1,0,0,1
4811500,1,0,0,1
4812000,1,0,0,1
4812500,1,0,0,1
4813000,1,0,0,1
4813500,1,0,0,1
4814000,1,0,0,1
4814500,1,0,0,1
4815000,1,0,0,1
4815500,1,0,0,1
4816000,1,0,0,1
4816500,1,0,0,1
4817000,1,0,0,1
4817500,1,0,0,1
4818000,1,0,0,1
4818500,1,0,0,1
4819000,1,0,0,1
4819500,1,0,0,1
4820000,1,0,0,1
4820500,1,0,0,1
4821000,1,0,0,1
4821500,1,0,0,1
4822000,1,0,0,1
4822500,1,0,0,1
4823000,1,0,0,1
4823500,1,0,0,1
4824000,1,0,0,1
4824500,1,0,0,1
4825000,1,0,0,1
4825500,1,0,0,1
4826000,1,0,0,1
4826500,1,0,0,1
4827000,1,0,0,1
4827500,1,0,0,1
4828000,1,0,0,1
4828500,1,0,0,1
4829000,1,0,0,1
4829500,1,0,0,1
4830000,1,0,0,1
4830500,1,0,0,1
4831000,1,0,0,1
4831500,1,0,0,1
4832000,1,0,0,1
4832500,1,0,0,1
4833000,1,0,0,1
4833500,1,0,0,1
4834000,1,0,0,1
4834500,1,0,0,1
4835000,1,0,0,1
4835500,1,0,0,1
4836000,1,0,0,1
4836500,1,0,0,1
4837000,1,0,0,1
4837500,1,0,0,1
4838000,1,0,0,1
4838500,1,0,0,1
4839000,1,0,0,1
4839500,1,0,0,1
4840000,1,0,0,1
4840500,1,0,0,1
4841000,1,0,0,1
4841500,1,0,0,1
4842000,1,0,0,1
4842500,1,0,0,1
4843000,1,0,0,1
4843500,1,0,0,1
4844000,1,0,0,1
4844500,1,0,0,1
4845000,1,0,0,1
4845500,1,0,0,1
4846000,1,0,0,1
4846500,1,0,0,1
4847000,1,0,0,1
4847500,1,0,0,1
4848000,1,0,0,1
4848500,1,0,0,1
4849000,1,0,0,1
4849500,1,0,0,1
4850000,1,0,0,1
4850500,1,0,0,1
4851000,1,0,0,1
4851500,1,0,0,1
4852000,1,0,0,1
4852500,1,0,0,1
4853000,1,0,0,1
4853500,1,0,0,1
4854000,1,0,0,1
4854500,1,0,0,1
4855000,1,0,0,1
4855500,1,0,0,1
4856000,1,0,0,1
4856500,1,0,0,1
4857000,1,0,0,1
4857500,1,0,0,1
4858000,1,0,0,1
4858500,1,0,0,1
4859000,1,0,0,1
4859500,1,0,0,1
4860000,1,0,0,1
4860500,1,0,0,1
4861000,1,0,0,1
4861500,1,0,0,1
4862000,1,0,0,1
4862500,1,0,0,1
4863000,1,0,0,1
4863500,1,0,0,1
4864000,1,0,0,1
4864500,1,0,0,1
4865000,1,0,0,1
4865500,1,0,0,1
4866000,1,0,0,1
4866500,1,0,0,1
4867000,1,0,0,1
4867500,1,0,0,1
4868000,1,0,0,1
4868500,1,0,0,1
4869000,1,0,0,1
4869500,1,0,0,1
4870000,1,0,0,1
4870500,1,0,0,1
4871000,1,0,0,1
4871500,1,0,0,1
4872000,1,0,0,1
4872500,1,0,0,1
4873000,1,0,0,1
4873500,1,0,0,1
4874000,1,0,0,1
4874500,1,0,0,1
4875000,1,0,0,1
4875500,1,0,0,1
4876000,1,0,0,1
4876500,1,0,0,1
4877000,1,0,0,1
4877500,1,0,0,1
4878000,1,0,0,1
4878500,1,0,0,1
4879000,1,0,0,1
4879500,1,0,0,1
4880000,1,0,0,1
4880500,1,0,0,1
4881000,1,0,0,1
4881500,1,0,0,1
4882000,1,0,0,1
4882500,1,0,0,1
4883000,1,0,0,1
4883500,1,0,0,1
4884000,1,0,0,1
4884500,1,0,0,1
4885000,1,0,0,1
4885500,1,0,0,1
4886000,1,0,0,1
4886500,1,0,0,1
4887000,1,0,0,1
4887500,1,0,0,1
4888000,1,0,0,1
4888500,1,0,0,1
4889000,1,0,0,1
4889500,1,0,0,1
4890000,1,0,0,1
4890500,1,0,0,1
4891000,1,0,0,1
4891500,1,0,0,1
4892000,1,0,0,1
4892500,1,0,0,1
4893000,1,0,0,1
4893500,1,0,0,1
4894000,1,0,0,1
4894500,1,0,0,1
4895000,1,0,0,1
4895500,1,0,0,1
4896000,1,0,0,1
4896500,1,0,0,1
4897000,1,0,0,1
4897500,1,0,0,1
4898000,1,0,0,1
4898500,1,0,0,1
4899000,1,0,0,1
4899500,1,0,0,1
4900000,1,0,0,1
4900500,1,0,0,1
4901000,1,0,0,1
4901500,1,0,0,1
4902000,1,0,0,1
4902500,1,0,0,1
4903000,1,0,0,1
4903500,1,0,0,1
4904000,1,0,0,1
4904500,1,0,0,1
4905000,1,0,0,1
4905500,1,0,0,1
4906000,1,0,0,1
4906500,1,0,0,1
4907000,1,0,0,1
4907500,1,0,0,1
4908000,1,0,0,1
4908500,1,0,0,1
4909000,1,0,0,1
4909500,1,0,0,1
4910000,1,0,0,1
4910500,1,0,0,1
4911000,1,0,0,1
4911500,1,0,0,1
4912000,1,0,0,1
4912500,1,0,0,1
4913000,1,0,0,1
4913500,1,0,0,1
4914000,1,0,0,1
4914500,1,0,0,1
4915000,1,0,0,1
4915500,1,0,0,1
4916000,1,0,0,1
4916500,1,0,0,1
4917000,1,0,0,1
4917500,1,0,0,1
4918000,1,0,0,1
4918500,1,0,0,1
4919000,1,0,0,1
4919500,1,0,0,1
4920000,1,0,0,1
4920500,1,0,0,1
4921000,1,0,0,1
4921500,1,0,0,1
4922000,1,0,0,1
4922500,1,0,0,1
4923000,1,0,0,1
4923500,1,0,0,1
4924000,1,0,0,1
4924500,1,0,0,1
4925000,1,0,0,1
4925500,1,0,0,1
4926000,1,0,0,1
4926500,1,0,0,1
4927000,1,0,0,1
4927500,1,0,0,1
4928000,1,0,0,1
4928500,1,0,0,1
4929000,1,0,0,1
4929500,1,0,0,1
4930000,1,0,0,1
4930500,1,0,0,1
4931000,1,0,0,1
4931500,1,0,0,1
4932000,1,0,0,1
4932500,1,0,0,1
4933000,1,0,0,1
4933500,1,0,0,1
4934000,1,0,0,1
4934500,1,0,0,1
4935000,1,0,0,1
4935500,1,0,0,1
4936000,1,0,0,1
4936500,1,0,0,1
4937000,1,0,0,1
4937500,1,0,0,1
4938000,1,0,0,1
4938500,1,0,0,1
4939000,1,0,0,1
4939500,1,0,0,1
4940000,1,0,0,1
4940500,1,0,0,1
4941000,1,0,0,1
4941500,1,0,0,1
4942000,1,0,0,1
4942500,1,0,0,1
4943000,1,0,0,1
4943500,1,0,0,1
4944000,1,0,0,1
4944500,1,0,0,1
4945000,1,0,0,1
4945500,1,0,0,1
4946000,1,0,0,1
4946500,1,0,0,1
4947000,1,0,0,1
4947500,1,0,0,1
4948000,1,0,0,1
4948500,1,0,0,1
4949000,1,0,0,1
4949500,1,0,0,1
4950000,1,0,0,1
4950500,1,0,0,1
4951000,1,0,0,1
4951500,1,0,0,1
4952000,1,0,0,1
4952500,1,0,0,1
4953000,1,0,0,1
4953500,1,0,0,1
4954000,1,0,0,1
4954500,1,0,0,1
4955000,1,0,0,1
4955500,1,0,0,1
4956000,1,0,0,1
4956500,1,0,0,1
4957000,1,0,0,1
4957500,1,0,0,1
4958000,1,0,0,1
4958500,1,0,0,1
4959000,1,0,0,1
4959500,1,0,0,1
4960000,1,0,0,1
4960500,1,0,0,1
4961000,1,0,0,1
4961500,1,0,0,1
4962000,1,0,0,1
4962500,1,0,0,1
4963000,1,0,0,1
4963500,1,0,0,1
4964000,1,0,0,1
4964500,1,0,0,1
4965000,1,0,0,1
4965500,1,0,0,1
4966000,1,0,0,1
4966500,1,0,0,1
4967000,1,0,0,1
4967500,1,0,0,1
4968000,1,0,0,1
4968500,1,0,0,1
4969000,1,0,0,1
4969500,1,0,0,1
4970000,1,0,0,1
4970500,1,0,0,1
4971000,1,0,0,1
4971500,1,0,0,1
4972000,1,0,0,1
4972500,1,0,0,1
4973000,1,0,0,1
4973500,1,0,0,1
4974000,1,0,0,1
4974500,1,0,0,1
4975000,1,0,0,1
4975500,1,0,0,1
4976000,1,0,0,1
4976500,1,0,0,1
4977000,1,0,0,1
4977500,1,0,0,1
4978000,1,0,0,1
4978500,1,0,0,1
4979000,1,0,0,1
4979500,1,0,0,1
4980000,1,0,0,1
4980500,1,0,0,1
4981000,1,0,0,1
4981500,1,0,0,1
4982000,1,0,0,1
4982500,1,0,0,1
4983000,1,0,0,1
4983500,1,0,0,1
4984000,1,0,0,1
4984500,1,0,0,1
4985000,1,0,0,1
4985500,1,0,0,1
4986000,1,0,0,1
4986500,1,0,0,1
4987000,1,0,0,1
4987500,1,0,0,1
4988000,1,0,0,1
4988500,1,0,0,1
4989000,1,0,0,1
4989500,1,0,0,1
4990000,1,0,0,1
4990500,1,0,0,1
4991000,1,0,0,1
4991500,1,0,0,1
4992000,1,0,0,1
4992500,1,0,0,1
4993000,1,0,0,1
4993500,1,0,0,1
4994000,1,0,0,1
4994500,1,0,0,1
4995000,1,0,0,1
4995500,1,0,0,1
4996000,1,0,0,1
4996500,1,0,0,1
4997000,1,0,0,1
4997500,1,0,0,1
4998000,1,0,0,1
4998500,1,0,0,1
4999000,1,0,0,1
4999500,1,0,0,1
5000000,1,0,0,1
5000500,1,0,0,1
5001000,1,0,0,1
5001500,1,0,0,1
5002000,1,0,0,1
5002500,1,0,0,1
5003000,1,0,0,1
5003500,1,0,0,1
5004000,1,0,0,1
5004500,1,0,0,1
5005000,1,0,0,1
5005500,1,0,0,1
5006000,1,0,0,1
5006500,1,0,0,1
5007000,1,0,0,1
5007500,1,0,0,1
5008000,1,0,0,1
5008500,1,0,0,1
5009000,1,0,0,1
5009500,1,0,0,1
5010000,1,0,0,1
5010500,1,0,0,1
5011000,1,0,0,1
5011500,1,0,0,1
5012000,1,0,0,1
5012500,1,0,0,1
5013000,1,0,0,1
5013500,1,0,0,1
5014000,1,0,0,1
5014500,1,0,0,1
5015000,1,0,0,1
5015500,1,0,0,1
5016000,1,0,0,1
5016500,1,0,0,1
5017000,1,0,0,1
5017500,1,0,0,1
5018000,1,0,0,1
5018500,1,0,0,1
5019000,1,0,0,1
5019500,1,0,0,1
5020000,1,0,0,1
5020500,1,0,0,1
5021000,1,0,0,1
5021500,1,0,0,1
5022000,1,0,0,1
5022500,1,0,0,1
5023000,1,0,0,1
5023500,1,0,0,1
5024000,1,0,0,1
5024500,1,0,0,1
5025000,1,0,0,1
5025500,1,0,0,1
5026000,1,0,0,1
5026500,1,0,0,1
5027000,1,0,0,1
5027500,1,0,0,1
5028000,1,0,0,1
5028500,1,0,0,1
5029000,1,0,0,1
5029500,1,0,0,1
5030000,1,0,0,1
5030500,1,0,0,1
5031000,1,0,0,1
5031500,1,0,0,1
5032000,1,0,0,1
5032500,1,0,0,1
5033000,1,0,0,1
5033500,1,0,0,1
5034000,1,0,0,1
5034500,1,0,0,1
5035000,1,0,0,1
5035500,1,0,0,1
5036000,1,0,0,1
5036500,1,0,0,1
5037000,1,0,0,1
5037500,1,0,0,1
5038000,1,0,0,1
5038500,1,0,0,1
5039000,1,0,0,1
5039500,1,0,0,1
5040000,1,0,0,1
5040500,1,0,0,1
5041000,1,0,0,1
5041500,1,0,0,1
5042000,1,0,0,1
5042500,1,0,0,1
5043000,1,0,0,1
5043500,1,0,0,1
5044000,1,0,0,1
5044500,1,0,0,1
5045000,1,0,0,1
5045500,1,0,0,1
5046000,1,0,0,1
5046500,1,0,0,1
5047000,1,0,0,1
5047500,1,0,0,1
5048000,1,0,0,1
5048500,1,0,0,1
5049000,1,0,0,1
5049500,1,0,0,1
5050000,1,0,0,1
5050500,1,0,0,1
5051000,1,0,0,1
5051500,1,0,0,1
5052000,1,0,0,1
5052500,1,0,0,1
5053000,1,0,0,1
5053500,1,0,0,1
5054000,1,0,0,1
5054500,1,0,0,1
5055000,1,0,0,1
5055500,1,0,0,1
5056000,1,0,0,1
5056500,1,0,0,1
5057000,1,0,0,1
5057500,1,0,0,1
5058000,1,0,0,1
5058500,1,0,0,1
5059000,1,0,0,1
5059500,1,0,0,1
5060000,1,0,0,1
5060500,1,0,0,1
5061000,1,0,0,1
5061500,1,0,0,1
5062000,1,0,0,1
5062500,1,0,0,1
5063000,1,0,0,1
5063500,1,0,0,1
5064000,1,0,0,1
5064500,1,0,0,1
5065000,1,0,0,1
5065500,1,0,0,1
5066000,1,0,0,1
5066500,1,0,0,1
5067000,1,0,0,1
5067500,1,0,0,1
5068000,1,0,0,1
5068500,1,0,0,1
5069000,1,0,0,1
5069500,1,0,0,1
5070000,1,0,0,1
5070500,1,0,0,1
5071000,1,0,0,1
5071500,1,0,0,1
5072000,1,0,0,1
5072500,1,0,0,1
5073000,1,0,0,1
5073500,1,0,0,1
5074000,1,0,0,1
5074500,1,0,0,1
5075000,1,0,0,1
5075500,1,0,0,1
5076000,1,0,0,1
5076500,1,0,0,1
5077000,1,0,0,1
5077500,1,0,0,1
5078000,1,0,0,1
5078500,1,0,0,1
5079000,1,0,0,1
5079500,1,0,0,1
5080000,1,0,0,1
5080500,1,0,0,1
5081000,1,0,0,1
5081500,1,0,0,1
5082000,1,0,0,1
5082500,1,0,0,1
5083000,1,0,0,1
5083500,1,0,0,1
5084000,1,0,0,1
5084500,1,0,0,1
5085000,1,0,0,1
5085500,1,0,0,1
5086000,1,0,0,1
5086500,1,0,0,1
5087000,1,0,0,1
5087500,1,0,0,1
5088000,1,0,0,1
5088500,1,0,0,1
5089000,1,0,0,1
5089500,1,0,0,1
5090000,1,0,0,1
5090500,1,0,0,1
5091000,1,0,0,1
5091500,1,0,0,1
5092000,1,0,0,1
5092500,1,0,0,1
5093000,1,0,0,1
5093500,1,0,0,1
5094000,1,0,0,1
5094500,1,0,0,1
5095000,1,0,0,1
5095500,1,0,0,1
5096000,1,0,0,1
5096500,1,0,0,1
5097000,1,0,0,1
5097500,1,0,0,1
5098000,1,0,0,1
5098500,1,0,0,1
5099000,1,0,0,1
5099500,1,0,0,1
5100000,1,0,0,1
5100500,1,0,0,1
5101000,1,0,0,1
5101500,1,0,0,1
5102000,1,0,0,1
5102500,1,0,0,1
5103000,1,0,0,1
5103500,1,0,0,1
5104000,1,0,0,1
5104500,1,0,0,1
5105000,1,0,0,1
5105500,1,0,0,1
5106000,1,0,0,1
5106500,1,0,0,1
5107000,1,0,0,1
5107500,1,0,0,1
5108000,1,0,0,1
5108500,1,0,0,1
5109000,1,0,0,1
5109500,1,0,0,1
5110000,1,0,0,1
5110500,1,0,0,1
5111000,1,0,0,1
5111500,1,0,0,1
5112000,1,0,0,1
5112500,1,0,0,1
5113000,1,0,0,1
5113500,1,0,0,1
5114000,1,0,0,1
5114500,1,0,0,1
5115000,1,0,0,1
5115500,1,0,0,1
5116000,1,0,0,1
5116500,1,0,0,1
5117000,1,0,0,1
5117500,1,0,0,1
5118000,1,0,0,1
5118500,1,0,0,1
5119000,1,0,0,1
5119500,1,0,0,1
5120000,1,0,0,1
5120500,1,0,0,1
5121000,1,0,0,1
5121500,1,0,0,1
5122000,1,0,0,1
5122500,1,0,0,1
5123000,1,0,0,1
5123500,1,0,0,1
5124000,1,0,0,1
5124500,1,0,0,1
5125000,1,0,0,1
5125500,1,0,0,1
5126000,1,0,0,1
5126500,1,0,0,1
5127000,1,0,0,1
5127500,1,0,0,1
5128000,1,0,0,1
5128500,1,0,0,1
5129000,1,0,0,1
5129500,1,0,0,1
5130000,1,0,0,1
5130500,1,0,0,1
5131000,1,0,0,1
5131500,1,0,0,1
5132000,1,0,0,1
5132500,1,0,0,1
5133000,1,0,0,1
5133500,1,0,0,1
5134000,1,0,0,1
5134500,1,0,0,1
5135000,1,0,0,1
5135500,1,0,0,1
5136000,1,0,0,1
5136500,1,0,0,1
5137000,1,0,0,1
5137500,1,0,0,1
5138000,1,0,0,1
5138500,1,0,0,1
5139000,1,0,0,1
5139500,1,0,0,1
5140000,1,0,0,1
5140500,1,0,0,1
5141000,1,0,0,1
5141500,1,0,0,1
5142000,1,0,0,1
5142500,1,0,0,1
5143000,1,0,0,1
5143500,1,0,0,1
5144000,1,0,0,1
5144500,1,0,0,1
5145000,1,0,0,1
5145500,1,0,0,1
5146000,1,0,0,1
5146500,1,0,0,1
5147000,1,0,0,1
5147500,1,0,0,1
5148000,1,0,0,1
5148500,1,0,0,1
5149000,1,0,0,1
5149500,1,0,0,1
5150000,1,0,0,1
5150500,1,0,0,1
5151000,1,0,0,1
5151500,1,0,0,1
5152000,1,0,0,1
5152500,1,0,0,1
5153000,1,0,0,1
5153500,1,0,0,1
5154000,1,0,0,1
5154500,1,0,0,1
5155000,1,0,0,1
5155500,1,0,0,1
5156000,1,0,0,1
5156500,1,0,0,1
5157000,1,0,0,1
5157500,1,0,0,1
5158000,1,0,0,1
5158500,1,0,0,1
5159000,1,0,0,1
5159500,1,0,0,1
5160000,1,0,0,1
5160500,1,0,0,1
5161000,1,0,0,1
5161500,1,0,0,1
5162000,1,0,0,1
5162500,1,0,0,1
5163000,1,0,0,1
5163500,1,0,0,1
5164000,1,0,0,1
5164500,1,0,0,1
5165000,1,0,0,1
5165500,1,0,0,1
5166000,1,0,0,1
5166500,1,0,0,1
5167000,1,0,0,1
5167500,1,0,0,1
5168000,1,0,0,1
5168500,1,0,0,1
5169000,1,0,0,1
5169500,1,0,0,1
5170000,1,0,0,1
5170500,1,0,0,1
5171000,1,0,0,1
5171500,1,0,0,1
5172000,1,0,0,1
5172500,1,0,0,1
5173000,1,0,0,1
5173500,1,0,0,1
5174000,1,0,0,1
5174500,1,0,0,1
5175000,1,0,0,1
5175500,1,0,0,1
5176000,1,0,0,1
5176500,1,0,0,1
5177000,1,0,0,1
5177500,1,0,0,1
5178000,1,0,0,1
5178500,1,0,0,1
5179000,1,0,0,1
5179500,1,0,0,1
5180000,1,0,0,1
5180500,1,0,0,1
5181000,1,0,0,1
5181500,1,0,0,1
5182000,1,0,0,1
5182500,1,0,0,1
5183000,1,0,0,1
5183500,1,0,0,1
5184000,1,0,0,1
5184500,1,0,0,1
5185000,1,0,0,1
5185500,1,0,0,1
5186000,1,0,0,1
5186500,1,0,0,1
5187000,1,0,0,1
5187500,1,0,0,1
5188000,1,0,0,1
5188500,1,0,0,1
5189000,1,0,0,1
5189500,1,0,0,1
5190000,1,0,0,1
5190500,1,0,0,1
5191000,1,0,0,1
5191500,1,0,0,1
5192000,1,0,0,1
5192500,1,0,0,1
5193000,1,0,0,1
5193500,1,0,0,1
5194000,1,0,0,1
5194500,1,0,0,1
5195000,1,0,0,1
5195500,1,0,0,1
5196000,1,0,0,1
5196500,1,0,0,1
5197000,1,0,0,1
5197500,1,0,0,1
5198000,1,0,0,1
5198500,1,0,0,1
5199000,1,0,0,1
5199500,1,0,0,1
5200000,1,0,0,1
5200500,1,0,0,1
5201000,1,0,0,1
5201500,1,0,0,1
5202000,1,0,0,1
5202500,1,0,0,1
5203000,1,0,0,1
5203500,1,0,0,1
5204000,1,0,0,1
5204500,1,0,0,1
5205000,1,0,0,1
5205500,1,0,0,1
5206000,1,0,0,1
5206500,1,0,0,1
5207000,1,0,0,1
5207500,1,0,0,1
5208000,1,0,0,1
5208500,1,0,0,1
5209000,1,0,0,1
5209500,1,0,0,1
5210000,1,0,0,1
5210500,1,0,0,1
5211000,1,0,0,1
5211500,1,0,0,1
5212000,1,0,0,1
5212500,1,0,0,1
5213000,1,0,0,1
5213500,1,0,0,1
5214000,1,0,0,1
5214500,1,0,0,1
5215000,1,0,0,1
5215500,1,0,0,1
5216000,1,0,0,1
5216500,1,0,0,1
5217000,1,0,0,1
5217500,1,0,0,1
5218000,1,0,0,1
5218500,1,0,0,1
5219000,1,0,0,1
5219500,1,0,0,1
5220000,1,0,0,1
5220500,1,0,0,1
5221000,1,0,0,1
5221500,1,0,0,1
5222000,1,0,0,1
5222500,1,0,0,1
5223000,1,0,0,1
5223500,1,0,0,1
5224000,1,0,0,1
5224500,1,0,0,1
5225000,1,0,0,1
5225500,1,0,0,1
5226000,1,0,0,1
5226500,1,0,0,1
5227000,1,0,0,1
5227500,1,0,0,1
5228000,1,0,0,1
5228500,1,0,0,1
5229000,1,0,0,1
5229500,1,0,0,1
5230000,1,0,0,1
5230500,1,0,0,1
5231000,1,0,0,1
5231500,1,0,0,1
5232000,1,0,0,1
5232500,1,0,0,1
5233000,1,0,0,1
5233500,1,0,0,1
5234000,1,0,0,1
5234500,1,0,0,1
5235000,1,0,0,1
5235500,1,0,0,1
5236000,1,0,0,1
5236500,1,0,0,1
5237000,1,0,0,1
5237500,1,0,0,1
5238000,1,0,0,1
5238500,1,0,0,1
5239000,1,0,0,1
5239500,1,0,0,1
5240000,1,0,0,1
5240500,1,0,0,1
5241000,1,0,0,1
5241500,1,0,0,1
5242000,1,0,0,1
5242500,1,0,0,1
5243000,1,0,0,1
5243500,1,0,0,1
5244000,1,0,0,1
5244500,1,0,0,1
5245000,1,0,0,1
5245500,1,0,0,1
5246000,1,0,0,1
5246500,1,0,0,1
5247000,1,0,0,1
5247500,1,0,0,1
5248000,1,0,0,1
5248500,1,0,0,1
5249000,1,0,0,1
5249500,1,0,0,1
5250000,1,0,0,1
5250500,1,0,0,1
5251000,1,0,0,1
5251500,1,0,0,1
5252000,1,0,0,1
5252500,1,0,0,1
5253000,1,0,0,1
5253500,1,0,0,1
5254000,1,0,0,1
5254500,1,0,0,1
5255000,1,0,0,1
5255500,1,0,0,1
5256000,1,0,0,1
5256500,1,0,0,1
5257000,1,0,0,1
5257500,1,0,0,1
5258000,1,0,0,1
5258500,1,0,0,1
5259000,1,0,0,1
5259500,1,0,0,1
5260000,1,0,0,1
5260500,1,0,0,1
5261000,1,0,0,1
5261500,1,0,0,1
5262000,1,0,0,1
5262500,1,0,0,1
5263000,1,0,0,1
5263500,1,0,0,1
5264000,1,0,0,1
5264500,1,0,0,1
5265000,1,0,0,1
5265500,1,0,0,1
5266000,1,0,0,1
5266500,1,0,0,1
5267000,1,0,0,1
5267500,1,0,0,1
5268000,1,0,0,1
5268500,1,0,0,1
5269000,1,0,0,1
5269500,1,0,0,1
5270000,1,0,0,1
5270500,1,0,0,1
5271000,1,0,0,1
5271500,1,0,0,1
5272000,1,0,0,1
5272500,1,0,0,1
5273000,1,0,0,1
5273500,1,0,0,1
5274000,1,0,0,1
5274500,1,0,0,1
5275000,1,0,0,1
5275500,1,0,0,1
5276000,1,0,0,1
5276500,1,0,0,1
5277000,1,0,0,1
5277500,1,0,0,1
5278000,1,0,0,1
5278500,1,0,0,1
5279000,1,0,0,1
5279500,1,0,0,1
5280000,1,0,0,1
5280500,1,0,0,1
5281000,1,0,0,1
5281500,1,0,0,1
5282000,1,0,0,1
5282500,1,0,0,1
5283000,1,0,0,1
5283500,1,0,0,1
5284000,1,0,0,1
5284500,1,0,0,1
5285000,1,0,0,1
5285500,1,0,0,1
5286000,1,0,0,1
5286500,1,0,0,1
5287000,1,0,0,1
5287500,1,0,0,1
5288000,1,0,0,1
5288500,1,0,0,1
5289000,1,0,0,1
5289500,1,0,0,1
5290000,1,0,0,1
5290500,1,0,0,1
5291000,1,0,0,1
5291500,1,0,0,1
5292000,1,0,0,1
5292500,1,0,0,1
5293000,1,0,0,1
5293500,1,0,0,1
5294000,1,0,0,1
5294500,1,0,0,1
5295000,1,0,0,1
5295500,1,0,0,1
5296000,1,0,0,1
5296500,1,0,0,1
5297000,1,0,0,1
5297500,1,0,0,1
5298000,1,0,0,1
5298500,1,0,0,1
5299000,1,0,0,1
5299500,1,0,0,1
5300000,1,0,0,1
5300500,1,0,0,1
5301000,1,0,0,1
5301500,1,0,0,1
5302000,1,0,0,1
5302500,1,0,0,1
5303000,1,0,0,1
5303500,1,0,0,1
5304000,1,0,0,1
5304500,1,0,0,1
5305000,1,0,0,1
5305500,1,0,0,1
5306000,1,0,0,1
5306500,1,0,0,1
5307000,1,0,0,1
5307500,1,0,0,1
5308000,1,0,0,1
5308500,1,0,0,1
5309000,1,0,0,1
5309500,1,0,0,1
5310000,1,0,0,1
5310500,1,0,0,1
5311000,1,0,0,1
5311500,1,0,0,1
5312000,1,0,0,1
5312500,1,0,0,1
5313000,1,0,0,1
5313500,1,0,0,1
5314000,1,0,0,1
5314500,1,0,0,1
5315000,1,0,0,1
5315500,1,0,0,1
5316000,1,0,0,1
5316500,1,0,0,1
5317000,1,0,0,1
5317500,1,0,0,1
5318000,1,0,0,1
5318500,1,0,0,1
5319000,1,0,0,1
5319500,1,0,0,1
5320000,1,0,0,1
5320500,1,0,0,1
5321000,1,0,0,1
5321500,1,0,0,1
5322000,1,0,0,1
5322500,1,0,0,1
5323000,1,0,0,1
5323500,1,0,0,1
5324000,1,0,0,1
5324500,1,0,0,1
5325000,1,0,0,1
5325500,1,0,0,1
5326000,1,0,0,1
5326500,1,0,0,1
5327000,1,0,0,1
5327500,1,0,0,1
5328000,1,0,0,1
5328500,1,0,0,1
5329000,1,0,0,1
5329500,1,0,0,1
5330000,1,0,0,1
5330500,1,0,0,1
5331000,1,0,0,1
5331500,1,0,0,1
5332000,1,0,0,1
5332500,1,0,0,1
5333000,1,0,0,1
5333500,1,0,0,1
5334000,1,0,0,1
5334500,1,0,0,1
5335000,1,0,0,1
5335500,1,0,0,1
5336000,1,0,0,1
5336500,1,0,0,1
5337000,1,0,0,1
5337500,1,0,0,1
5338000,1,0,0,1
5338500,1,0,0,1
5339000,1,0,0,1
5339500,1,0,0,1
5340000,1,0,0,1
5340500,1,0,0,1
5341000,1,0,0,1
5341500,1,0,0,1
5342000,1,0,0,1
5342500,1,0,0,1
5343000,1,0,0,1
5343500,1,0,0,1
5344000,1,0,0,1
5344500,1,0,0,1
5345000,1,0,0,1
5345500,1,0,0,1
5346000,1,0,0,1
5346500,1,0,0,1
5347000,1,0,0,1
5347500,1,0,0,1
5348000,1,0,0,1
5348500,1,0,0,1
5349000,1,0,0,1
5349500,1,0,0,1
5350000,1,0,0,1
5350500,1,0,0,1
5351000,1,0,0,1
5351500,1,0,0,1
5352000,1,0,0,1
5352500,1,0,0,1
5353000,1,0,0,1
5353500,1,0,0,1
5354000,1,0,0,1
5354500,1,0,0,1
5355000,1,0,0,1
5355500,1,0,0,1
5356000,1,0,0,1
5356500,1,0,0,1
5357000,1,0,0,1
5357500,1,0,0,1
5358000,1,0,0,1
5358500,1,0,0,1
5359000,1,0,0,1
5359500,1,0,0,1
5360000,1,0,0,1
5360500,1,0,0,1
5361000,1,0,0,1
5361500,1,0,0,1
5362000,1,0,0,1
5362500,1,0,0,1
5363000,1,0,0,1
5363500,1,0,0,1
5364000,1,0,0,1
5364500,1,0,0,1
5365000,1,0,0,1
5365500,1,0,0,1
5366000,1,0,0,1
5366500,1,0,0,1
5367000,1,0,0,1
5367500,1,0,0,1
5368000,1,0,0,1
5368500,1,0,0,1
5369000,1,0,0,1
5369500,1,0,0,1
5370000,1,0,0,1
5370500,1,0,0,1
5371000,1,0,0,1
5371500,1,0,0,1
5372000,1,0,0,1
5372500,1,0,0,1
5373000,1,0,0,1
5373500,1,0,0,1
5374000,1,0,0,1
5374500,1,0,0,1
5375000,1,0,0,1
5375500,1,0,0,1
5376000,1,0,0,1
5376500,1,0,0,1
5377000,1,0,0,1
5377500,1,0,0,1
5378000,1,0,0,1
5378500,1,0,0,1
5379000,1,0,0,1
5379500,1,0,0,1
5380000,1,0,0,1
5380500,1,0,0,1
5381000,1,0,0,1
5381500,1,0,0,1
5382000,1,0,0,1
5382500,1,0,0,1
5383000,1,0,0,1
5383500,1,0,0,1
5384000,1,0,0,1
5384500,1,0,0,1
5385000,1,0,0,1
5385500,1,0,0,1
5386000,1,0,0,1
5386500,1,0,0,1
5387000,1,0,0,1
5387500,1,0,0,1
5388000,1,0,0,1
5388500,1,0,0,1
5389000,1,0,0,1
5389500,1,0,0,1
5390000,1,0,0,1
5390500,1,0,0,1
5391000,1,0,0,1
5391500,1,0,0,1
5392000,1,0,0,1
5392500,1,0,0,1
5393000,1,0,0,1
5393500,1,0,0,1
5394000,1,0,0,1
5394500,1,0,0,1
5395000,1,0,0,1
5395500,1,0,0,1
5396000,1,0,0,1
5396500,1,0,0,1
5397000,1,0,0,1
5397500,1,0,0,1
5398000,1,0,0,1
5398500,1,0,0,1
5399000,1,0,0,1
5399500,1,0,0,1
5400000,1,0,0,1
5400500,1,0,0,1
5401000,1,0,0,1
5401500,1,0,0,1
5402000,1,0,0,1
5402500,1,0,0,1
5403000,1,0,0,1
5403500,1,0,0,1
5404000,1,0,0,1
5404500,1,0,0,1
5405000,1,0,0,1
5405500,1,0,0,1
5406000,1,0,0,1
5406500,1,0,0,1
5407000,1,0,0,1
5407500,1,0,0,1
5408000,1,0,0,1
5408500,1,0,0,1
5409000,1,0,0,1
5409500,1,0,0,1
5410000,1,0,0,1
5410500,1,0,0,1
5411000,1,0,0,1
5411500,1,0,0,1
5412000,1,0,0,1
5412500,1,0,0,1
5413000,1,0,0,1
5413500,1,0,0,1
5414000,1,0,0,1
5414500,1,0,0,1
5415000,1,0,0,1
5415500,1,0,0,1
5416000,1,0,0,1
5416500,1,0,0,1
5417000,1,0,0,1
5417500,1,0,0,1
5418000,1,0,0,1
5418500,1,0,0,1
5419000,1,0,0,1
5419500,1,0,0,1
5420000,1,0,0,1
5420500,1,0,0,1
5421000,1,0,0,1
5421500,1,0,0,1
5422000,1,0,0,1
5422500,1,0,0,1
5423000,1,0,0,1
5423500,1,0,0,1
5424000,1,0,0,1
5424500,1,0,0,1
5425000,1,0,0,1
5425500,1,0,0,1
5426000,1,0,0,1
5426500,1,0,0,1
5427000,1,0,0,1
5427500,1,0,0,1
5428000,1,0,0,1
5428500,1,0,0,1
5429000,1,0,0,1
5429500,1,0,0,1
5430000,1,0,0,1
5430500,1,0,0,1
5431000,1,0,0,1
5431500,1,0,0,1
5432000,1,0,0,1
5432500,1,0,0,1
5433000,1,0,0,1
5433500,1,0,0,1
5434000,1,0,0,1
5434500,1,0,0,1
5435000,1,0,0,1
5435500,1,0,0,1
5436000,1,0,0,1
5436500,1,0,0,1
5437000,1,0,0,1
5437500,1,0,0,1
5438000,1,0,0,1
5438500,1,0,0,1
5439000,1,0,0,1
5439500,1,0,0,1
5440000,1,0,0,1
5440500,1,0,0,1
5441000,1,0,0,1
5441500,1,0,0,1
5442000,1,0,0,1
5442500,1,0,0,1
5443000,1,0,0,1
5443500,1,0,0,1
5444000,1,0,0,1
5444500,1,0,0,1
5445000,1,0,0,1
5445500,1,0,0,1
5446000,1,0,0,1
5446500,1,0,0,1
5447000,1,0,0,1
5447500,1,0,0,1
5448000,1,0,0,1
5448500,1,0,0,1
5449000,1,0,0,1
5449500,1,0,0,1
5450000,1,0,0,1
5450500,1,0,0,1
5451000,1,0,0,1
5451500,1,0,0,1
5452000,1,0,0,1
5452500,1,0,0,1
5453000,1,0,0,1
5453500,1,0,0,1
5454000,1,0,0,1
5454500,1,0,0,1
5455000,1,0,0,1
5455500,1,0,0,1
5456000,1,0,0,1
5456500,1,0,0,1
5457000,1,0,0,1
5457500,1,0,0,1
5458000,1,0,0,1
5458500,1,0,0,1
5459000,1,0,0,1
5459500,1,0,0,1
5460000,1,0,0,1
5460500,1,0,0,1
5461000,1,0,0,1
5461500,1,0,0,1
5462000,1,0,0,1
5462500,1,0,0,1
5463000,1,0,0,1
5463500,1,0,0,1
5464000,1,0,0,1
5464500,1,0,0,1
5465000,1,0,0,1
5465500,1,0,0,1
5466000,1,0,0,1
5466500,1,0,0,1
5467000,1,0,0,1
5467500,1,0,0,1
5468000,1,0,0,1
5468500,1,0,0,1
5469000,1,0,0,1
5469500,1,0,0,1
5470000,1,0,0,1
5470500,1,0,0,1
5471000,1,0,0,1
5471500,1,0,0,1
5472000,1,0,0,1
5472500,1,0,0,1
5473000,1,0,0,1
5473500,1,0,0,1
5474000,1,0,0,1
5474500,1,0,0,1
5475000,1,0,0,1
5475500,1,0,0,1
5476000,1,0,0,1
5476500,1,0,0,1
5477000,1,0,0,1
5477500,1,0,0,1
5478000,1,0,0,1
5478500,1,0,0,1
5479000,1,0,0,1
5479500,1,0,0,1
5480000,1,0,0,1
5480500,1,0,0,1
5481000,1,0,0,1
5481500,1,0,0,1
5482000,1,0,0,1
5482500,1,0,0,1
5483000,1,0,0,1
5483500,1,0,0,1
5484000,1,0,0,1
5484500,1,0,0,1
5485000,1,0,0,1
5485500,1,0,0,1
5486000,1,0,0,1
5486500,1,0,0,1
5487000,1,0,0,1
5487500,1,0,0,1
5488000,1,0,0,1
5488500,1,0,0,1
5489000,1,0,0,1
5489500,1,0,0,1
5490000,1,0,0,1
5490500,1,0,0,1
5491000,1,0,0,1
5491500,1,0,0,1
5492000,1,0,0,1
5492500,1,0,0,1
5493000,1,0,0,1
5493500,1,0,0,1
5494000,1,0,0,1
5494500,1,0,0,1
5495000,1,0,0,1
5495500,1,0,0,1
5496000,1,0,0,1
5496500,1,0,0,1
5497000,1,0,0,1
5497500,1,0,0,1
5498000,1,0,0,1
5498500,1,0,0,1
5499000,1,0,0,1
5499500,1,0,0,1
5500000,1,0,0,1
5500500,1,0,0,1
5501000,1,0,0,1
5501500,1,0,0,1
5502000,1,0,0,1
5502500,1,0,0,1
5503000,1,0,0,1
5503500,1,0,0,1
5504000,1,0,0,1
5504500,1,0,0,1
5505000,1,0,0,1
5505500,1,0,0,1
5506000,1,0,0,1
5506500,1,0,0,1
5507000,1,0,0,1
5507500,1,0,0,1
5508000,1,0,0,1
5508500,1,0,0,1
5509000,1,0,0,1
5509500,1,0,0,1
5510000,1,0,0,1
5510500,1,0,0,1
5511000,1,0,0,1
5511500,1,0,0,1
5512000,1,0,0,1
5512500,1,0,0,1
5513000,1,0,0,1
5513500,1,0,0,1
5514000,1,0,0,1
5514500,1,0,0,1
5515000,1,0,0,1
5515500,1,0,0,1
5516000,1,0,0,1
5516500,1,0,0,1
5517000,1,0,0,1
5517500,1,0,0,1
5518000,1,0,0,1
5518500,1,0,0,1
5519000,1,0,0,1
5519500,1,0,0,1
5520000,1,0,0,1
5520500,1,0,0,1
5521000,1,0,0,1
5521500,1,0,0,1
5522000,1,0,0,1
5522500,1,0,0,1
5523000,1,0,0,1
5523500,1,0,0,1
5524000,1,0,0,1
5524500,1,0,0,1
5525000,1,0,0,1
5525500,1,0,0,1
5526000,1,0,0,1
5526500,1,0,0,1
5527000,1,0,0,1
5527500,1,0,0,1
5528000,1,0,0,1
5528500,1,0,0,1
5529000,1,0,0,1
5529500,1,0,0,1
5530000,1,0,0,1
5530500,1,0,0,1
5531000,1,0,0,1
5531500,1,0,0,1
5532000,1,0,0,1
5532500,1,0,0,1
5533000,1,0,0,1
5533500,1,0,0,1
5534000,1,0,0,1
5534500,1,0,0,1
5535000,1,0,0,1
5535500,1,0,0,1
5536000,1,0,0,1
5536500,1,0,0,1
5537000,1,0,0,1
5537500,1,0,0,1
5538000,1,0,0,1
5538500,1,0,0,1
5539000,1,0,0,1
5539500,1,0,0,1
5540000,1,0,0,1
5540500,1,0,0,1
5541000,1,0,0,1
5541500,1,0,0,1
5542000,1,0,0,1
5542500,1,0,0,1
5543000,1,0,0,1
5543500,1,0,0,1
5544000,1,0,0,1
5544500,1,0,0,1
5545000,1,0,0,1
5545500,1,0,0,1
5546000,1,0,0,1
5546500,1,0,0,1
5547000,1,0,0,1
5547500,1,0,0,1
5548000,1,0,0,1
5548500,1,0,0,1
5549000,1,0,0,1
5549500,1,0,0,1
5550000,1,0,0,1
5550500,1,0,0,1
5551000,1,0,0,1
5551500,1,0,0,1
5552000,1,0,0,1
5552500,1,0,0,1
5553000,1,0,0,1
5553500,1,0,0,1
5554000,1,0,0,1
5554500,1,0,0,1
5555000,1,0,0,1
5555500,1,0,0,1
5556000,1,0,0,1
5556500,1,0,0,1
5557000,1,0,0,1
5557500,1,0,0,1
5558000,1,0,0,1
5558500,1,0,0,1
5559000,1,0,0,1
5559500,1,0,0,1
5560000,1,0,0,1
5560500,1,0,0,1
5561000,1,0,0,1
5561500,1,0,0,1
5562000,1,0,0,1
5562500,1,0,0,1
5563000,1,0,0,1
5563500,1,0,0,1
5564000,1,0,0,1
5564500,1,0,0,1
5565000,1,0,0,1
5565500,1,0,0,1
5566000,1,0,0,1
5566500,1,0,0,1
5567000,1,0,0,1
5567500,1,0,0,1
5568000,1,0,0,1
5568500,1,0,0,1
5569000,1,0,0,1
5569500,1,0,0,1
5570000,1,0,0,1
5570500,1,0,0,1
5571000,1,0,0,1
5571500,1,0,0,1
5572000,1,0,0,1
5572500,1,0,0,1
5573000,1,0,0,1
5573500,1,0,0,1
5574000,1,0,0,1
5574500,1,0,0,1
5575000,1,0,0,1
5575500,1,0,0,1
5576000,1,0,0,1
5576500,1,0,0,1
5577000,1,0,0,1
5577500,1,0,0,1
5578000,1,0,0,1
5578500,1,0,0,1
5579000,1,0,0,1
5579500,1,0,0,1
5580000,1,0,0,1
5580500,1,0,0,1
5581000,1,0,0,1
5581500,1,0,0,1
5582000,1,0,0,1
5582500,1,0,0,1
5583000,1,0,0,1
5583500,1,0,0,1
5584000,1,0,0,1
5584500,1,0,0,1
5585000,1,0,0,1
5585500,1,0,0,1
5586000,1,0,0,1
5586500,1,0,0,1
5587000,1,0,0,1
5587500,1,0,0,1
5588000,1,0,0,1
5588500,1,0,0,1
5589000,1,0,0,1
5589500,1,0,0,1
5590000,1,0,0,1
5590500,1,0,0,1
5591000,1,0,0,1
5591500,1,0,0,1
5592000,1,0,0,1
5592500,1,0,0,1
5593000,1,0,0,1
5593500,1,0,0,1
5594000,1,0,0,1
5594500,1,0,0,1
5595000,1,0,0,1
5595500,1,0,0,1
5596000,1,0,0,1
5596500,1,0,0,1
5597000,1,0,0,1
5597500,1,0,0,1
5598000,1,0,0,1
5598500,1,0,0,1
5599000,1,0,0,1
5599500,1,0,0,1
5600000,1,0,0,1
5600500,1,0,0,1
5601000,1,0,0,1
5601500,1,0,0,1
5602000,1,0,0,1
5602500,1,0,0,1
5603000,1,0,0,1
5603500,1,0,0,1
5604000,1,0,0,1
5604500,1,0,0,1
5605000,1,0,0,1
5605500,1,0,0,1
5606000,1,0,0,1
5606500,1,0,0,1
5607000,1,0,0,1
5607500,1,0,0,1
5608000,1,0,0,1
5608500,1,0,0,1
5609000,1,0,0,1
5609500,1,0,0,1
5610000,1,0,0,1
5610500,1,0,0,1
5611000,1,0,0,1
5611500,1,0,0,1
5612000,1,0,0,1
5612500,1,0,0,1
5613000,1,0,0,1
5613500,1,0,0,1
5614000,1,0,0,1
5614500,1,0,0,1
5615000,1,0,0,1
5615500,1,0,0,1
5616000,1,0,0,1
5616500,1,0,0,1
5617000,1,0,0,1
5617500,1,0,0,1
5618000,1,0,0,1
5618500,1,0,0,1
5619000,1,0,0,1
5619500,1,0,0,1
5620000,1,0,0,1
5620500,1,0,0,1
5621000,1,0,0,1
5621500,1,0,0,1
5622000,1,0,0,1
5622500,1,0,0,1
5623000,1,0,0,1
5623500,1,0,0,1
5624000,1,0,0,1
5624500,1,0,0,1
5625000,1,0,0,1
5625500,1,0,0,1
5626000,1,0,0,1
5626500,1,0,0,1
5627000,1,0,0,1
5627500,1,0,0,1
5628000,1,0,0,1
5628500,1,0,0,1
5629000,1,0,0,1
5629500,1,0,0,1
5630000,1,0,0,1
5630500,1,0,0,1
5631000,1,0,0,1
5631500,1,0,0,1
5632000,1,0,0,1
5632500,1,0,0,1
5633000,1,0,0,1
5633500,1,0,0,1
5634000,1,0,0,1
5634500,1,0,0,1
5635000,1,0,0,1
5635500,1,0,0,1
5636000,1,0,0,1
5636500,1,0,0,1
5637000,1,0,0,1
5637500,1,0,0,1
5638000,1,0,0,1
5638500,1,0,0,1
5639000,1,0,0,1
5639500,1,0,0,1
5640000,1,0,0,1
5640500,1,0,0,1
5641000,1,0,0,1
5641500,1,0,0,1
5642000,1,0,0,1
5642500,1,0,0,1
5643000,1,0,0,1
5643500,1,0,0,1
5644000,1,0,0,1
5644500,1,0,0,1
5645000,1,0,0,1
5645500,1,0,0,1
5646000,1,0,0,1
5646500,1,0,0,1
5647000,1,0,0,1
5647500,1,0,0,1
5648000,1,0,0,1
5648500,1,0,0,1
5649000,1,0,0,1
5649500,1,0,0,1
5650000,1,0,0,1
5650500,1,0,0,1
5651000,1,0,0,1
5651500,1,0,0,1
5652000,1,0,0,1
5652500,1,0,0,1
5653000,1,0,0,1
5653500,1,0,0,1
5654000,1,0,0,1
5654500,1,0,0,1
5655000,1,0,0,1
5655500,1,0,0,1
5656000,1,0,0,1
5656500,1,0,0,1
5657000,1,0,0,1
5657500,1,0,0,1
5658000,1,0,0,1
5658500,1,0,0,1
5659000,1,0,0,1
5659500,1,0,0,1
5660000,1,0,0,1
5660500,1,0,0,1
5661000,1,0,0,1
5661500,1,0,0,1
5662000,1,0,0,1
5662500,1,0,0,1
5663000,1,0,0,1
5663500,1,0,0,1
5664000,1,0,0,1
5664500,1,0,0,1
5665000,1,0,0,1
5665500,1,0,0,1
5666000,1,0,0,1
5666500,1,0,0,1
5667000,1,0,0,1
5667500,1,0,0,1
5668000,1,0,0,1
5668500,1,0,0,1
5669000,1,0,0,1
5669500,1,0,0,1
5670000,1,0,0,1
5670500,1,0,0,1
5671000,1,0,0,1
5671500,1,0,0,1
5672000,1,0,0,1
5672500,1,0,0,1
5673000,1,0,0,1
5673500,1,0,0,1
5674000,1,0,0,1
5674500,1,0,0,1
5675000,1,0,0,1
5675500,1,0,0,1
5676000,1,0,0,1
5676500,1,0,0,1
5677000,1,0,0,1
5677500,1,0,0,1
5678000,1,0,0,1
5678500,1,0,0,1
5679000,1,0,0,1
5679500,1,0,0,1
5680000,1,0,0,1
5680500,1,0,0,1
5681000,1,0,0,1
5681500,1,0,0,1
5682000,1,0,0,1
5682500,1,0,0,1
5683000,1,0,0,1
5683500,1,0,0,1
5684000,1,0,0,1
5684500,1,0,0,1
5685000,1,0,0,1
5685500,1,0,0,1
5686000,1,0,0,1
5686500,1,0,0,1
5687000,1,0,0,1
5687500,1,0,0,1
5688000,1,0,0,1
5688500,1,0,0,1
5689000,1,0,0,1
5689500,1,0,0,1
5690000,1,0,0,1
5690500,1,0,0,1
5691000,1,0,0,1
5691500,1,0,0,1
5692000,1,0,0,1
5692500,1,0,0,1
5693000,1,0,0,1
5693500,1,0,0,1
5694000,1,0,0,1
5694500,1,0,0,1
5695000,1,0,0,1
5695500,1,0,0,1
5696000,1,0,0,1
5696500,1,0,0,1
5697000,1,0,0,1
5697500,1,0,0,1
5698000,1,0,0,1
5698500,1,0,0,1
5699000,1,0,0,1
5699500,1,0,0,1
5700000,1,0,0,1
5700500,1,0,0,1
5701000,1,0,0,1
5701500,1,0,0,1
5702000,1,0,0,1
5702500,1,0,0,1
5703000,1,0,0,1
5703500,1,0,0,1
5704000,1,0,0,1
5704500,1,0,0,1
5705000,1,0,0,1
5705500,1,0,0,1
5706000,1,0,0,1
5706500,1,0,0,1
5707000,1,0,0,1
5707500,1,0,0,1
5708000,1,0,0,1
5708500,1,0,0,1
5709000,1,0,0,1
5709500,1,0,0,1
5710000,1,0,0,1
5710500,1,0,0,1
5711000,1,0,0,1
5711500,1,0,0,1
5712000,1,0,0,1
5712500,1,0,0,1
5713000,1,0,0,1
5713500,1,0,0,1
5714000,1,0,0,1
5714500,1,0,0,1
5715000,1,0,0,1
5715500,1,0,0,1
5716000,1,0,0,1
5716500,1,0,0,1
5717000,1,0,0,1
5717500,1,0,0,1
5718000,1,0,0,1
5718500,1,0,0,1
5719000,1,0,0,1
5719500,1,0,0,1
5720000,1,0,0,1
5720500,1,0,0,1
5721000,1,0,0,1
5721500,1,0,0,1
5722000,1,0,0,1
5722500,1,0,0,1
5723000,1,0,0,1
5723500,1,0,0,1
5724000,1,0,0,1
5724500,1,0,0,1
5725000,1,0,0,1
5725500,1,0,0,1
5726000,1,0,0,1
5726500,1,0,0,1
5727000,1,0,0,1
5727500,1,0,0,1
5728000,1,0,0,1
5728500,1,0,0,1
5729000,1,0,0,1
5729500,1,0,0,1
5730000,1,0,0,1
5730500,1,0,0,1
5731000,1,0,0,1
5731500,1,0,0,1
5732000,1,0,0,1
5732500,1,0,0,1
5733000,1,0,0,1
5733500,1,0,0,1
5734000,1,0,0,1
5734500,1,0,0,1
5735000,1,0,0,1
5735500,1,0,0,1
5736000,1,0,0,1
5736500,1,0,0,1
5737000,1,0,0,1
5737500,1,0,0,1
5738000,1,0,0,1
5738500,1,0,0,1
5739000,1,0,0,1
5739500,1,0,0,1
5740000,1,0,0,1
5740500,1,0,0,1
5741000,1,0,0,1
5741500,1,0,0,1
5742000,1,0,0,1
5742500,1,0,0,1
5743000,1,0,0,1
5743500,1,0,0,1
5744000,1,0,0,1
5744500,1,0,0,1
5745000,1,0,0,1
5745500,1,0,0,1
5746000,1,0,0,1
5746500,1,0,0,1
5747000,1,0,0,1
5747500,1,0,0,1
5748000,1,0,0,1
5748500,1,0,0,1
5749000,1,0,0,1
5749500,1,0,0,1
5750000,1,0,0,1
5750500,1,0,0,1
5751000,1,0,0,1
5751500,1,0,0,1
5752000,1,0,0,1
5752500,1,0,0,1
5753000,1,0,0,1
5753500,1,0,0,1
5754000,1,0,0,1
5754500,1,0,0,1
5755000,1,0,0,1
5755500,1,0,0,1
5756000,1,0,0,1
5756500,1,0,0,1
5757000,1,0,0,1
5757500,1,0,0,1
5758000,1,0,0,1
5758500,1,0,0,1
5759000,1,0,0,1
5759500,1,0,0,1
5760000,1,0,0,1
5760500,1,0,0,1
5761000,1,0,0,1
5761500,1,0,0,1
5762000,1,0,0,1
5762500,1,0,0,1
5763000,1,0,0,1
5763500,1,0,0,1
5764000,1,0,0,1
5764500,1,0,0,1
5765000,1,0,0,1
5765500,1,0,0,1
5766000,1,0,0,1
5766500,1,0,0,1
5767000,1,0,0,1
5767500,1,0,0,1
5768000,1,0,0,1
5768500,1,0,0,1
5769000,1,0,0,1
5769500,1,0,0,1
5770000,1,0,0,1
5770500,1,0,0,1
5771000,1,0,0,1
5771500,1,0,0,1
5772000,1,0,0,1
5772500,1,0,0,1
5773000,1,0,0,1
5773500,1,0,0,1
5774000,1,0,0,1
5774500,1,0,0,1
5775000,1,0,0,1
5775500,1,0,0,1
5776000,1,0,0,1
5776500,1,0,0,1
5777000,1,0,0,1
5777500,1,0,0,1
5778000,1,0,0,1
5778500,1,0,0,1
5779000,1,0,0,1
5779500,1,0,0,1
5780000,1,0,0,1
5780500,1,0,0,1
5781000,1,0,0,1
5781500,1,0,0,1
5782000,1,0,0,1
5782500,1,0,0,1
5783000,1,0,0,1
5783500,1,0,0,1
5784000,1,0,0,1
5784500,1,0,0,1
5785000,1,0,0,1
5785500,1,0,0,1
5786000,1,0,0,1
5786500,1,0,0,1
5787000,1,0,0,1
5787500,1,0,0,1
5788000,1,0,0,1
5788500,1,0,0,1
5789000,1,0,0,1
5789500,1,0,0,1
5790000,1,0,0,1
5790500,1,0,0,1
5791000,1,0,0,1
5791500,1,0,0,1
5792000,1,0,0,1
5792500,1,0,0,1
5793000,1,0,0,1
5793500,1,0,0,1
5794000,1,0,0,1
5794500,1,0,0,1
5795000,1,0,0,1
5795500,1,0,0,1
5796000,1,0,0,1
5796500,1,0,0,1
5797000,1,0,0,1
5797500,1,0,0,1
5798000,1,0,0,1
5798500,1,0,0,1
5799000,1,0,0,1
5799500,1,0,0,1
5800000,1,0,0,1
5800500,1,0,0,1
5801000,1,0,0,1
5801500,1,0,0,1
5802000,1,0,0,1
5802500,1,0,0,1
5803000,1,0,0,1
5803500,1,0,0,1
5804000,1,0,0,1
5804500,1,0,0,1
5805000,1,0,0,1
5805500,1,0,0,1
5806000,1,0,0,1
5806500,1,0,0,1
5807000,1,0,0,1
5807500,1,0,0,1
5808000,1,0,0,1
5808500,1,0,0,1
5809000,1,0,0,1
5809500,1,0,0,1
5810000,1,0,0,1
5810500,1,0,0,1
5811000,1,0,0,1
5811500,1,0,0,1
5812000,1,0,0,1
5812500,1,0,0,1
5813000,1,0,0,1
5813500,1,0,0,1
5814000,1,0,0,1
5814500,1,0,0,1
5815000,1,0,0,1
5815500,1,0,0,1
5816000,1,0,0,1
5816500,1,0,0,1
5817000,1,0,0,1
5817500,1,0,0,1
5818000,1,0,0,1
5818500,1,0,0,1
5819000,1,0,0,1
5819500,1,0,0,1
5820000,1,0,0,1
5820500,1,0,0,1
5821000,1,0,0,1
5821500,1,0,0,1
5822000,1,0,0,1
5822500,1,0,0,1
5823000,1,0,0,1
5823500,1,0,0,1
5824000,1,0,0,1
5824500,1,0,0,1
5825000,1,0,0,1
5825500,1,0,0,1
5826000,1,0,0,1
5826500,1,0,0,1
5827000,1,0,0,1
5827500,1,0,0,1
5828000,1,0,0,1
5828500,1,0,0,1
5829000,1,0,0,1
5829500,1,0,0,1
5830000,1,0,0,1
5830500,1,0,0,1
5831000,1,0,0,1
5831500,1,0,0,1
5832000,1,0,0,1
5832500,1,0,0,1
5833000,1,0,0,1
5833500,1,0,0,1
5834000,1,0,0,1
5834500,1,0,0,1
5835000,1,0,0,1
5835500,1,0,0,1
5836000,1,0,0,1
5836500,1,0,0,1
5837000,1,0,0,1
5837500,1,0,0,1
5838000,1,0,0,1
5838500,1,0,0,1
5839000,1,0,0,1
5839500,1,0,0,1
5840000,1,0,0,1
5840500,1,0,0,1
5841000,1,0,0,1
5841500,1,0,0,1
5842000,1,0,0,1
5842500,1,0,0,1
5843000,1,0,0,1
5843500,1,0,0,1
5844000,1,0,0,1
5844500,1,0,0,1
5845000,1,0,0,1
5845500,1,0,0,1
5846000,1,0,0,1
5846500,1,0,0,1
5847000,1,0,0,1
5847500,1,0,0,1
5848000,1,0,0,1
5848500,1,0,0,1
5849000,1,0,0,1
5849500,1,0,0,1
5850000,1,0,0,1
5850500,1,0,0,1
5851000,1,0,0,1
5851500,1,0,0,1
5852000,1,0,0,1
5852500,1,0,0,1
5853000,1,0,0,1
5853500,1,0,0,1
5854000,1,0,0,1
5854500,1,0,0,1
5855000,1,0,0,1
5855500,1,0,0,1
5856000,1,0,0,1
5856500,1,0,0,1
5857000,1,0,0,1
5857500,1,0,0,1
5858000,1,0,0,1
5858500,1,0,0,1
5859000,1,0,0,1
5859500,1,0,0,1
5860000,1,0,0,1
5860500,1,0,0,1
5861000,1,0,0,1
5861500,1,0,0,1
5862000,1,0,0,1
5862500,1,0,0,1
5863000,1,0,0,1
5863500,1,0,0,1
5864000,1,0,0,1
5864500,1,0,0,1
5865000,1,0,0,1
5865500,1,0,0,1
5866000,1,0,0,1
5866500,1,0,0,1
5867000,1,0,0,1
5867500,1,0,0,1
5868000,1,0,0,1
5868500,1,0,0,1
5869000,1,0,0,1
5869500,1,0,0,1
5870000,1,0,0,1
5870500,1,0,0,1
5871000,1,0,0,1
5871500,1,0,0,1
5872000,1,0,0,1
5872500,1,0,0,1
5873000,1,0,0,1
5873500,1,0,0,1
5874000,1,0,0,1
5874500,1,0,0,1
5875000,1,0,0,1
5875500,1,0,0,1
5876000,1,0,0,1
5876500,1,0,0,1
5877000,1,0,0,1
5877500,1,0,0,1
5878000,1,0,0,1
5878500,1,0,0,1
5879000,1,0,0,1
5879500,1,0,0,1
5880000,1,0,0,1
5880500,1,0,0,1
5881000,1,0,0,1
5881500,1,0,0,1
5882000,1,0,0,1
5882500,1,0,0,1
5883000,1,0,0,1
5883500,1,0,0,1
5884000,1,0,0,1
5884500,1,0,0,1
5885000,1,0,0,1
5885500,1,0,0,1
5886000,1,0,0,1
5886500,1,0,0,1
5887000,1,0,0,1
5887500,1,0,0,1
5888000,1,0,0,1
5888500,1,0,0,1
5889000,1,0,0,1
5889500,1,0,0,1
5890000,1,0,0,1
5890500,1,0,0,1
5891000,1,0,0,1
5891500,1,0,0,1
5892000,1,0,0,1
5892500,1,0,0,1
5893000,1,0,0,1
5893500,1,0,0,1
5894000,1,0,0,1
5894500,1,0,0,1
5895000,1,0,0,1
5895500,1,0,0,1
5896000,1,0,0,1
5896500,1,0,0,1
5897000,1,0,0,1
5897500,1,0,0,1
5898000,1,0,0,1
5898500,1,0,0,1
5899000,1,0,0,1
5899500,1,0,0,1
5900000,1,0,0,1
5900500,1,0,0,1
5901000,1,0,0,1
5901500,1,0,0,1
5902000,1,0,0,1
5902500,1,0,0,1
5903000,1,0,0,1
5903500,1,0,0,1
5904000,1,0,0,1
5904500,1,0,0,1
5905000,1,0,0,1
5905500,1,0,0,1
5906000,1,0,0,1
5906500,1,0,0,1
5907000,1,0,0,1
5907500,1,0,0,1
5908000,1,0,0,1
5908500,1,0,0,1
5909000,1,0,0,1
5909500,1,0,0,1
5910000,1,0,0,1
5910500,1,0,0,1
5911000,1,0,0,1
5911500,1,0,0,1
5912000,1,0,0,1
5912500,1,0,0,1
5913000,1,0,0,1
5913500,1,0,0,1
5914000,1,0,0,1
5914500,1,0,0,1
5915000,1,0,0,1
5915500,1,0,0,1
5916000,1,0,0,1
5916500,1,0,0,1
5917000,1,0,0,1
5917500,1,0,0,1
5918000,1,0,0,1
5918500,1,0,0,1
5919000,1,0,0,1
5919500,1,0,0,1
5920000,1,0,0,1
5920500,1,0,0,1
5921000,1,0,0,1
5921500,1,0,0,1
5922000,1,0,0,1
5922500,1,0,0,1
5923000,1,0,0,1
5923500,1,0,0,1
5924000,1,0,0,1
5924500,1,0,0,1
5925000,1,0,0,1
5925500,1,0,0,1
5926000,1,0,0,1
5926500,1,0,0,1
5927000,1,0,0,1
5927500,1,0,0,1
5928000,1,0,0,1
5928500,1,0,0,1
5929000,1,0,0,1
5929500,1,0,0,1
5930000,1,0,0,1
5930500,1,0,0,1
5931000,1,0,0,1
5931500,1,0,0,1
5932000,1,0,0,1
5932500,1,0,0,1
5933000,1,0,0,1
5933500,1,0,0,1
5934000,1,0,0,1
5934500,1,0,0,1
5935000,1,0,0,1
5935500,1,0,0,1
5936000,1,0,0,1
5936500,1,0,0,1
5937000,1,0,0,1
5937500,1,0,0,1
5938000,1,0,0,1
5938500,1,0,0,1
5939000,1,0,0,1
5939500,1,0,0,1
5940000,1,0,0,1
5940500,1,0,0,1
5941000,1,0,0,1
5941500,1,0,0,1
5942000,1,0,0,1
5942500,1,0,0,1
5943000,1,0,0,1
5943500,1,0,0,1
5944000,1,0,0,1
5944500,1,0,0,1
5945000,1,0,0,1
5945500,1,0,0,1
5946000,1,0,0,1
5946500,1,0,0,1
5947000,1,0,0,1
5947500,1,0,0,1
5948000,1,0,0,1
5948500,1,0,0,1
5949000,1,0,0,1
5949500,1,0,0,1
5950000,1,0,0,1
5950500,1,0,0,1
5951000,1,0,0,1
5951500,1,0,0,1
5952000,1,0,0,1
5952500,1,0,0,1
5953000,1,0,0,1
5953500,1,0,0,1
5954000,1,0,0,1
5954500,1,0,0,1
5955000,1,0,0,1
5955500,1,0,0,1
5956000,1,0,0,1
5956500,1,0,0,1
5957000,1,0,0,1
5957500,1,0,0,1
5958000,1,0,0,1
5958500,1,0,0,1
5959000,1,0,0,1
5959500,1,0,0,1
5960000,1,0,0,1
5960500,1,0,0,1
5961000,1,0,0,1
5961500,1,0,0,1
5962000,1,0,0,1
5962500,1,0,0,1
5963000,1,0,0,1
5963500,1,0,0,1
5964000,1,0,0,1
5964500,1,0,0,1
5965000,1,0,0,1
5965500,1,0,0,1
5966000,1,0,0,1
5966500,1,0,0,1
5967000,1,0,0,1
5967500,1,0,0,1
5968000,1,0,0,1
5968500,1,0,0,1
5969000,1,0,0,1
5969500,1,0,0,1
5970000,1,0,0,1
5970500,1,0,0,1
5971000,1,0,0,1
5971500,1,0,0,1
5972000,1,0,0,1
5972500,1,0,0,1
5973000,1,0,0,1
5973500,1,0,0,1
5974000,1,0,0,1
5974500,1,0,0,1
5975000,1,0,0,1
5975500,1,0,0,1
5976000,1,0,0,1
5976500,1,0,0,1
5977000,1,0,0,1
5977500,1,0,0,1
5978000,1,0,0,1
5978500,1,0,0,1
5979000,1,0,0,1
5979500,1,0,0,1
5980000,1,0,0,1
5980500,1,0,0,1
5981000,1,0,0,1
5981500,1,0,0,1
5982000,1,0,0,1
5982500,1,0,0,1
5983000,1,0,0,1
5983500,1,0,0,1
5984000,1,0,0,1
5984500,1,0,0,1
5985000,1,0,0,1
5985500,1,0,0,1
5986000,1,0,0,1
5986500,1,0,0,1
5987000,1,0,0,1
5987500,1,0,0,1
5988000,1,0,0,1
5988500,1,0,0,1
5989000,1,0,0,1
5989500,1,0,0,1
5990000,1,0,0,1
5990500,1,0,0,1
5991000,1,0,0,1
5991500,1,0,0,1
5992000,1,0,0,1
5992500,1,0,0,1
5993000,1,0,0,1
5993500,1,0,0,1
5994000,1,0,0,1
5994500,1,0,0,1
5995000,1,0,0,1
5995500,1,0,0,1
5996000,1,0,0,1
5996500,1,0,0,1
5997000,1,0,0,1
5997500,1,0,0,1
5998000,1,0,0,1
5998500,1,0,0,1
5999000,1,0,0,1
5999500,1,0,0,1
6000000,1,0,0,1
6000500,1,0,0,1
6001000,1,0,0,1
6001500,1,0,0,1
6002000,1,0,0,1
6002500,1,0,0,1
6003000,1,0,0,1
6003500,1,0,0,1
6004000,1,0,0,1
6004500,1,0,0,1
6005000,1,0,0,1
6005500,1,0,0,1
6006000,1,0,0,1
6006500,1,0,0,1
6007000,1,0,0,1
6007500,1,0,0,1
6008000,1,0,0,1
6008500,1,0,0,1
6009000,1,0,0,1
6009500,1,0,0,1
6010000,1,0,0,1
6010500,1,0,0,1
6011000,1,0,0,1
6011500,1,0,0,1
6012000,1,0,0,1
6012500,1,0,0,1
6013000,1,0,0,1
6013500,1,0,0,1
6014000,1,0,0,1
6014500,1,0,0,1
6015000,1,0,0,1
6015500,1,0,0,1
6016000,1,0,0,1
6016500,1,0,0,1
6017000,1,0,0,1
6017500,1,0,0,1
6018000,1,0,0,1
6018500,1,0,0,1
6019000,1,0,0,1
6019500,1,0,0,1
6020000,1,0,0,1
6020500,1,0,0,1
6021000,1,0,0,1
6021500,1,0,0,1
6022000,1,0,0,1
6022500,1,0,0,1
6023000,1,0,0,1
6023500,1,0,0,1
6024000,1,0,0,1
6024500,1,0,0,1
6025000,1,0,0,1
6025500,1,0,0,1
6026000,1,0,0,1
6026500,1,0,0,1
6027000,1,0,0,1
6027500,1,0,0,1
6028000,1,0,0,1
6028500,1,0,0,1
6029000,1,0,0,1
6029500,1,0,0,1
6030000,1,0,0,1
6030500,1,0,0,1
6031000,1,0,0,1
6031500,1,0,0,1
6032000,1,0,0,1
6032500,1,0,0,1
6033000,1,0,0,1
6033500,1,0,0,1
6034000,1,0,0,1
6034500,1,0,0,1
6035000,1,0,0,1
6035500,1,0,0,1
6036000,1,0,0,1
6036500,1,0,0,1
6037000,1,0,0,1
6037500,1,0,0,1
6038000,1,0,0,1
6038500,1,0,0,1
6039000,1,0,0,1
6039500,1,0,0,1
6040000,1,0,0,1
6040500,1,0,0,1
6041000,1,0,0,1
6041500,1,0,0,1
6042000,1,0,0,1
6042500,1,0,0,1
6043000,1,0,0,1
6043500,1,0,0,1
6044000,1,0,0,1
6044500,1,0,0,1
6045000,1,0,0,1
6045500,1,0,0,1
6046000,1,0,0,1
6046500,1,0,0,1
6047000,1,0,0,1
6047500,1,0,0,1
6048000,1,0,0,1
6048500,1,0,0,1
6049000,1,0,0,1
6049500,1,0,0,1
6050000,1,0,0,1
6050500,1,0,0,1
6051000,1,0,0,1
6051500,1,0,0,1
6052000,1,0,0,1
6052500,1,0,0,1
6053000,1,0,0,1
6053500,1,0,0,1
6054000,1,0,0,1
6054500,1,0,0,1
6055000,1,0,0,1
6055500,1,0,0,1
6056000,1,0,0,1
6056500,1,0,0,1
6057000,1,0,0,1
6057500,1,0,0,1
6058000,1,0,0,1
6058500,1,0,0,1
6059000,1,0,0,1
6059500,1,0,0,1
6060000,1,0,0,1
6060500,1,0,0,1
6061000,1,0,0,1
6061500,1,0,0,1
6062000,1,0,0,1
6062500,1,0,0,1
6063000,1,0,0,1
6063500,1,0,0,1
6064000,1,0,0,1
6064500,1,0,0,1
6065000,1,0,0,1
6065500,1,0,0,1
6066000,1,0,0,1
6066500,1,0,0,1
6067000,1,0,0,1
6067500,1,0,0,1
6068000,1,0,0,1
6068500,1,0,0,1
6069000,1,0,0,1
6069500,1,0,0,1
6070000,1,0,0,1
6070500,1,0,0,1
6071000,1,0,0,1
6071500,1,0,0,1
6072000,1,0,0,1
6072500,1,0,0,1
6073000,1,0,0,1
6073500,1,0,0,1
6074000,1,0,0,1
6074500,1,0,0,1
6075000,1,0,0,1
6075500,1,0,0,1
6076000,1,0,0,1
6076500,1,0,0,1
6077000,1,0,0,1
6077500,1,0,0,1
6078000,1,0,0,1
6078500,1,0,0,1
6079000,1,0,0,1
6079500,1,0,0,1
6080000,1,0,0,1
6080500,1,0,0,1
6081000,1,0,0,1
6081500,1,0,0,1
6082000,1,0,0,1
6082500,1,0,0,1
6083000,1,0,0,1
6083500,1,0,0,1
6084000,1,0,0,1
6084500,1,0,0,1
6085000,1,0,0,1
6085500,1,0,0,1
6086000,1,0,0,1
6086500,1,0,0,1
6087000,1,0,0,1
6087500,1,0,0,1
6088000,1,0,0,1
6088500,1,0,0,1
6089000,1,0,0,1
6089500,1,0,0,1
6090000,1,0,0,1
6090500,1,0,0,1
6091000,1,0,0,1
6091500,1,0,0,1
6092000,1,0,0,1
6092500,1,0,0,1
6093000,1,0,0,1
6093500,1,0,0,1
6094000,1,0,0,1
6094500,1,0,0,1
6095000,1,0,0,1
6095500,1,0,0,1
6096000,1,0,0,1
6096500,1,0,0,1
6097000,1,0,0,1
6097500,1,0,0,1
6098000,1,0,0,1
6098500,1,0,0,1
6099000,1,0,0,1
6099500,1,0,0,1
6100000,1,0,0,1
6100500,1,0,0,1
6101000,1,0,0,1
6101500,1,0,0,1
6102000,1,0,0,1
6102500,1,0,0,1
6103000,1,0,0,1
6103500,1,0,0,1
6104000,1,0,0,1
6104500,1,0,0,1
6105000,1,0,0,1
6105500,1,0,0,1
6106000,1,0,0,1
6106500,1,0,0,1
6107000,1,0,0,1
6107500,1,0,0,1
6108000,1,0,0,1
6108500,1,0,0,1
6109000,1,0,0,1
6109500,1,0,0,1
6110000,1,0,0,1
6110500,1,0,0,1
6111000,1,0,0,1
6111500,1,0,0,1
6112000,1,0,0,1
6112500,1,0,0,1
6113000,1,0,0,1
6113500,1,0,0,1
6114000,1,0,0,1
6114500,1,0,0,1
6115000,1,0,0,1
6115500,1,0,0,1
6116000,1,0,0,1
6116500,1,0,0,1
6117000,1,0,0,1
6117500,1,0,0,1
6118000,1,0,0,1
6118500,1,0,0,1
6119000,1,0,0,1
6119500,1,0,0,1
6120000,1,0,0,1
6120500,1,0,0,1
6121000,1,0,0,1
6121500,1,0,0,1
6122000,1,0,0,1
6122500,1,0,0,1
6123000,1,0,0,1
6123500,1,0,0,1
6124000,1,0,0,1
6124500,1,0,0,1
6125000,1,0,0,1
6125500,1,0,0,1
6126000,1,0,0,1
6126500,1,0,0,1
6127000,1,0,0,1
6127500,1,0,0,1
6128000,1,0,0,1
6128500,1,0,0,1
6129000,1,0,0,1
6129500,1,0,0,1
6130000,1,0,0,1
6130500,1,0,0,1
6131000,1,0,0,1
6131500,1,0,0,1
6132000,1,0,0,1
6132500,1,0,0,1
6133000,1,0,0,1
6133500,1,0,0,1
6134000,1,0,0,1
6134500,1,0,0,1
6135000,1,0,0,1
6135500,1,0,0,1
6136000,1,0,0,1
6136500,1,0,0,1
6137000,1,0,0,1
6137500,1,0,0,1
6138000,1,0,0,1
6138500,1,0,0,1
6139000,1,0,0,1
6139500,1,0,0,1
6140000,1,0,0,1
6140500,1,0,0,1
6141000,1,0,0,1
6141500,1,0,0,1
6142000,1,0,0,1
6142500,1,0,0,1
6143000,1,0,0,1
6143500,1,0,0,1
6144000,1,0,0,1
6144500,1,0,0,1
6145000,1,0,0,1
6145500,1,0,0,1
6146000,1,0,0,1
6146500,1,0,0,1
6147000,1,0,0,1
6147500,1,0,0,1
6148000,1,0,0,1
6148500,1,0,0,1
6149000,1,0,0,1
6149500,1,0,0,1
6150000,1,0,0,1
6150500,1,0,0,1
6151000,1,0,0,1
6151500,1,0,0,1
6152000,1,0,0,1
6152500,1,0,0,1
6153000,1,0,0,1
6153500,1,0,0,1
6154000,1,0,0,1
6154500,1,0,0,1
6155000,1,0,0,1
6155500,1,0,0,1
6156000,1,0,0,1
6156500,1,0,0,1
6157000,1,0,0,1
6157500,1,0,0,1
6158000,1,0,0,1
6158500,1,0,0,1
6159000,1,0,0,1
6159500,1,0,0,1
6160000,1,0,0,1
6160500,1,0,0,1
6161000,1,0,0,1
6161500,1,0,0,1
6162000,1,0,0,1
6162500,1,0,0,1
6163000,1,0,0,1
6163500,1,0,0,1
6164000,1,0,0,1
6164500,1,0,0,1
6165000,1,0,0,1
6165500,1,0,0,1
6166000,1,0,0,1
6166500,1,0,0,1
6167000,1,0,0,1
6167500,1,0,0,1
6168000,1,0,0,1
6168500,1,0,0,1
6169000,1,0,0,1
6169500,1,0,0,1
6170000,1,0,0,1
6170500,1,0,0,1
6171000,1,0,0,1
6171500,1,0,0,1
6172000,1,0,0,1
6172500,1,0,0,1
6173000,1,0,0,1
6173500,1,0,0,1
6174000,1,0,0,1
6174500,1,0,0,1
6175000,1,0,0,1
6175500,1,0,0,1
6176000,1,0,0,1
6176500,1,0,0,1
6177000,1,0,0,1
6177500,1,0,0,1
6178000,1,0,0,1
6178500,1,0,0,1
6179000,1,0,0,1
6179500,1,0,0,1
6180000,1,0,0,1
6180500,1,0,0,1
6181000,1,0,0,1
6181500,1,0,0,1
6182000,1,0,0,1
6182500,1,0,0,1
6183000,1,0,0,1
6183500,1,0,0,1
6184000,1,0,0,1
6184500,1,0,0,1
6185000,1,0,0,1
6185500,1,0,0,1
6186000,1,0,0,1
6186500,1,0,0,1
6187000,1,0,0,1
6187500,1,0,0,1
6188000,1,0,0,1
6188500,1,0,0,1
6189000,1,0,0,1
6189500,1,0,0,1
6190000,1,0,0,1
6190500,1,0,0,1
6191000,1,0,0,1
6191500,1,0,0,1
6192000,1,0,0,1
6192500,1,0,0,1
6193000,1,0,0,1
6193500,1,0,0,1
6194000,1,0,0,1
6194500,1,0,0,1
6195000,1,0,0,1
6195500,1,0,0,1
6196000,1,0,0,1
6196500,1,0,0,1
6197000,1,0,0,1
6197500,1,0,0,1
6198000,1,0,0,1
6198500,1,0,0,1
6199000,1,0,0,1
6199500,1,0,0,1
6200000,1,0,0,1
6200500,1,0,0,1
6201000,1,0,0,1
6201500,1,0,0,1
6202000,1,0,0,1
6202500,1,0,0,1
6203000,1,0,0,1
6203500,1,0,0,1
6204000,1,0,0,1
6204500,1,0,0,1
6205000,1,0,0,1
6205500,1,0,0,1
6206000,1,0,0,1
6206500,1,0,0,1
6207000,1,0,0,1
6207500,1,0,0,1
6208000,1,0,0,1
6208500,1,0,0,1
6209000,1,0,0,1
6209500,1,0,0,1
6210000,1,0,0,1
6210500,1,0,0,1
6211000,1,0,0,1
6211500,1,0,0,1
6212000,1,0,0,1
6212500,1,0,0,1
6213000,1,0,0,1
6213500,1,0,0,1
6214000,1,0,0,1
6214500,1,0,0,1
6215000,1,0,0,1
6215500,1,0,0,1
6216000,1,0,0,1
6216500,1,0,0,1
6217000,1,0,0,1
6217500,1,0,0,1
6218000,1,0,0,1
6218500,1,0,0,1
6219000,1,0,0,1
6219500,1,0,0,1
6220000,1,0,0,1
6220500,1,0,0,1
6221000,1,0,0,1
6221500,1,0,0,1
6222000,1,0,0,1
6222500,1,0,0,1
6223000,1,0,0,1
6223500,1,0,0,1
6224000,1,0,0,1
6224500,1,0,0,1
6225000,1,0,0,1
6225500,1,0,0,1
6226000,1,0,0,1
6226500,1,0,0,1
6227000,1,0,0,1
6227500,1,0,0,1
6228000,1,0,0,1
6228500,1,0,0,1
6229000,1,0,0,1
6229500,1,0,0,1
6230000,1,0,0,1
6230500,1,0,0,1
6231000,1,0,0,1
6231500,1,0,0,1
6232000,1,0,0,1
6232500,1,0,0,1
6233000,1,0,0,1
6233500,1,0,0,1
6234000,1,0,0,1
6234500,1,0,0,1
6235000,1,0,0,1
6235500,1,0,0,1
6236000,1,0,0,1
6236500,1,0,0,1
6237000,1,0,0,1
6237500,1,0,0,1
6238000,1,0,0,1
6238500,1,0,0,1
6239000,1,0,0,1
6239500,1,0,0,1
6240000,1,0,0,1
6240500,1,0,0,1
6241000,1,0,0,1
6241500,1,0,0,1
6242000,1,0,0,1
6242500,1,0,0,1
6243000,1,0,0,1
6243500,1,0,0,1
6244000,1,0,0,1
6244500,1,0,0,1
6245000,1,0,0,1
6245500,1,0,0,1
6246000,1,0,0,1
6246500,1,0,0,1
6247000,1,0,0,1
6247500,1,0,0,1
6248000,1,0,0,1
6248500,1,0,0,1
6249000,1,0,0,1
6249500,1,0,0,1
6250000,1,0,0,1
6250500,1,0,0,1
6251000,1,0,0,1
6251500,1,0,0,1
6252000,1,0,0,1
6252500,1,0,0,1
6253000,1,0,0,1
6253500,1,0,0,1
6254000,1,0,0,1
6254500,1,0,0,1
6255000,1,0,0,1
6255500,1,0,0,1
6256000,1,0,0,1
6256500,1,0,0,1
6257000,1,0,0,1
6257500,1,0,0,1
6258000,1,0,0,1
6258500,1,0,0,1
6259000,1,0,0,1
6259500,1,0,0,1
6260000,1,0,0,1
6260500,1,0,0,1
6261000,1,0,0,1
6261500,1,0,0,1
6262000,1,0,0,1
6262500,1,0,0,1
6263000,1,0,0,1
6263500,1,0,0,1
6264000,1,0,0,1
6264500,1,0,0,1
6265000,1,0,0,1
6265500,1,0,0,1
6266000,1,0,0,1
6266500,1,0,0,1
6267000,1,0,0,1
6267500,1,0,0,1
6268000,1,0,0,1
6268500,1,0,0,1
6269000,1,0,0,1
6269500,1,0,0,1
6270000,1,0,0,1
6270500,1,0,0,1
6271000,1,0,0,1
6271500,1,0,0,1
6272000,1,0,0,1
6272500,1,0,0,1
6273000,1,0,0,1
6273500,1,0,0,1
6274000,1,0,0,1
6274500,1,0,0,1
6275000,1,0,0,1
6275500,1,0,0,1
6276000,1,0,0,1
6276500,1,0,0,1
6277000,1,0,0,1
6277500,1,0,0,1
6278000,1,0,0,1
6278500,1,0,0,1
6279000,1,0,0,1
6279500,1,0,0,1
6280000,1,0,0,1
6280500,1,0,0,1
6281000,1,0,0,1
6281500,1,0,0,1
6282000,1,0,0,1
6282500,1,0,0,1
6283000,1,0,0,1
6283500,1,0,0,1
6284000,1,0,0,1
6284500,1,0,0,1
6285000,1,0,0,1
6285500,1,0,0,1
6286000,1,0,0,1
6286500,1,0,0,1
6287000,1,0,0,1
6287500,1,0,0,1
6288000,1,0,0,1
6288500,1,0,0,1
6289000,1,0,0,1
6289500,1,0,0,1
6290000,1,0,0,1
6290500,1,0,0,1
6291000,1,0,0,1
6291500,1,0,0,1
6292000,1,0,0,1
6292500,1,0,0,1
6293000,1,0,0,1
6293500,1,0,0,1
6294000,1,0,0,1
6294500,1,0,0,1
6295000,1,0,0,1
6295500,1,0,0,1
6296000,1,0,0,1
6296500,1,0,0,1
6297000,1,0,0,1
6297500,1,0,0,1
6298000,1,0,0,1
6298500,1,0,0,1
6299000,1,0,0,1
6299500,1,0,0,1
6300000,1,0,0,1
6300500,1,0,0,1
6301000,1,0,0,1
6301500,1,0,0,1
6302000,1,0,0,1
6302500,1,0,0,1
6303000,1,0,0,1
6303500,1,0,0,1
6304000,1,0,0,1
6304500,1,0,0,1
6305000,1,0,0,1
6305500,1,0,0,1
6306000,1,0,0,1
6306500,1,0,0,1
6307000,1,0,0,1
6307500,1,0,0,1
6308000,1,0,0,1
6308500,1,0,0,1
6309000,1,0,0,1
6309500,1,0,0,1
6310000,1,0,0,1
6310500,1,0,0,1
6311000,1,0,0,1
6311500,1,0,0,1
6312000,1,0,0,1
6312500,1,0,0,1
6313000,1,0,0,1
6313500,1,0,0,1
6314000,1,0,0,1
6314500,1,0,0,1
6315000,1,0,0,1
6315500,1,0,0,1
6316000,1,0,0,1
6316500,1,0,0,1
6317000,1,0,0,1
6317500,1,0,0,1
6318000,1,0,0,1
6318500,1,0,0,1
6319000,1,0,0,1
6319500,1,0,0,1
6320000,1,0,0,1
6320500,1,0,0,1
6321000,1,0,0,1
6321500,1,0,0,1
6322000,1,0,0,1
6322500,1,0,0,1
6323000,1,0,0,1
6323500,1,0,0,1
6324000,1,0,0,1
6324500,1,0,0,1
6325000,1,0,0,1
6325500,1,0,0,1
6326000,1,0,0,1
6326500,1,0,0,1
6327000,1,0,0,1
6327500,1,0,0,1
6328000,1,0,0,1
6328500,1,0,0,1
6329000,1,0,0,1
6329500,1,0,0,1
6330000,1,0,0,1
6330500,1,0,0,1
6331000,1,0,0,1
6331500,1,0,0,1
6332000,1,0,0,1
6332500,1,0,0,1
6333000,1,0,0,1
6333500,1,0,0,1
6334000,1,0,0,1
6334500,1,0,0,1
6335000,1,0,0,1
6335500,1,0,0,1
6336000,1,0,0,1
6336500,1,0,0,1
6337000,1,0,0,1
6337500,1,0,0,1
6338000,1,0,0,1
6338500,1,0,0,1
6339000,1,0,0,1
6339500,1,0,0,1
6340000,1,0,0,1
6340500,1,0,0,1
6341000,1,0,0,1
6341500,1,0,0,1
6342000,1,0,0,1
6342500,1,0,0,1
6343000,1,0,0,1
6343500,1,0,0,1
6344000,1,0,0,1
6344500,1,0,0,1
6345000,1,0,0,1
6345500,1,0,0,1
6346000,1,0,0,1
6346500,1,0,0,1
6347000,1,0,0,1
6347500,1,0,0,1
6348000,1,0,0,1
6348500,1,0,0,1
6349000,1,0,0,1
6349500,1,0,0,1
6350000,1,0,0,1
6350500,1,0,0,1
6351000,1,0,0,1
6351500,1,0,0,1
6352000,1,0,0,1
6352500,1,0,0,1
6353000,1,0,0,1
6353500,1,0,0,1
6354000,1,0,0,1
6354500,1,0,0,1
6355000,1,0,0,1
6355500,1,0,0,1
6356000,1,0,0,1
6356500,1,0,0,1
6357000,1,0,0,1
6357500,1,0,0,1
6358000,1,0,0,1
6358500,1,0,0,1
6359000,1,0,0,1
6359500,1,0,0,1
6360000,1,0,0,1
6360500,1,0,0,1
6361000,1,0,0,1
6361500,1,0,0,1
6362000,1,0,0,1
6362500,1,0,0,1
6363000,1,0,0,1
6363500,1,0,0,1
6364000,1,0,0,1
6364500,1,0,0,1
6365000,1,0,0,1
6365500,1,0,0,1
6366000,1,0,0,1
6366500,1,0,0,1
6367000,1,0,0,1
6367500,1,0,0,1
6368000,1,0,0,1
6368500,1,0,0,1
6369000,1,0,0,1
6369500,1,0,0,1
6370000,1,0,0,1
6370500,1,0,0,1
6371000,1,0,0,1
6371500,1,0,0,1
6372000,1,0,0,1
6372500,1,0,0,1
6373000,1,0,0,1
6373500,1,0,0,1
6374000,1,0,0,1
6374500,1,0,0,1
6375000,1,0,0,1
6375500,1,0,0,1
6376000,1,0,0,1
6376500,1,0,0,1
6377000,1,0,0,1
6377500,1,0,0,1
6378000,1,0,0,1
6378500,1,0,0,1
6379000,1,0,0,1
6379500,1,0,0,1
6380000,1,0,0,1
6380500,1,0,0,1
6381000,1,0,0,1
6381500,1,0,0,1
6382000,1,0,0,1
6382500,1,0,0,1
6383000,1,0,0,1
6383500,1,0,0,1
6384000,1,0,0,1
6384500,1,0,0,1
6385000,1,0,0,1
6385500,1,0,0,1
6386000,1,0,0,1
6386500,1,0,0,1
6387000,1,0,0,1
6387500,1,0,0,1
6388000,1,0,0,1
6388500,1,0,0,1
6389000,1,0,0,1
6389500,1,0,0,1
6390000,1,0,0,1
6390500,1,0,0,1
6391000,1,0,0,1
6391500,1,0,0,1
6392000,1,0,0,1
6392500,1,0,0,1
6393000,1,0,0,1
6393500,1,0,0,1
6394000,1,0,0,1
6394500,1,0,0,1
6395000,1,0,0,1
6395500,1,0,0,1
6396000,1,0,0,1
6396500,1,0,0,1
6397000,1,0,0,1
6397500,1,0,0,1
6398000,1,0,0,1
6398500,1,0,0,1
6399000,1,0,0,1
6399500,1,0,0,1
6400000,1,0,0,1
6400500,1,0,0,1
6401000,1,0,0,1
6401500,1,0,0,1
6402000,1,0,0,1
6402500,1,0,0,1
6403000,1,0,0,1
6403500,1,0,0,1
6404000,1,0,0,1
6404500,1,0,0,1
6405000,1,0,0,1
6405500,1,0,0,1
6406000,1,0,0,1
6406500,1,0,0,1
6407000,1,0,0,1
6407500,1,0,0,1
6408000,1,0,0,1
6408500,1,0,0,1
6409000,1,0,0,1
6409500,1,0,0,1
6410000,1,0,0,1
6410500,1,0,0,1
6411000,1,0,0,1
6411500,1,0,0,1
6412000,1,0,0,1
6412500,1,0,0,1
6413000,1,0,0,1
6413500,1,0,0,1
6414000,1,0,0,1
6414500,1,0,0,1
6415000,1,0,0,1
6415500,1,0,0,1
6416000,1,0,0,1
6416500,1,0,0,1
6417000,1,0,0,1
6417500,1,0,0,1
6418000,1,0,0,1
6418500,1,0,0,1
6419000,1,0,0,1
6419500,1,0,0,1
6420000,1,0,0,1
6420500,1,0,0,1
6421000,1,0,0,1
6421500,1,0,0,1
6422000,1,0,0,1
6422500,1,0,0,1
6423000,1,0,0,1
6423500,1,0,0,1
6424000,1,0,0,1
6424500,1,0,0,1
6425000,1,0,0,1
6425500,1,0,0,1
6426000,1,0,0,1
6426500,1,0,0,1
6427000,1,0,0,1
6427500,1,0,0,1
6428000,1,0,0,1
6428500,1,0,0,1
6429000,1,0,0,1
6429500,1,0,0,1
6430000,1,0,0,1
6430500,1,0,0,1
6431000,1,0,0,1
6431500,1,0,0,1
6432000,1,0,0,1
6432500,1,0,0,1
6433000,1,0,0,1
6433500,1,0,0,1
6434000,1,0,0,1
6434500,1,0,0,1
6435000,1,0,0,1
6435500,1,0,0,1
6436000,1,0,0,1
6436500,1,0,0,1
6437000,1,0,0,1
6437500,1,0,0,1
6438000,1,0,0,1
6438500,1,0,0,1
6439000,1,0,0,1
6439500,1,0,0,1
6440000,1,0,0,1
6440500,1,0,0,1
6441000,1,0,0,1
6441500,1,0,0,1
6442000,1,0,0,1
6442500,1,0,0,1
6443000,1,0,0,1
6443500,1,0,0,1
6444000,1,0,0,1
6444500,1,0,0,1
6445000,1,0,0,1
6445500,1,0,0,1
6446000,1,0,0,1
6446500,1,0,0,1
6447000,1,0,0,1
6447500,1,0,0,1
6448000,1,0,0,1
6448500,1,0,0,1
6449000,1,0,0,1
6449500,1,0,0,1
6450000,1,0,0,1
6450500,1,0,0,1
6451000,1,0,0,1
6451500,1,0,0,1
6452000,1,0,0,1
6452500,1,0,0,1
6453000,1,0,0,1
6453500,1,0,0,1
6454000,1,0,0,1
6454500,1,0,0,1
6455000,1,0,0,1
6455500,1,0,0,1
6456000,1,0,0,1
6456500,1,0,0,1
6457000,1,0,0,1
6457500,1,0,0,1
6458000,1,0,0,1
6458500,1,0,0,1
6459000,1,0,0,1
6459500,1,0,0,1
6460000,1,0,0,1
6460500,1,0,0,1
6461000,1,0,0,1
6461500,1,0,0,1
6462000,1,0,0,1
6462500,1,0,0,1
6463000,1,0,0,1
6463500,1,0,0,1
6464000,1,0,0,1
6464500,1,0,0,1
6465000,1,0,0,1
6465500,1,0,0,1
6466000,1,0,0,1
6466500,1,0,0,1
6467000,1,0,0,1
6467500,1,0,0,1
6468000,1,0,0,1
6468500,1,0,0,1
6469000,1,0,0,1
6469500,1,0,0,1
6470000,1,0,0,1
6470500,1,0,0,1
6471000,1,0,0,1
6471500,1,0,0,1
6472000,1,0,0,1
6472500,1,0,0,1
6473000,1,0,0,1
6473500,1,0,0,1
6474000,1,0,0,1
6474500,1,0,0,1
6475000,1,0,0,1
6475500,1,0,0,1
6476000,1,0,0,1
6476500,1,0,0,1
6477000,1,0,0,1
6477500,1,0,0,1
6478000,1,0,0,1
6478500,1,0,0,1
6479000,1,0,0,1
6479500,1,0,0,1
6480000,1,0,0,1
6480500,1,0,0,1
6481000,1,0,0,1
6481500,1,0,0,1
6482000,1,0,0,1
6482500,1,0,0,1
6483000,1,0,0,1
6483500,1,0,0,1
6484000,1,0,0,1
6484500,1,0,0,1
6485000,1,0,0,1
6485500,1,0,0,1
6486000,1,0,0,1
6486500,1,0,0,1
6487000,1,0,0,1
6487500,1,0,0,1
6488000,1,0,0,1
6488500,1,0,0,1
6489000,1,0,0,1
6489500,1,0,0,1
6490000,1,0,0,1
6490500,1,0,0,1
6491000,1,0,0,1
6491500,1,0,0,1
6492000,1,0,0,1
6492500,1,0,0,1
6493000,1,0,0,1
6493500,1,0,0,1
6494000,1,0,0,1
6494500,1,0,0,1
6495000,1,0,0,1
6495500,1,0,0,1
6496000,1,0,0,1
6496500,1,0,0,1
6497000,1,0,0,1
6497500,1,0,0,1
6498000,1,0,0,1
6498500,1,0,0,1
6499000,1,0,0,1
6499500,1,0,0,1
6500000,1,0,0,1
6500500,1,0,0,1
6501000,1,0,0,1
6501500,1,0,0,1
6502000,1,0,0,1
6502500,1,0,0,1
6503000,1,0,0,1
6503500,1,0,0,1
6504000,1,0,0,1
6504500,1,0,0,1
6505000,1,0,0,1
6505500,1,0,0,1
6506000,1,0,0,1
6506500,1,0,0,1
6507000,1,0,0,1
6507500,1,0,0,1
6508000,1,0,0,1
6508500,1,0,0,1
6509000,1,0,0,1
6509500,1,0,0,1
6510000,1,0,0,1
6510500,1,0,0,1
6511000,1,0,0,1
6511500,1,0,0,1
6512000,1,0,0,1
6512500,1,0,0,1
6513000,1,0,0,1
6513500,1,0,0,1
6514000,1,0,0,1
6514500,1,0,0,1
6515000,1,0,0,1
6515500,1,0,0,1
6516000,1,0,0,1
6516500,1,0,0,1
6517000,1,0,0,1
6517500,1,0,0,1
6518000,1,0,0,1
6518500,1,0,0,1
6519000,1,0,0,1
6519500,1,0,0,1
6520000,1,0,0,1
6520500,1,0,0,1
6521000,1,0,0,1
6521500,1,0,0,1
6522000,1,0,0,1
6522500,1,0,0,1
6523000,1,0,0,1
6523500,1,0,0,1
6524000,1,0,0,1
6524500,1,0,0,1
6525000,1,0,0,1
6525500,1,0,0,1
6526000,1,0,0,1
6526500,1,0,0,1
6527000,1,0,0,1
6527500,1,0,0,1
6528000,1,0,0,1
6528500,1,0,0,1
6529000,1,0,0,1
6529500,1,0,0,1
6530000,1,0,0,1
6530500,1,0,0,1
6531000,1,0,0,1
6531500,1,0,0,1
6532000,1,0,0,1
6532500,1,0,0,1
6533000,1,0,0,1
6533500,1,0,0,1
6534000,1,0,0,1
6534500,1,0,0,1
6535000,1,0,0,1
6535500,1,0,0,1
6536000,1,0,0,1
6536500,1,0,0,1
6537000,1,0,0,1
6537500,1,0,0,1
6538000,1,0,0,1
6538500,1,0,0,1
6539000,1,0,0,1
6539500,1,0,0,1
6540000,1,0,0,1
6540500,1,0,0,1
6541000,1,0,0,1
6541500,1,0,0,1
6542000,1,0,0,1
6542500,1,0,0,1
6543000,1,0,0,1
6543500,1,0,0,1
6544000,1,0,0,1
6544500,1,0,0,1
6545000,1,0,0,1
6545500,1,0,0,1
6546000,1,0,0,1
6546500,1,0,0,1
6547000,1,0,0,1
6547500,1,0,0,1
6548000,1,0,0,1
6548500,1,0,0,1
6549000,1,0,0,1
6549500,1,0,0,1
6550000,1,0,0,1
6550500,1,0,0,1
6551000,1,0,0,1
6551500,1,0,0,1
6552000,1,0,0,1
6552500,1,0,0,1
6553000,1,0,0,1
6553500,1,0,0,1
6554000,1,0,0,1
6554500,1,0,0,1
6555000,1,0,0,1
6555500,1,0,0,1
6556000,1,0,0,1
6556500,1,0,0,1
6557000,1,0,0,1
6557500,1,0,0,1
6558000,1,0,0,1
6558500,1,0,0,1
6559000,1,0,0,1
6559500,1,0,0,1
6560000,1,0,0,1
6560500,1,0,0,1
6561000,1,0,0,1
6561500,1,0,0,1
6562000,1,0,0,1
6562500,1,0,0,1
6563000,1,0,0,1
6563500,1,0,0,1
6564000,1,0,0,1
6564500,1,0,0,1
6565000,1,0,0,1
6565500,1,0,0,1
6566000,1,0,0,1
6566500,1,0,0,1
6567000,1,0,0,1
6567500,1,0,0,1
6568000,1,0,0,1
6568500,1,0,0,1
6569000,1,0,0,1
6569500,1,0,0,1
6570000,1,0,0,1
6570500,1,0,0,1
6571000,1,0,0,1
6571500,1,0,0,1
6572000,1,0,0,1
6572500,1,0,0,1
6573000,1,0,0,1
6573500,1,0,0,1
6574000,1,0,0,1
6574500,1,0,0,1
6575000,1,0,0,1
6575500,1,0,0,1
6576000,1,0,0,1
6576500,1,0,0,1
6577000,1,0,0,1
6577500,1,0,0,1
6578000,1,0,0,1
6578500,1,0,0,1
6579000,1,0,0,1
6579500,1,0,0,1
6580000,1,0,0,1
6580500,1,0,0,1
6581000,1,0,0,1
6581500,1,0,0,1
6582000,1,0,0,1
6582500,1,0,0,1
6583000,1,0,0,1
6583500,1,0,0,1
6584000,1,0,0,1
6584500,1,0,0,1
6585000,1,0,0,1
6585500,1,0,0,1
6586000,1,0,0,1
6586500,1,0,0,1
6587000,1,0,0,1
6587500,1,0,0,1
6588000,1,0,0,1
6588500,1,0,0,1
6589000,1,0,0,1
6589500,1,0,0,1
6590000,1,0,0,1
6590500,1,0,0,1
6591000,1,0,0,1
6591500,1,0,0,1
6592000,1,0,0,1
6592500,1,0,0,1
6593000,1,0,0,1
6593500,1,0,0,1
6594000,1,0,0,1
6594500,1,0,0,1
6595000,1,0,0,1
6595500,1,0,0,1
6596000,1,0,0,1
6596500,1,0,0,1
6597000,1,0,0,1
6597500,1,0,0,1
6598000,1,0,0,1
6598500,1,0,0,1
6599000,1,0,0,1
6599500,1,0,0,1
6600000,1,0,0,1
6600500,1,0,0,1
6601000,1,0,0,1
6601500,1,0,0,1
6602000,1,0,0,1
6602500,1,0,0,1
6603000,1,0,0,1
6603500,1,0,0,1
6604000,1,0,0,1
6604500,1,0,0,1
6605000,1,0,0,1
6605500,1,0,0,1
6606000,1,0,0,1
6606500,1,0,0,1
6607000,1,0,0,1
6607500,1,0,0,1
6608000,1,0,0,1
6608500,1,0,0,1
6609000,1,0,0,1
6609500,1,0,0,1
6610000,1,0,0,1
6610500,1,0,0,1
6611000,1,0,0,1
6611500,1,0,0,1
6612000,1,0,0,1
6612500,1,0,0,1
6613000,1,0,0,1
6613500,1,0,0,1
6614000,1,0,0,1
6614500,1,0,0,1
6615000,1,0,0,1
6615500,1,0,0,1
6616000,1,0,0,1
6616500,1,0,0,1
6617000,1,0,0,1
6617500,1,0,0,1
6618000,1,0,0,1
6618500,1,0,0,1
6619000,1,0,0,1
6619500,1,0,0,1
6620000,1,0,0,1
6620500,1,0,0,1
6621000,1,0,0,1
6621500,1,0,0,1
6622000,1,0,0,1
6622500,1,0,0,1
6623000,1,0,0,1
6623500,1,0,0,1
6624000,1,0,0,1
6624500,1,0,0,1
6625000,1,0,0,1
6625500,1,0,0,1
6626000,1,0,0,1
6626500,1,0,0,1
6627000,1,0,0,1
6627500,1,0,0,1
6628000,1,0,0,1
6628500,1,0,0,1
6629000,1,0,0,1
6629500,1,0,0,1
6630000,1,0,0,1
6630500,1,0,0,1
6631000,1,0,0,1
6631500,1,0,0,1
6632000,1,0,0,1
6632500,1,0,0,1
6633000,1,0,0,1
6633500,1,0,0,1
6634000,1,0,0,1
6634500,1,0,0,1
6635000,1,0,0,1
6635500,1,0,0,1
6636000,1,0,0,1
6636500,1,0,0,1
6637000,1,0,0,1
6637500,1,0,0,1
6638000,1,0,0,1
6638500,1,0,0,1
6639000,1,0,0,1
6639500,1,0,0,1
6640000,1,0,0,1
6640500,1,0,0,1
6641000,1,0,0,1
6641500,1,0,0,1
6642000,1,0,0,1
6642500,1,0,0,1
6643000,1,0,0,1
6643500,1,0,0,1
6644000,1,0,0,1
6644500,1,0,0,1
6645000,1,0,0,1
6645500,1,0,0,1
6646000,1,0,0,1
6646500,1,0,0,1
6647000,1,0,0,1
6647500,1,0,0,1
6648000,1,0,0,1
6648500,1,0,0,1
6649000,1,0,0,1
6649500,1,0,0,1
6650000,1,0,0,1
6650500,1,0,0,1
6651000,1,0,0,1
6651500,1,0,0,1
6652000,1,0,0,1
6652500,1,0,0,1
6653000,1,0,0,1
6653500,1,0,0,1
6654000,1,0,0,1
6654500,1,0,0,1
6655000,1,0,0,1
6655500,1,0,0,1
6656000,1,0,0,1
6656500,1,0,0,1
6657000,1,0,0,1
6657500,1,0,0,1
6658000,1,0,0,1
6658500,1,0,0,1
6659000,1,0,0,1
6659500,1,0,0,1
6660000,1,0,0,1
6660500,1,0,0,1
6661000,1,0,0,1
6661500,1,0,0,1
6662000,1,0,0,1
6662500,1,0,0,1
6663000,1,0,0,1
6663500,1,0,0,1
6664000,1,0,0,1
6664500,1,0,0,1
6665000,1,0,0,1
6665500,1,0,0,1
6666000,1,0,0,1
6666500,1,0,0,1
6667000,1,0,0,1
6667500,1,0,0,1
6668000,1,0,0,1
6668500,1,0,0,1
6669000,1,0,0,1
6669500,1,0,0,1
6670000,1,0,0,1
6670500,1,0,0,1
6671000,1,0,0,1
6671500,1,0,0,1
6672000,1,0,0,1
6672500,1,0,0,1
6673000,1,0,0,1
6673500,1,0,0,1
6674000,1,0,0,1
6674500,1,0,0,1
6675000,1,0,0,1
6675500,1,0,0,1
6676000,1,0,0,1
6676500,1,0,0,1
6677000,1,0,0,1
6677500,1,0,0,1
6678000,1,0,0,1
6678500,1,0,0,1
6679000,1,0,0,1
6679500,1,0,0,1
6680000,1,0,0,1
6680500,1,0,0,1
6681000,1,0,0,1
6681500,1,0,0,1
6682000,1,0,0,1
6682500,1,0,0,1
6683000,1,0,0,1
6683500,1,0,0,1
6684000,1,0,0,1
6684500,1,0,0,1
6685000,1,0,0,1
6685500,1,0,0,1
6686000,1,0,0,1
6686500,1,0,0,1
6687000,1,0,0,1
6687500,1,0,0,1
6688000,1,0,0,1
6688500,1,0,0,1
6689000,1,0,0,1
6689500,1,0,0,1
6690000,1,0,0,1
6690500,1,0,0,1
6691000,1,0,0,1
6691500,1,0,0,1
6692000,1,0,0,1
6692500,1,0,0,1
6693000,1,0,0,1
6693500,1,0,0,1
6694000,1,0,0,1
6694500,1,0,0,1
6695000,1,0,0,1
6695500,1,0,0,1
6696000,1,0,0,1
6696500,1,0,0,1
6697000,1,0,0,1
6697500,1,0,0,1
6698000,1,0,0,1
6698500,1,0,0,1
6699000,1,0,0,1
6699500,1,0,0,1
6700000,1,0,0,1
6700500,1,0,0,1
6701000,1,0,0,1
6701500,1,0,0,1
6702000,1,0,0,1
6702500,1,0,0,1
6703000,1,0,0,1
6703500,1,0,0,1
6704000,1,0,0,1
6704500,1,0,0,1
6705000,1,0,0,1
6705500,1,0,0,1
6706000,1,0,0,1
6706500,1,0,0,1
6707000,1,0,0,1
6707500,1,0,0,1
6708000,1,0,0,1
6708500,1,0,0,1
6709000,1,0,0,1
6709500,1,0,0,1
6710000,1,0,0,1
6710500,1,0,0,1
6711000,1,0,0,1
6711500,1,0,0,1
6712000,1,0,0,1
6712500,1,0,0,1
6713000,1,0,0,1
6713500,1,0,0,1
6714000,1,0,0,1
6714500,1,0,0,1
6715000,1,0,0,1
6715500,1,0,0,1
6716000,1,0,0,1
6716500,1,0,0,1
6717000,1,0,0,1
6717500,1,0,0,1
6718000,1,0,0,1
6718500,1,0,0,1
6719000,1,0,0,1
6719500,1,0,0,1
6720000,1,0,0,1
6720500,1,0,0,1
6721000,1,0,0,1
6721500,1,0,0,1
6722000,1,0,0,1
6722500,1,0,0,1
6723000,1,0,0,1
6723500,1,0,0,1
6724000,1,0,0,1
6724500,1,0,0,1
6725000,1,0,0,1
6725500,1,0,0,1
6726000,1,0,0,1
6726500,1,0,0,1
6727000,1,0,0,1
6727500,1,0,0,1
6728000,1,0,0,1
6728500,1,0,0,1
6729000,1,0,0,1
6729500,1,0,0,1
6730000,1,0,0,1
6730500,1,0,0,1
6731000,1,0,0,1
6731500,1,0,0,1
6732000,1,0,0,1
6732500,1,0,0,1
6733000,1,0,0,1
6733500,1,0,0,1
6734000,1,0,0,1
6734500,1,0,0,1
6735000,1,0,0,1
6735500,1,0,0,1
6736000,1,0,0,1
6736500,1,0,0,1
6737000,1,0,0,1
6737500,1,0,0,1
6738000,1,0,0,1
6738500,1,0,0,1
6739000,1,0,0,1
6739500,1,0,0,1
6740000,1,0,0,1
6740500,1,0,0,1
6741000,1,0,0,1
6741500,1,0,0,1
6742000,1,0,0,1
6742500,1,0,0,1
6743000,1,0,0,1
6743500,1,0,0,1
6744000,1,0,0,1
6744500,1,0,0,1
6745000,1,0,0,1
6745500,1,0,0,1
6746000,1,0,0,1
6746500,1,0,0,1
6747000,1,0,0,1
6747500,1,0,0,1
6748000,1,0,0,1
6748500,1,0,0,1
6749000,1,0,0,1
6749500,1,0,0,1
6750000,1,0,0,1
6750500,1,0,0,1
6751000,1,0,0,1
6751500,1,0,0,1
6752000,1,0,0,1
6752500,1,0,0,1
6753000,1,0,0,1
6753500,1,0,0,1
6754000,1,0,0,1
6754500,1,0,0,1
6755000,1,0,0,1
6755500,1,0,0,1
6756000,1,0,0,1
6756500,1,0,0,1
6757000,1,0,0,1
6757500,1,0,0,1
6758000,1,0,0,1
6758500,1,0,0,1
6759000,1,0,0,1
6759500,1,0,0,1
6760000,1,0,0,1
6760500,1,0,0,1
6761000,1,0,0,1
6761500,1,0,0,1
6762000,1,0,0,1
6762500,1,0,0,1
6763000,1,0,0,1
6763500,1,0,0,1
6764000,1,0,0,1
6764500,1,0,0,1
6765000,1,0,0,1
6765500,1,0,0,1
6766000,1,0,0,1
6766500,1,0,0,1
6767000,1,0,0,1
6767500,1,0,0,1
6768000,1,0,0,1
6768500,1,0,0,1
6769000,1,0,0,1
6769500,1,0,0,1
6770000,1,0,0,1
6770500,1,0,0,1
6771000,1,0,0,1
6771500,1,0,0,1
6772000,1,0,0,1
6772500,1,0,0,1
6773000,1,0,0,1
6773500,1,0,0,1
6774000,1,0,0,1
6774500,1,0,0,1
6775000,1,0,0,1
6775500,1,0,0,1
6776000,1,0,0,1
6776500,1,0,0,1
6777000,1,0,0,1
6777500,1,0,0,1
6778000,1,0,0,1
6778500,1,0,0,1
6779000,1,0,0,1
6779500,1,0,0,1
6780000,1,0,0,1
6780500,1,0,0,1
6781000,1,0,0,1
6781500,1,0,0,1
6782000,1,0,0,1
6782500,1,0,0,1
6783000,1,0,0,1
6783500,1,0,0,1
6784000,1,0,0,1
6784500,1,0,0,1
6785000,1,0,0,1
6785500,1,0,0,1
6786000,1,0,0,1
6786500,1,0,0,1
6787000,1,0,0,1
6787500,1,0,0,1
6788000,1,0,0,1
6788500,1,0,0,1
6789000,1,0,0,1
6789500,1,0,0,1
6790000,1,0,0,1
6790500,1,0,0,1
6791000,1,0,0,1
6791500,1,0,0,1
6792000,1,0,0,1
6792500,1,0,0,1
6793000,1,0,0,1
6793500,1,0,0,1
6794000,1,0,0,1
6794500,1,0,0,1
6795000,1,0,0,1
6795500,1,0,0,1
6796000,1,0,0,1
6796500,1,0,0,1
6797000,1,0,0,1
6797500,1,0,0,1
6798000,1,0,0,1
6798500,1,0,0,1
6799000,1,0,0,1
6799500,1,0,0,1
6800000,1,0,0,1
6800500,1,0,0,1
6801000,1,0,0,1
6801500,1,0,0,1
6802000,1,0,0,1
6802500,1,0,0,1
6803000,1,0,0,1
6803500,1,0,0,1
6804000,1,0,0,1
6804500,1,0,0,1
6805000,1,0,0,1
6805500,1,0,0,1
6806000,1,0,0,1
6806500,1,0,0,1
6807000,1,0,0,1
6807500,1,0,0,1
6808000,1,0,0,1
6808500,1,0,0,1
6809000,1,0,0,1
6809500,1,0,0,1
6810000,1,0,0,1
6810500,1,0,0,1
6811000,1,0,0,1
6811500,1,0,0,1
6812000,1,0,0,1
6812500,1,0,0,1
6813000,1,0,0,1
6813500,1,0,0,1
6814000,1,0,0,1
6814500,1,0,0,1
6815000,1,0,0,1
6815500,1,0,0,1
6816000,1,0,0,1
6816500,1,0,0,1
6817000,1,0,0,1
6817500,1,0,0,1
6818000,1,0,0,1
6818500,1,0,0,1
6819000,1,0,0,1
6819500,1,0,0,1
6820000,1,0,0,1
6820500,1,0,0,1
6821000,1,0,0,1
6821500,1,0,0,1
6822000,1,0,0,1
6822500,1,0,0,1
6823000,1,0,0,1
6823500,1,0,0,1
6824000,1,0,0,1
6824500,1,0,0,1
6825000,1,0,0,1
6825500,1,0,0,1
6826000,1,0,0,1
6826500,1,0,0,1
6827000,1,0,0,1
6827500,1,0,0,1
6828000,1,0,0,1
6828500,1,0,0,1
6829000,1,0,0,1
6829500,1,0,0,1
6830000,1,0,0,1
6830500,1,0,0,1
6831000,1,0,0,1
6831500,1,0,0,1
6832000,1,0,0,1
6832500,1,0,0,1
6833000,1,0,0,1
6833500,1,0,0,1
6834000,1,0,0,1
6834500,1,0,0,1
6835000,1,0,0,1
6835500,1,0,0,1
6836000,1,0,0,1
6836500,1,0,0,1
6837000,1,0,0,1
6837500,1,0,0,1
6838000,1,0,0,1
6838500,1,0,0,1
6839000,1,0,0,1
6839500,1,0,0,1
6840000,1,0,0,1
6840500,1,0,0,1
6841000,1,0,0,1
6841500,1,0,0,1
6842000,1,0,0,1
6842500,1,0,0,1
6843000,1,0,0,1
6843500,1,0,0,1
6844000,1,0,0,1
6844500,1,0,0,1
6845000,1,0,0,1
6845500,1,0,0,1
6846000,1,0,0,1
6846500,1,0,0,1
6847000,1,0,0,1
6847500,1,0,0,1
6848000,1,0,0,1
6848500,1,0,0,1
6849000,1,0,0,1
6849500,1,0,0,1
6850000,1,0,0,1
6850500,1,0,0,1
6851000,1,0,0,1
6851500,1,0,0,1
6852000,1,0,0,1
6852500,1,0,0,1
6853000,1,0,0,1
6853500,1,0,0,1
6854000,1,0,0,1
6854500,1,0,0,1
6855000,1,0,0,1
6855500,1,0,0,1
6856000,1,0,0,1
6856500,1,0,0,1
6857000,1,0,0,1
6857500,1,0,0,1
6858000,1,0,0,1
6858500,1,0,0,1
6859000,1,0,0,1
6859500,1,0,0,1
6860000,1,0,0,1
6860500,1,0,0,1
6861000,1,0,0,1
6861500,1,0,0,1
6862000,1,0,0,1
6862500,1,0,0,1
6863000,1,0,0,1
6863500,1,0,0,1
6864000,1,0,0,1
6864500,1,0,0,1
6865000,1,0,0,1
6865500,1,0,0,1
6866000,1,0,0,1
6866500,1,0,0,1
6867000,1,0,0,1
6867500,1,0,0,1
6868000,1,0,0,1
6868500,1,0,0,1
6869000,1,0,0,1
6869500,1,0,0,1
6870000,1,0,0,1
6870500,1,0,0,1
6871000,1,0,0,1
6871500,1,0,0,1
6872000,1,0,0,1
6872500,1,0,0,1
6873000,1,0,0,1
6873500,1,0,0,1
6874000,1,0,0,1
6874500,1,0,0,1
6875000,1,0,0,1
6875500,1,0,0,1
6876000,1,0,0,1
6876500,1,0,0,1
6877000,1,0,0,1
6877500,1,0,0,1
6878000,1,0,0,1
6878500,1,0,0,1
6879000,1,0,0,1
6879500,1,0,0,1
6880000,1,0,0,1
6880500,1,0,0,1
6881000,1,0,0,1
6881500,1,0,0,1
6882000,1,0,0,1
6882500,1,0,0,1
6883000,1,0,0,1
6883500,1,0,0,1
6884000,1,0,0,1
6884500,1,0,0,1
6885000,1,0,0,1
6885500,1,0,0,1
6886000,1,0,0,1
6886500,1,0,0,1
6887000,1,0,0,1
6887500,1,0,0,1
6888000,1,0,0,1
6888500,1,0,0,1
6889000,1,0,0,1
6889500,1,0,0,1
6890000,1,0,0,1
6890500,1,0,0,1
6891000,1,0,0,1
6891500,1,0,0,1
6892000,1,0,0,1
6892500,1,0,0,1
6893000,1,0,0,1
6893500,1,0,0,1
6894000,1,0,0,1
6894500,1,0,0,1
6895000,1,0,0,1
6895500,1,0,0,1
6896000,1,0,0,1
6896500,1,0,0,1
6897000,1,0,0,1
6897500,1,0,0,1
6898000,1,0,0,1
6898500,1,0,0,1
6899000,1,0,0,1
6899500,1,0,0,1
6900000,1,0,0,1
6900500,1,0,0,1
6901000,1,0,0,1
6901500,1,0,0,1
6902000,1,0,0,1
6902500,1,0,0,1
6903000,1,0,0,1
6903500,1,0,0,1
6904000,1,0,0,1
6904500,1,0,0,1
6905000,1,0,0,1
6905500,1,0,0,1
6906000,1,0,0,1
6906500,1,0,0,1
6907000,1,0,0,1
6907500,1,0,0,1
6908000,1,0,0,1
6908500,1,0,0,1
6909000,1,0,0,1
6909500,1,0,0,1
6910000,1,0,0,1
6910500,1,0,0,1
6911000,1,0,0,1
6911500,1,0,0,1
6912000,1,0,0,1
6912500,1,0,0,1
6913000,1,0,0,1
6913500,1,0,0,1
6914000,1,0,0,1
6914500,1,0,0,1
6915000,1,0,0,1
6915500,1,0,0,1
6916000,1,0,0,1
6916500,1,0,0,1
6917000,1,0,0,1
6917500,1,0,0,1
6918000,1,0,0,1
6918500,1,0,0,1
6919000,1,0,0,1
6919500,1,0,0,1
6920000,1,0,0,1
6920500,1,0,0,1
6921000,1,0,0,1
6921500,1,0,0,1
6922000,1,0,0,1
6922500,1,0,0,1
6923000,1,0,0,1
6923500,1,0,0,1
6924000,1,0,0,1
6924500,1,0,0,1
6925000,1,0,0,1
6925500,1,0,0,1
6926000,1,0,0,1
6926500,1,0,0,1
6927000,1,0,0,1
6927500,1,0,0,1
6928000,1,0,0,1
6928500,1,0,0,1
6929000,1,0,0,1
6929500,1,0,0,1
6930000,1,0,0,1
6930500,1,0,0,1
6931000,1,0,0,1
6931500,1,0,0,1
6932000,1,0,0,1
6932500,1,0,0,1
6933000,1,0,0,1
6933500,1,0,0,1
6934000,1,0,0,1
6934500,1,0,0,1
6935000,1,0,0,1
6935500,1,0,0,1
6936000,1,0,0,1
6936500,1,0,0,1
6937000,1,0,0,1
6937500,1,0,0,1
6938000,1,0,0,1
6938500,1,0,0,1
6939000,1,0,0,1
6939500,1,0,0,1
6940000,1,0,0,1
6940500,1,0,0,1
6941000,1,0,0,1
6941500,1,0,0,1
6942000,1,0,0,1
6942500,1,0,0,1
6943000,1,0,0,1
6943500,1,0,0,1
6944000,1,0,0,1
6944500,1,0,0,1
6945000,1,0,0,1
6945500,1,0,0,1
6946000,1,0,0,1
6946500,1,0,0,1
6947000,1,0,0,1
6947500,1,0,0,1
6948000,1,0,0,1
6948500,1,0,0,1
6949000,1,0,0,1
6949500,1,0,0,1
6950000,1,0,0,1
6950500,1,0,0,1
6951000,1,0,0,1
6951500,1,0,0,1
6952000,1,0,0,1
6952500,1,0,0,1
6953000,1,0,0,1
6953500,1,0,0,1
6954000,1,0,0,1
6954500,1,0,0,1
6955000,1,0,0,1
6955500,1,0,0,1
6956000,1,0,0,1
6956500,1,0,0,1
6957000,1,0,0,1
6957500,1,0,0,1
6958000,1,0,0,1
6958500,1,0,0,1
6959000,1,0,0,1
6959500,1,0,0,1
6960000,1,0,0,1
6960500,1,0,0,1
6961000,1,0,0,1
6961500,1,0,0,1
6962000,1,0,0,1
6962500,1,0,0,1
6963000,1,0,0,1
6963500,1,0,0,1
6964000,1,0,0,1
6964500,1,0,0,1
6965000,1,0,0,1
6965500,1,0,0,1
6966000,1,0,0,1
6966500,1,0,0,1
6967000,1,0,0,1
6967500,1,0,0,1
6968000,1,0,0,1
6968500,1,0,0,1
6969000,1,0,0,1
6969500,1,0,0,1
6970000,1,0,0,1
6970500,1,0,0,1
6971000,1,0,0,1
6971500,1,0,0,1
6972000,1,0,0,1
6972500,1,0,0,1
6973000,1,0,0,1
6973500,1,0,0,1
6974000,1,0,0,1
6974500,1,0,0,1
6975000,1,0,0,1
6975500,1,0,0,1
6976000,1,0,0,1
6976500,1,0,0,1
6977000,1,0,0,1
6977500,1,0,0,1
6978000,1,0,0,1
6978500,1,0,0,1
6979000,1,0,0,1
6979500,1,0,0,1
6980000,1,0,0,1
6980500,1,0,0,1
6981000,1,0,0,1
6981500,1,0,0,1
6982000,1,0,0,1
6982500,1,0,0,1
6983000,1,0,0,1
6983500,1,0,0,1
6984000,1,0,0,1
6984500,1,0,0,1
6985000,1,0,0,1
6985500,1,0,0,1
6986000,1,0,0,1
6986500,1,0,0,1
6987000,1,0,0,1
6987500,1,0,0,1
6988000,1,0,0,1
6988500,1,0,0,1
6989000,1,0,0,1
6989500,1,0,0,1
6990000,1,0,0,1
6990500,1,0,0,1
6991000,1,0,0,1
6991500,1,0,0,1
6992000,1,0,0,1
6992500,1,0,0,1
6993000,1,0,0,1
6993500,1,0,0,1
6994000,1,0,0,1
6994500,1,0,0,1
6995000,1,0,0,1
6995500,1,0,0,1
6996000,1,0,0,1
6996500,1,0,0,1
6997000,1,0,0,1
6997500,1,0,0,1
6998000,1,0,0,1
6998500,1,0,0,1
6999000,1,0,0,1
6999500,1,0,0,1
7000000,1,0,0,1
7000500,1,0,0,1
7001000,1,0,0,1
7001500,1,0,0,1
7002000,1,0,0,1
7002500,1,0,0,1
7003000,1,0,0,1
7003500,1,0,0,1
7004000,1,0,0,1
7004500,1,0,0,1
7005000,1,0,0,1
7005500,1,0,0,1
7006000,1,0,0,1
7006500,1,0,0,1
7007000,1,0,0,1
7007500,1,0,0,1
7008000,1,0,0,1
7008500,1,0,0,1
7009000,1,0,0,1
7009500,1,0,0,1
7010000,1,0,0,1
7010500,1,0,0,1
7011000,1,0,0,1
7011500,1,0,0,1
7012000,1,0,0,1
7012500,1,0,0,1
7013000,1,0,0,1
7013500,1,0,0,1
7014000,1,0,0,1
7014500,1,0,0,1
7015000,1,0,0,1
7015500,1,0,0,1
7016000,1,0,0,1
7016500,1,0,0,1
7017000,1,0,0,1
7017500,1,0,0,1
7018000,1,0,0,1
7018500,1,0,0,1
7019000,1,0,0,1
7019500,1,0,0,1
7020000,1,0,0,1
7020500,1,0,0,1
7021000,1,0,0,1
7021500,1,0,0,1
7022000,1,0,0,1
7022500,1,0,0,1
7023000,1,0,0,1
7023500,1,0,0,1
7024000,1,0,0,1
7024500,1,0,0,1
7025000,1,0,0,1
7025500,1,0,0,1
7026000,1,0,0,1
7026500,1,0,0,1
7027000,1,0,0,1
7027500,1,0,0,1
7028000,1,0,0,1
7028500,1,0,0,1
7029000,1,0,0,1
7029500,1,0,0,1
7030000,1,0,0,1
7030500,1,0,0,1
7031000,1,0,0,1
7031500,1,0,0,1
7032000,1,0,0,1
7032500,1,0,0,1
7033000,1,0,0,1
7033500,1,0,0,1
7034000,1,0,0,1
7034500,1,0,0,1
7035000,1,0,0,1
7035500,1,0,0,1
7036000,1,0,0,1
7036500,1,0,0,1
7037000,1,0,0,1
7037500,1,0,0,1
7038000,1,0,0,1
7038500,1,0,0,1
7039000,1,0,0,1
7039500,1,0,0,1
7040000,1,0,0,1
7040500,1,0,0,1
7041000,1,0,0,1
7041500,1,0,0,1
7042000,1,0,0,1
7042500,1,0,0,1
7043000,1,0,0,1
7043500,1,0,0,1
7044000,1,0,0,1
7044500,1,0,0,1
7045000,1,0,0,1
7045500,1,0,0,1
7046000,1,0,0,1
7046500,1,0,0,1
7047000,1,0,0,1
7047500,1,0,0,1
7048000,1,0,0,1
7048500,1,0,0,1
7049000,1,0,0,1
7049500,1,0,0,1
7050000,1,0,0,1
7050500,1,0,0,1
7051000,1,0,0,1
7051500,1,0,0,1
7052000,1,0,0,1
7052500,1,0,0,1
7053000,1,0,0,1
7053500,1,0,0,1
7054000,1,0,0,1
7054500,1,0,0,1
7055000,1,0,0,1
7055500,1,0,0,1
7056000,1,0,0,1
7056500,1,0,0,1
7057000,1,0,0,1
7057500,1,0,0,1
7058000,1,0,0,1
7058500,1,0,0,1
7059000,1,0,0,1
7059500,1,0,0,1
7060000,1,0,0,1
7060500,1,0,0,1
7061000,1,0,0,1
7061500,1,0,0,1
7062000,1,0,0,1
7062500,1,0,0,1
7063000,1,0,0,1
7063500,1,0,0,1
7064000,1,0,0,1
7064500,1,0,0,1
7065000,1,0,0,1
7065500,1,0,0,1
7066000,1,0,0,1
7066500,1,0,0,1
7067000,1,0,0,1
7067500,1,0,0,1
7068000,1,0,0,1
7068500,1,0,0,1
7069000,1,0,0,1
7069500,1,0,0,1
7070000,1,0,0,1
7070500,1,0,0,1
7071000,1,0,0,1
7071500,1,0,0,1
7072000,1,0,0,1
7072500,1,0,0,1
7073000,1,0,0,1
7073500,1,0,0,1
7074000,1,0,0,1
7074500,1,0,0,1
7075000,1,0,0,1
7075500,1,0,0,1
7076000,1,0,0,1
7076500,1,0,0,1
7077000,1,0,0,1
7077500,1,0,0,1
7078000,1,0,0,1
7078500,1,0,0,1
7079000,1,0,0,1
7079500,1,0,0,1
7080000,1,0,0,1
7080500,1,0,0,1
7081000,1,0,0,1
7081500,1,0,0,1
7082000,1,0,0,1
7082500,1,0,0,1
7083000,1,0,0,1
7083500,1,0,0,1
7084000,1,0,0,1
7084500,1,0,0,1
7085000,1,0,0,1
7085500,1,0,0,1
7086000,1,0,0,1
7086500,1,0,0,1
7087000,1,0,0,1
7087500,1,0,0,1
7088000,1,0,0,1
7088500,1,0,0,1
7089000,1,0,0,1
7089500,1,0,0,1
7090000,1,0,0,1
7090500,1,0,0,1
7091000,1,0,0,1
7091500,1,0,0,1
7092000,1,0,0,1
7092500,1,0,0,1
7093000,1,0,0,1
7093500,1,0,0,1
7094000,1,0,0,1
7094500,1,0,0,1
7095000,1,0,0,1
7095500,1,0,0,1
7096000,1,0,0,1
7096500,1,0,0,1
7097000,1,0,0,1
7097500,1,0,0,1
7098000,1,0,0,1
7098500,1,0,0,1
7099000,1,0,0,1
7099500,1,0,0,1
7100000,1,0,0,1
7100500,1,0,0,1
7101000,1,0,0,1
7101500,1,0,0,1
7102000,1,0,0,1
7102500,1,0,0,1
7103000,1,0,0,1
7103500,1,0,0,1
7104000,1,0,0,1
7104500,1,0,0,1
7105000,1,0,0,1
7105500,1,0,0,1
7106000,1,0,0,1
7106500,1,0,0,1
7107000,1,0,0,1
7107500,1,0,0,1
7108000,1,0,0,1
7108500,1,0,0,1
7109000,1,0,0,1
7109500,1,0,0,1
7110000,1,0,0,1
7110500,1,0,0,1
7111000,1,0,0,1
7111500,1,0,0,1
7112000,1,0,0,1
7112500,1,0,0,1
7113000,1,0,0,1
7113500,1,0,0,1
7114000,1,0,0,1
7114500,1,0,0,1
7115000,1,0,0,1
7115500,1,0,0,1
7116000,1,0,0,1
7116500,1,0,0,1
7117000,1,0,0,1
7117500,1,0,0,1
7118000,1,0,0,1
7118500,1,0,0,1
7119000,1,0,0,1
7119500,1,0,0,1
7120000,1,0,0,1
7120500,1,0,0,1
7121000,1,0,0,1
7121500,1,0,0,1
7122000,1,0,0,1
7122500,1,0,0,1
7123000,1,0,0,1
7123500,1,0,0,1
7124000,1,0,0,1
7124500,1,0,0,1
7125000,1,0,0,1
7125500,1,0,0,1
7126000,1,0,0,1
7126500,1,0,0,1
7127000,1,0,0,1
7127500,1,0,0,1
7128000,1,0,0,1
7128500,1,0,0,1
7129000,1,0,0,1
7129500,1,0,0,1
7130000,1,0,0,1
7130500,1,0,0,1
7131000,1,0,0,1
7131500,1,0,0,1
7132000,1,0,0,1
7132500,1,0,0,1
7133000,1,0,0,1
7133500,1,0,0,1
7134000,1,0,0,1
7134500,1,0,0,1
7135000,1,0,0,1
7135500,1,0,0,1
7136000,1,0,0,1
7136500,1,0,0,1
7137000,1,0,0,1
7137500,1,0,0,1
7138000,1,0,0,1
7138500,1,0,0,1
7139000,1,0,0,1
7139500,1,0,0,1
7140000,1,0,0,1
7140500,1,0,0,1
7141000,1,0,0,1
7141500,1,0,0,1
7142000,1,0,0,1
7142500,1,0,0,1
7143000,1,0,0,1
7143500,1,0,0,1
7144000,1,0,0,1
7144500,1,0,0,1
7145000,1,0,0,1
7145500,1,0,0,1
7146000,1,0,0,1
7146500,1,0,0,1
7147000,1,0,0,1
7147500,1,0,0,1
7148000,1,0,0,1
7148500,1,0,0,1
7149000,1,0,0,1
7149500,1,0,0,1
7150000,1,0,0,1
7150500,1,0,0,1
7151000,1,0,0,1
7151500,1,0,0,1
7152000,1,0,0,1
7152500,1,0,0,1
7153000,1,0,0,1
7153500,1,0,0,1
7154000,1,0,0,1
7154500,1,0,0,1
7155000,1,0,0,1
7155500,1,0,0,1
7156000,1,0,0,1
7156500,1,0,0,1
7157000,1,0,0,1
7157500,1,0,0,1
7158000,1,0,0,1
7158500,1,0,0,1
7159000,1,0,0,1
7159500,1,0,0,1
7160000,1,0,0,1
7160500,1,0,0,1
7161000,1,0,0,1
7161500,1,0,0,1
7162000,1,0,0,1
7162500,1,0,0,1
7163000,1,0,0,1
7163500,1,0,0,1
7164000,1,0,0,1
7164500,1,0,0,1
7165000,1,0,0,1
7165500,1,0,0,1
7166000,1,0,0,1
7166500,1,0,0,1
7167000,1,0,0,1
7167500,1,0,0,1
7168000,1,0,0,1
7168500,1,0,0,1
7169000,1,0,0,1
7169500,1,0,0,1
7170000,1,0,0,1
7170500,1,0,0,1
7171000,1,0,0,1
7171500,1,0,0,1
7172000,1,0,0,1
7172500,1,0,0,1
7173000,1,0,0,1
7173500,1,0,0,1
7174000,1,0,0,1
7174500,1,0,0,1
7175000,1,0,0,1
7175500,1,0,0,1
7176000,1,0,0,1
7176500,1,0,0,1
7177000,1,0,0,1
7177500,1,0,0,1
7178000,1,0,0,1
7178500,1,0,0,1
7179000,1,0,0,1
7179500,1,0,0,1
7180000,1,0,0,1
7180500,1,0,0,1
7181000,1,0,0,1
7181500,1,0,0,1
7182000,1,0,0,1
7182500,1,0,0,1
7183000,1,0,0,1
7183500,1,0,0,1
7184000,1,0,0,1
7184500,1,0,0,1
7185000,1,0,0,1
7185500,1,0,0,1
7186000,1,0,0,1
7186500,1,0,0,1
7187000,1,0,0,1
7187500,1,0,0,1
7188000,1,0,0,1
7188500,1,0,0,1
7189000,1,0,0,1
7189500,1,0,0,1
7190000,1,0,0,1
7190500,1,0,0,1
7191000,1,0,0,1
7191500,1,0,0,1
7192000,1,0,0,1
7192500,1,0,0,1
7193000,1,0,0,1
7193500,1,0,0,1
7194000,1,0,0,1
7194500,1,0,0,1
7195000,1,0,0,1
7195500,1,0,0,1
7196000,1,0,0,1
7196500,1,0,0,1
7197000,1,0,0,1
7197500,1,0,0,1
7198000,1,0,0,1
7198500,1,0,0,1
7199000,1,0,0,1
7199500,1,0,0,1
7200000,1,0,0,1
7200500,1,0,0,1
7201000,1,0,0,1
7201500,1,0,0,1
7202000,1,0,0,1
7202500,1,0,0,1
7203000,1,0,0,1
7203500,1,0,0,1
7204000,1,0,0,1
7204500,1,0,0,1
7205000,1,0,0,1
7205500,1,0,0,1
7206000,1,0,0,1
7206500,1,0,0,1
7207000,1,0,0,1
7207500,1,0,0,1
7208000,1,0,0,1
7208500,1,0,0,1
7209000,1,0,0,1
7209500,1,0,0,1
7210000,1,0,0,1
7210500,1,0,0,1
7211000,1,0,0,1
7211500,1,0,0,1
7212000,1,0,0,1
7212500,1,0,0,1
7213000,1,0,0,1
7213500,1,0,0,1
7214000,1,0,0,1
7214500,1,0,0,1
7215000,1,0,0,1
7215500,1,0,0,1
7216000,1,0,0,1
7216500,1,0,0,1
7217000,1,0,0,1
7217500,1,0,0,1
7218000,1,0,0,1
7218500,1,0,0,1
7219000,1,0,0,1
7219500,1,0,0,1
7220000,1,0,0,1
7220500,1,0,0,1
7221000,1,0,0,1
7221500,1,0,0,1
7222000,1,0,0,1
7222500,1,0,0,1
7223000,1,0,0,1
7223500,1,0,0,1
7224000,1,0,0,1
7224500,1,0,0,1
7225000,1,0,0,1
7225500,1,0,0,1
7226000,1,0,0,1
7226500,1,0,0,1
7227000,1,0,0,1
7227500,1,0,0,1
7228000,1,0,0,1
7228500,1,0,0,1
7229000,1,0,0,1
7229500,1,0,0,1
7230000,1,0,0,1
7230500,1,0,0,1
7231000,1,0,0,1
7231500,1,0,0,1
7232000,1,0,0,1
7232500,1,0,0,1
7233000,1,0,0,1
7233500,1,0,0,1
7234000,1,0,0,1
7234500,1,0,0,1
7235000,1,0,0,1
7235500,1,0,0,1
7236000,1,0,0,1
7236500,1,0,0,1
7237000,1,0,0,1
7237500,1,0,0,1
7238000,1,0,0,1
7238500,1,0,0,1
7239000,1,0,0,1
7239500,1,0,0,1
7240000,1,0,0,1
7240500,1,0,0,1
7241000,1,0,0,1
7241500,1,0,0,1
7242000,1,0,0,1
7242500,1,0,0,1
7243000,1,0,0,1
7243500,1,0,0,1
7244000,1,0,0,1
7244500,1,0,0,1
7245000,1,0,0,1
7245500,1,0,0,1
7246000,1,0,0,1
7246500,1,0,0,1
7247000,1,0,0,1
7247500,1,0,0,1
7248000,1,0,0,1
7248500,1,0,0,1
7249000,1,0,0,1
7249500,1,0,0,1
7250000,1,0,0,1
7250500,1,0,0,1
7251000,1,0,0,1
7251500,1,0,0,1
7252000,1,0,0,1
7252500,1,0,0,1
7253000,1,0,0,1
7253500,1,0,0,1
7254000,1,0,0,1
7254500,1,0,0,1
7255000,1,0,0,1
7255500,1,0,0,1
7256000,1,0,0,1
7256500,1,0,0,1
7257000,1,0,0,1
7257500,1,0,0,1
7258000,1,0,0,1
7258500,1,0,0,1
7259000,1,0,0,1
7259500,1,0,0,1
7260000,1,0,0,1
7260500,1,0,0,1
7261000,1,0,0,1
7261500,1,0,0,1
7262000,1,0,0,1
7262500,1,0,0,1
7263000,1,0,0,1
7263500,1,0,0,1
7264000,1,0,0,1
7264500,1,0,0,1
7265000,1,0,0,1
7265500,1,0,0,1
7266000,1,0,0,1
7266500,1,0,0,1
7267000,1,0,0,1
7267500,1,0,0,1
7268000,1,0,0,1
7268500,1,0,0,1
7269000,1,0,0,1
7269500,1,0,0,1
7270000,1,0,0,1
7270500,1,0,0,1
7271000,1,0,0,1
7271500,1,0,0,1
7272000,1,0,0,1
7272500,1,0,0,1
7273000,1,0,0,1
7273500,1,0,0,1
7274000,1,0,0,1
7274500,1,0,0,1
7275000,1,0,0,1
7275500,1,0,0,1
7276000,1,0,0,1
7276500,1,0,0,1
7277000,1,0,0,1
7277500,1,0,0,1
7278000,1,0,0,1
7278500,1,0,0,1
7279000,1,0,0,1
7279500,1,0,0,1
7280000,1,0,0,1
7280500,1,0,0,1
7281000,1,0,0,1
7281500,1,0,0,1
7282000,1,0,0,1
7282500,1,0,0,1
7283000,1,0,0,1
7283500,1,0,0,1
7284000,1,0,0,1
7284500,1,0,0,1
7285000,1,0,0,1
7285500,1,0,0,1
7286000,1,0,0,1
7286500,1,0,0,1
7287000,1,0,0,1
7287500,1,0,0,1
7288000,1,0,0,1
7288500,1,0,0,1
7289000,1,0,0,1
7289500,1,0,0,1
7290000,1,0,0,1
7290500,1,0,0,1
7291000,1,0,0,1
7291500,1,0,0,1
7292000,1,0,0,1
7292500,1,0,0,1
7293000,1,0,0,1
7293500,1,0,0,1
7294000,1,0,0,1
7294500,1,0,0,1
7295000,1,0,0,1
7295500,1,0,0,1
7296000,1,0,0,1
7296500,1,0,0,1
7297000,1,0,0,1
7297500,1,0,0,1
7298000,1,0,0,1
7298500,1,0,0,1
7299000,1,0,0,1
7299500,1,0,0,1
7300000,1,0,0,1
7300500,1,0,0,1
7301000,1,0,0,1
7301500,1,0,0,1
7302000,1,0,0,1
7302500,1,0,0,1
7303000,1,0,0,1
7303500,1,0,0,1
7304000,1,0,0,1
7304500,1,0,0,1
7305000,1,0,0,1
7305500,1,0,0,1
7306000,1,0,0,1
7306500,1,0,0,1
7307000,1,0,0,1
7307500,1,0,0,1
7308000,1,0,0,1
7308500,1,0,0,1
7309000,1,0,0,1
7309500,1,0,0,1
7310000,1,0,0,1
7310500,1,0,0,1
7311000,1,0,0,1
7311500,1,0,0,1
7312000,1,0,0,1
7312500,1,0,0,1
7313000,1,0,0,1
7313500,1,0,0,1
7314000,1,0,0,1
7314500,1,0,0,1
7315000,1,0,0,1
7315500,1,0,0,1
7316000,1,0,0,1
7316500,1,0,0,1
7317000,1,0,0,1
7317500,1,0,0,1
7318000,1,0,0,1
7318500,1,0,0,1
7319000,1,0,0,1
7319500,1,0,0,1
7320000,1,0,0,1
7320500,1,0,0,1
7321000,1,0,0,1
7321500,1,0,0,1
7322000,1,0,0,1
7322500,1,0,0,1
7323000,1,0,0,1
7323500,1,0,0,1
7324000,1,0,0,1
7324500,1,0,0,1
7325000,1,0,0,1
7325500,1,0,0,1
7326000,1,0,0,1
7326500,1,0,0,1
7327000,1,0,0,1
7327500,1,0,0,1
7328000,1,0,0,1
7328500,1,0,0,1
7329000,1,0,0,1
7329500,1,0,0,1
7330000,1,0,0,1
7330500,1,0,0,1
7331000,1,0,0,1
7331500,1,0,0,1
7332000,1,0,0,1
7332500,1,0,0,1
7333000,1,0,0,1
7333500,1,0,0,1
7334000,1,0,0,1
7334500,1,0,0,1
7335000,1,0,0,1
7335500,1,0,0,1
7336000,1,0,0,1
7336500,1,0,0,1
7337000,1,0,0,1
7337500,1,0,0,1
7338000,1,0,0,1
7338500,1,0,0,1
7339000,1,0,0,1
7339500,1,0,0,1
7340000,1,0,0,1
7340500,1,0,0,1
7341000,1,0,0,1
7341500,1,0,0,1
7342000,1,0,0,1
7342500,1,0,0,1
7343000,1,0,0,1
7343500,1,0,0,1
7344000,1,0,0,1
7344500,1,0,0,1
7345000,1,0,0,1
7345500,1,0,0,1
7346000,1,0,0,1
7346500,1,0,0,1
7347000,1,0,0,1
7347500,1,0,0,1
7348000,1,0,0,1
7348500,1,0,0,1
7349000,1,0,0,1
7349500,1,0,0,1
7350000,1,0,0,1
7350500,1,0,0,1
7351000,1,0,0,1
7351500,1,0,0,1
7352000,1,0,0,1
7352500,1,0,0,1
7353000,1,0,0,1
7353500,1,0,0,1
7354000,1,0,0,1
7354500,1,0,0,1
7355000,1,0,0,1
7355500,1,0,0,1
7356000,1,0,0,1
7356500,1,0,0,1
7357000,1,0,0,1
7357500,1,0,0,1
7358000,1,0,0,1
7358500,1,0,0,1
7359000,1,0,0,1
7359500,1,0,0,1
7360000,1,0,0,1
7360500,1,0,0,1
7361000,1,0,0,1
7361500,1,0,0,1
7362000,1,0,0,1
7362500,1,0,0,1
7363000,1,0,0,1
7363500,1,0,0,1
7364000,1,0,0,1
7364500,1,0,0,1
7365000,1,0,0,1
7365500,1,0,0,1
7366000,1,0,0,1
7366500,1,0,0,1
7367000,1,0,0,1
7367500,1,0,0,1
7368000,1,0,0,1
7368500,1,0,0,1
7369000,1,0,0,1
7369500,1,0,0,1
7370000,1,0,0,1
7370500,1,0,0,1
7371000,1,0,0,1
7371500,1,0,0,1
7372000,1,0,0,1
7372500,1,0,0,1
7373000,1,0,0,1
7373500,1,0,0,1
7374000,1,0,0,1
7374500,1,0,0,1
7375000,1,0,0,1
7375500,1,0,0,1
7376000,1,0,0,1
7376500,1,0,0,1
7377000,1,0,0,1
7377500,1,0,0,1
7378000,1,0,0,1
7378500,1,0,0,1
7379000,1,0,0,1
7379500,1,0,0,1
7380000,1,0,0,1
7380500,1,0,0,1
7381000,1,0,0,1
7381500,1,0,0,1
7382000,1,0,0,1
7382500,1,0,0,1
7383000,1,0,0,1
7383500,1,0,0,1
7384000,1,0,0,1
7384500,1,0,0,1
7385000,1,0,0,1
7385500,1,0,0,1
7386000,1,0,0,1
7386500,1,0,0,1
7387000,1,0,0,1
7387500,1,0,0,1
7388000,1,0,0,1
7388500,1,0,0,1
7389000,1,0,0,1
7389500,1,0,0,1
7390000,1,0,0,1
7390500,1,0,0,1
7391000,1,0,0,1
7391500,1,0,0,1
7392000,1,0,0,1
7392500,1,0,0,1
7393000,1,0,0,1
7393500,1,0,0,1
7394000,1,0,0,1
7394500,1,0,0,1
7395000,1,0,0,1
7395500,1,0,0,1
7396000,1,0,0,1
7396500,1,0,0,1
7397000,1,0,0,1
7397500,1,0,0,1
7398000,1,0,0,1
7398500,1,0,0,1
7399000,1,0,0,1
7399500,1,0,0,1
7400000,1,0,0,1
7400500,1,0,0,1
7401000,1,0,0,1
7401500,1,0,0,1
7402000,1,0,0,1
7402500,1,0,0,1
7403000,1,0,0,1
7403500,1,0,0,1
7404000,1,0,0,1
7404500,1,0,0,1
7405000,1,0,0,1
7405500,1,0,0,1
7406000,1,0,0,1
7406500,1,0,0,1
7407000,1,0,0,1
7407500,1,0,0,1
7408000,1,0,0,1
7408500,1,0,0,1
7409000,1,0,0,1
7409500,1,0,0,1
7410000,1,0,0,1
7410500,1,0,0,1
7411000,1,0,0,1
7411500,1,0,0,1
7412000,1,0,0,1
7412500,1,0,0,1
7413000,1,0,0,1
7413500,1,0,0,1
7414000,1,0,0,1
7414500,1,0,0,1
7415000,1,0,0,1
7415500,1,0,0,1
7416000,1,0,0,1
7416500,1,0,0,1
7417000,1,0,0,1
7417500,1,0,0,1
7418000,1,0,0,1
7418500,1,0,0,1
7419000,1,0,0,1
7419500,1,0,0,1
7420000,1,0,0,1
7420500,1,0,0,1
7421000,1,0,0,1
7421500,1,0,0,1
7422000,1,0,0,1
7422500,1,0,0,1
7423000,1,0,0,1
7423500,1,0,0,1
7424000,1,0,0,1
7424500,1,0,0,1
7425000,1,0,0,1
7425500,1,0,0,1
7426000,1,0,0,1
7426500,1,0,0,1
7427000,1,0,0,1
7427500,1,0,0,1
7428000,1,0,0,1
7428500,1,0,0,1
7429000,1,0,0,1
7429500,1,0,0,1
7430000,1,0,0,1
7430500,1,0,0,1
7431000,1,0,0,1
7431500,1,0,0,1
7432000,1,0,0,1
7432500,1,0,0,1
7433000,1,0,0,1
7433500,1,0,0,1
7434000,1,0,0,1
7434500,1,0,0,1
7435000,1,0,0,1
7435500,1,0,0,1
7436000,1,0,0,1
7436500,1,0,0,1
7437000,1,0,0,1
7437500,1,0,0,1
7438000,1,0,0,1
7438500,1,0,0,1
7439000,1,0,0,1
7439500,1,0,0,1
7440000,1,0,0,1
7440500,1,0,0,1
7441000,1,0,0,1
7441500,1,0,0,1
7442000,1,0,0,1
7442500,1,0,0,1
7443000,1,0,0,1
7443500,1,0,0,1
7444000,1,0,0,1
7444500,1,0,0,1
7445000,1,0,0,1
7445500,1,0,0,1
7446000,1,0,0,1
7446500,1,0,0,1
7447000,1,0,0,1
7447500,1,0,0,1
7448000,1,0,0,1
7448500,1,0,0,1
7449000,1,0,0,1
7449500,1,0,0,1
7450000,1,0,0,1
7450500,1,0,0,1
7451000,1,0,0,1
7451500,1,0,0,1
7452000,1,0,0,1
7452500,1,0,0,1
7453000,1,0,0,1
7453500,1,0,0,1
7454000,1,0,0,1
7454500,1,0,0,1
7455000,1,0,0,1
7455500,1,0,0,1
7456000,1,0,0,1
7456500,1,0,0,1
7457000,1,0,0,1
7457500,1,0,0,1
7458000,1,0,0,1
7458500,1,0,0,1
7459000,1,0,0,1
7459500,1,0,0,1
7460000,1,0,0,1
7460500,1,0,0,1
7461000,1,0,0,1
7461500,1,0,0,1
7462000,1,0,0,1
7462500,1,0,0,1
7463000,1,0,0,1
7463500,1,0,0,1
7464000,1,0,0,1
7464500,1,0,0,1
7465000,1,0,0,1
7465500,1,0,0,1
7466000,1,0,0,1
7466500,1,0,0,1
7467000,1,0,0,1
7467500,1,0,0,1
7468000,1,0,0,1
7468500,1,0,0,1
7469000,1,0,0,1
7469500,1,0,0,1
7470000,1,0,0,1
7470500,1,0,0,1
7471000,1,0,0,1
7471500,1,0,0,1
7472000,1,0,0,1
7472500,1,0,0,1
7473000,1,0,0,1
7473500,1,0,0,1
7474000,1,0,0,1
7474500,1,0,0,1
7475000,1,0,0,1
7475500,1,0,0,1
7476000,1,0,0,1
7476500,1,0,0,1
7477000,1,0,0,1
7477500,1,0,0,1
7478000,1,0,0,1
7478500,1,0,0,1
7479000,1,0,0,1
7479500,1,0,0,1
7480000,1,0,0,1
7480500,1,0,0,1
7481000,1,0,0,1
7481500,1,0,0,1
7482000,1,0,0,1
7482500,1,0,0,1
7483000,1,0,0,1
7483500,1,0,0,1
7484000,1,0,0,1
7484500,1,0,0,1
7485000,1,0,0,1
7485500,1,0,0,1
7486000,1,0,0,1
7486500,1,0,0,1
7487000,1,0,0,1
7487500,1,0,0,1
7488000,1,0,0,1
7488500,1,0,0,1
7489000,1,0,0,1
7489500,1,0,0,1
7490000,1,0,0,1
7490500,1,0,0,1
7491000,1,0,0,1
7491500,1,0,0,1
7492000,1,0,0,1
7492500,1,0,0,1
7493000,1,0,0,1
7493500,1,0,0,1
7494000,1,0,0,1
7494500,1,0,0,1
7495000,1,0,0,1
7495500,1,0,0,1
7496000,1,0,0,1
7496500,1,0,0,1
7497000,1,0,0,1
7497500,1,0,0,1
7498000,1,0,0,1
7498500,1,0,0,1
7499000,1,0,0,1
7499500,1,0,0,1
7500000,1,0,0,1
7500500,1,0,0,1
7501000,1,0,0,1
7501500,1,0,0,1
7502000,1,0,0,1
7502500,1,0,0,1
7503000,1,0,0,1
7503500,1,0,0,1
7504000,1,0,0,1
7504500,1,0,0,1
7505000,1,0,0,1
7505500,1,0,0,1
7506000,1,0,0,1
7506500,1,0,0,1
7507000,1,0,0,1
7507500,1,0,0,1
7508000,1,0,0,1
7508500,1,0,0,1
7509000,1,0,0,1
7509500,1,0,0,1
7510000,1,0,0,1
7510500,1,0,0,1
7511000,1,0,0,1
7511500,1,0,0,1
7512000,1,0,0,1
7512500,1,0,0,1
7513000,1,0,0,1
7513500,1,0,0,1
7514000,1,0,0,1
7514500,1,0,0,1
7515000,1,0,0,1
7515500,1,0,0,1
7516000,1,0,0,1
7516500,1,0,0,1
7517000,1,0,0,1
7517500,1,0,0,1
7518000,1,0,0,1
7518500,1,0,0,1
7519000,1,0,0,1
7519500,1,0,0,1
7520000,1,0,0,1
7520500,1,0,0,1
7521000,1,0,0,1
7521500,1,0,0,1
7522000,1,0,0,1
7522500,1,0,0,1
7523000,1,0,0,1
7523500,1,0,0,1
7524000,1,0,0,1
7524500,1,0,0,1
7525000,1,0,0,1
7525500,1,0,0,1
7526000,1,0,0,1
7526500,1,0,0,1
7527000,1,0,0,1
7527500,1,0,0,1
7528000,1,0,0,1
7528500,1,0,0,1
7529000,1,0,0,1
7529500,1,0,0,1
7530000,1,0,0,1
7530500,1,0,0,1
7531000,1,0,0,1
7531500,1,0,0,1
7532000,1,0,0,1
7532500,1,0,0,1
7533000,1,0,0,1
7533500,1,0,0,1
7534000,1,0,0,1
7534500,1,0,0,1
7535000,1,0,0,1
7535500,1,0,0,1
7536000,1,0,0,1
7536500,1,0,0,1
7537000,1,0,0,1
7537500,1,0,0,1
7538000,1,0,0,1
7538500,1,0,0,1
7539000,1,0,0,1
7539500,1,0,0,1
7540000,1,0,0,1
7540500,1,0,0,1
7541000,1,0,0,1
7541500,1,0,0,1
7542000,1,0,0,1
7542500,1,0,0,1
7543000,1,0,0,1
7543500,1,0,0,1
7544000,1,0,0,1
7544500,1,0,0,1
7545000,1,0,0,1
7545500,1,0,0,1
7546000,1,0,0,1
7546500,1,0,0,1
7547000,1,0,0,1
7547500,1,0,0,1
7548000,1,0,0,1
7548500,1,0,0,1
7549000,1,0,0,1
7549500,1,0,0,1
7550000,1,0,0,1
7550500,1,0,0,1
7551000,1,0,0,1
7551500,1,0,0,1
7552000,1,0,0,1
7552500,1,0,0,1
7553000,1,0,0,1
7553500,1,0,0,1
7554000,1,0,0,1
7554500,1,0,0,1
7555000,1,0,0,1
7555500,1,0,0,1
7556000,1,0,0,1
7556500,1,0,0,1
7557000,1,0,0,1
7557500,1,0,0,1
7558000,1,0,0,1
7558500,1,0,0,1
7559000,1,0,0,1
7559500,1,0,0,1
7560000,1,0,0,1
7560500,1,0,0,1
7561000,1,0,0,1
7561500,1,0,0,1
7562000,1,0,0,1
7562500,1,0,0,1
7563000,1,0,0,1
7563500,1,0,0,1
7564000,1,0,0,1
7564500,1,0,0,1
7565000,1,0,0,1
7565500,1,0,0,1
7566000,1,0,0,1
7566500,1,0,0,1
7567000,1,0,0,1
7567500,1,0,0,1
7568000,1,0,0,1
7568500,1,0,0,1
7569000,1,0,0,1
7569500,1,0,0,1
7570000,1,0,0,1
7570500,1,0,0,1
7571000,1,0,0,1
7571500,1,0,0,1
7572000,1,0,0,1
7572500,1,0,0,1
7573000,1,0,0,1
7573500,1,0,0,1
7574000,1,0,0,1
7574500,1,0,0,1
7575000,1,0,0,1
7575500,1,0,0,1
7576000,1,0,0,1
7576500,1,0,0,1
7577000,1,0,0,1
7577500,1,0,0,1
7578000,1,0,0,1
7578500,1,0,0,1
7579000,1,0,0,1
7579500,1,0,0,1
7580000,1,0,0,1
7580500,1,0,0,1
7581000,1,0,0,1
7581500,1,0,0,1
7582000,1,0,0,1
7582500,1,0,0,1
7583000,1,0,0,1
7583500,1,0,0,1
7584000,1,0,0,1
7584500,1,0,0,1
7585000,1,0,0,1
7585500,1,0,0,1
7586000,1,0,0,1
7586500,1,0,0,1
7587000,1,0,0,1
7587500,1,0,0,1
7588000,1,0,0,1
7588500,1,0,0,1
7589000,1,0,0,1
7589500,1,0,0,1
7590000,1,0,0,1
7590500,1,0,0,1
7591000,1,0,0,1
7591500,1,0,0,1
7592000,1,0,0,1
7592500,1,0,0,1
7593000,1,0,0,1
7593500,1,0,0,1
7594000,1,0,0,1
7594500,1,0,0,1
7595000,1,0,0,1
7595500,1,0,0,1
7596000,1,0,0,1
7596500,1,0,0,1
7597000,1,0,0,1
7597500,1,0,0,1
7598000,1,0,0,1
7598500,1,0,0,1
7599000,1,0,0,1
7599500,1,0,0,1
7600000,1,0,0,1
7600500,1,0,0,1
7601000,1,0,0,1
7601500,1,0,0,1
7602000,1,0,0,1
7602500,1,0,0,1
7603000,1,0,0,1
7603500,1,0,0,1
7604000,1,0,0,1
7604500,1,0,0,1
7605000,1,0,0,1
7605500,1,0,0,1
7606000,1,0,0,1
7606500,1,0,0,1
7607000,1,0,0,1
7607500,1,0,0,1
7608000,1,0,0,1
7608500,1,0,0,1
7609000,1,0,0,1
7609500,1,0,0,1
7610000,1,0,0,1
7610500,1,0,0,1
7611000,1,0,0,1
7611500,1,0,0,1
7612000,1,0,0,1
7612500,1,0,0,1
7613000,1,0,0,1
7613500,1,0,0,1
7614000,1,0,0,1
7614500,1,0,0,1
7615000,1,0,0,1
7615500,1,0,0,1
7616000,1,0,0,1
7616500,1,0,0,1
7617000,1,0,0,1
7617500,1,0,0,1
7618000,1,0,0,1
7618500,1,0,0,1
7619000,1,0,0,1
7619500,1,0,0,1
7620000,1,0,0,1
7620500,1,0,0,1
7621000,1,0,0,1
7621500,1,0,0,1
7622000,1,0,0,1
7622500,1,0,0,1
7623000,1,0,0,1
7623500,1,0,0,1
7624000,1,0,0,1
7624500,1,0,0,1
7625000,1,0,0,1
7625500,1,0,0,1
7626000,1,0,0,1
7626500,1,0,0,1
7627000,1,0,0,1
7627500,1,0,0,1
7628000,1,0,0,1
7628500,1,0,0,1
7629000,1,0,0,1
7629500,1,0,0,1
7630000,1,0,0,1
7630500,1,0,0,1
7631000,1,0,0,1
7631500,1,0,0,1
7632000,1,0,0,1
7632500,1,0,0,1
7633000,1,0,0,1
7633500,1,0,0,1
7634000,1,0,0,1
7634500,1,0,0,1
7635000,1,0,0,1
7635500,1,0,0,1
7636000,1,0,0,1
7636500,1,0,0,1
7637000,1,0,0,1
7637500,1,0,0,1
7638000,1,0,0,1
7638500,1,0,0,1
7639000,1,0,0,1
7639500,1,0,0,1
7640000,1,0,0,1
7640500,1,0,0,1
7641000,1,0,0,1
7641500,1,0,0,1
7642000,1,0,0,1
7642500,1,0,0,1
7643000,1,0,0,1
7643500,1,0,0,1
7644000,1,0,0,1
7644500,1,0,0,1
7645000,1,0,0,1
7645500,1,0,0,1
7646000,1,0,0,1
7646500,1,0,0,1
7647000,1,0,0,1
7647500,1,0,0,1
7648000,1,0,0,1
7648500,1,0,0,1
7649000,1,0,0,1
7649500,1,0,0,1
7650000,1,0,0,1
7650500,1,0,0,1
7651000,1,0,0,1
7651500,1,0,0,1
7652000,1,0,0,1
7652500,1,0,0,1
7653000,1,0,0,1
7653500,1,0,0,1
7654000,1,0,0,1
7654500,1,0,0,1
7655000,1,0,0,1
7655500,1,0,0,1
7656000,1,0,0,1
7656500,1,0,0,1
7657000,1,0,0,1
7657500,1,0,0,1
7658000,1,0,0,1
7658500,1,0,0,1
7659000,1,0,0,1
7659500,1,0,0,1
7660000,1,0,0,1
7660500,1,0,0,1
7661000,1,0,0,1
7661500,1,0,0,1
7662000,1,0,0,1
7662500,1,0,0,1
7663000,1,0,0,1
7663500,1,0,0,1
7664000,1,0,0,1
7664500,1,0,0,1
7665000,1,0,0,1
7665500,1,0,0,1
7666000,1,0,0,1
7666500,1,0,0,1
7667000,1,0,0,1
7667500,1,0,0,1
7668000,1,0,0,1
7668500,1,0,0,1
7669000,1,0,0,1
7669500,1,0,0,1
7670000,1,0,0,1
7670500,1,0,0,1
7671000,1,0,0,1
7671500,1,0,0,1
7672000,1,0,0,1
7672500,1,0,0,1
7673000,1,0,0,1
7673500,1,0,0,1
7674000,1,0,0,1
7674500,1,0,0,1
7675000,1,0,0,1
7675500,1,0,0,1
7676000,1,0,0,1
7676500,1,0,0,1
7677000,1,0,0,1
7677500,1,0,0,1
7678000,1,0,0,1
7678500,1,0,0,1
7679000,1,0,0,1
7679500,1,0,0,1
7680000,1,0,0,1
7680500,1,0,0,1
7681000,1,0,0,1
7681500,1,0,0,1
7682000,1,0,0,1
7682500,1,0,0,1
7683000,1,0,0,1
7683500,1,0,0,1
7684000,1,0,0,1
7684500,1,0,0,1
7685000,1,0,0,1
7685500,1,0,0,1
7686000,1,0,0,1
7686500,1,0,0,1
7687000,1,0,0,1
7687500,1,0,0,1
7688000,1,0,0,1
7688500,1,0,0,1
7689000,1,0,0,1
7689500,1,0,0,1
7690000,1,0,0,1
7690500,1,0,0,1
7691000,1,0,0,1
7691500,1,0,0,1
7692000,1,0,0,1
7692500,1,0,0,1
7693000,1,0,0,1
7693500,1,0,0,1
7694000,1,0,0,1
7694500,1,0,0,1
7695000,1,0,0,1
7695500,1,0,0,1
7696000,1,0,0,1
7696500,1,0,0,1
7697000,1,0,0,1
7697500,1,0,0,1
7698000,1,0,0,1
7698500,1,0,0,1
7699000,1,0,0,1
7699500,1,0,0,1
7700000,1,0,0,1
7700500,1,0,0,1
7701000,1,0,0,1
7701500,1,0,0,1
7702000,1,0,0,1
7702500,1,0,0,1
7703000,1,0,0,1
7703500,1,0,0,1
7704000,1,0,0,1
7704500,1,0,0,1
7705000,1,0,0,1
7705500,1,0,0,1
7706000,1,0,0,1
7706500,1,0,0,1
7707000,1,0,0,1
7707500,1,0,0,1
7708000,1,0,0,1
7708500,1,0,0,1
7709000,1,0,0,1
7709500,1,0,0,1
7710000,1,0,0,1
7710500,1,0,0,1
7711000,1,0,0,1
7711500,1,0,0,1
7712000,1,0,0,1
7712500,1,0,0,1
7713000,1,0,0,1
7713500,1,0,0,1
7714000,1,0,0,1
7714500,1,0,0,1
7715000,1,0,0,1
7715500,1,0,0,1
7716000,1,0,0,1
7716500,1,0,0,1
7717000,1,0,0,1
7717500,1,0,0,1
7718000,1,0,0,1
7718500,1,0,0,1
7719000,1,0,0,1
7719500,1,0,0,1
7720000,1,0,0,1
7720500,1,0,0,1
7721000,1,0,0,1
7721500,1,0,0,1
7722000,1,0,0,1
7722500,1,0,0,1
7723000,1,0,0,1
7723500,1,0,0,1
7724000,1,0,0,1
7724500,1,0,0,1
7725000,1,0,0,1
7725500,1,0,0,1
7726000,1,0,0,1
7726500,1,0,0,1
7727000,1,0,0,1
7727500,1,0,0,1
7728000,1,0,0,1
7728500,1,0,0,1
7729000,1,0,0,1
7729500,1,0,0,1
7730000,1,0,0,1
7730500,1,0,0,1
7731000,1,0,0,1
7731500,1,0,0,1
7732000,1,0,0,1
7732500,1,0,0,1
7733000,1,0,0,1
7733500,1,0,0,1
7734000,1,0,0,1
7734500,1,0,0,1
7735000,1,0,0,1
7735500,1,0,0,1
7736000,1,0,0,1
7736500,1,0,0,1
7737000,1,0,0,1
7737500,1,0,0,1
7738000,1,0,0,1
7738500,1,0,0,1
7739000,1,0,0,1
7739500,1,0,0,1
7740000,1,0,0,1
7740500,1,0,0,1
7741000,1,0,0,1
7741500,1,0,0,1
7742000,1,0,0,1
7742500,1,0,0,1
7743000,1,0,0,1
7743500,1,0,0,1
7744000,1,0,0,1
7744500,1,0,0,1
7745000,1,0,0,1
7745500,1,0,0,1
7746000,1,0,0,1
7746500,1,0,0,1
7747000,1,0,0,1
7747500,1,0,0,1
7748000,1,0,0,1
7748500,1,0,0,1
7749000,1,0,0,1
7749500,1,0,0,1
7750000,1,0,0,1
7750500,1,0,0,1
7751000,1,0,0,1
7751500,1,0,0,1
7752000,1,0,0,1
7752500,1,0,0,1
7753000,1,0,0,1
7753500,1,0,0,1
7754000,1,0,0,1
7754500,1,0,0,1
7755000,1,0,0,1
7755500,1,0,0,1
7756000,1,0,0,1
7756500,1,0,0,1
7757000,1,0,0,1
7757500,1,0,0,1
7758000,1,0,0,1
7758500,1,0,0,1
7759000,1,0,0,1
7759500,1,0,0,1
7760000,1,0,0,1
7760500,1,0,0,1
7761000,1,0,0,1
7761500,1,0,0,1
7762000,1,0,0,1
7762500,1,0,0,1
7763000,1,0,0,1
7763500,1,0,0,1
7764000,1,0,0,1
7764500,1,0,0,1
7765000,1,0,0,1
7765500,1,0,0,1
7766000,1,0,0,1
7766500,1,0,0,1
7767000,1,0,0,1
7767500,1,0,0,1
7768000,1,0,0,1
7768500,1,0,0,1
7769000,1,0,0,1
7769500,1,0,0,1
7770000,1,0,0,1
7770500,1,0,0,1
7771000,1,0,0,1
7771500,1,0,0,1
7772000,1,0,0,1
7772500,1,0,0,1
7773000,1,0,0,1
7773500,1,0,0,1
7774000,1,0,0,1
7774500,1,0,0,1
7775000,1,0,0,1
7775500,1,0,0,1
7776000,1,0,0,1
7776500,1,0,0,1
7777000,1,0,0,1
7777500,1,0,0,1
7778000,1,0,0,1
7778500,1,0,0,1
7779000,1,0,0,1
7779500,1,0,0,1
7780000,1,0,0,1
7780500,1,0,0,1
7781000,1,0,0,1
7781500,1,0,0,1
7782000,1,0,0,1
7782500,1,0,0,1
7783000,1,0,0,1
7783500,1,0,0,1
7784000,1,0,0,1
7784500,1,0,0,1
7785000,1,0,0,1
7785500,1,0,0,1
7786000,1,0,0,1
7786500,1,0,0,1
7787000,1,0,0,1
7787500,1,0,0,1
7788000,1,0,0,1
7788500,1,0,0,1
7789000,1,0,0,1
7789500,1,0,0,1
7790000,1,0,0,1
7790500,1,0,0,1
7791000,1,0,0,1
7791500,1,0,0,1
7792000,1,0,0,1
7792500,1,0,0,1
7793000,1,0,0,1
7793500,1,0,0,1
7794000,1,0,0,1
7794500,1,0,0,1
7795000,1,0,0,1
7795500,1,0,0,1
7796000,1,0,0,1
7796500,1,0,0,1
7797000,1,0,0,1
7797500,1,0,0,1
7798000,1,0,0,1
7798500,1,0,0,1
7799000,1,0,0,1
7799500,1,0,0,1
7800000,1,0,0,1
7800500,1,0,0,1
7801000,1,0,0,1
7801500,1,0,0,1
7802000,1,0,0,1
7802500,1,0,0,1
7803000,1,0,0,1
7803500,1,0,0,1
7804000,1,0,0,1
7804500,1,0,0,1
7805000,1,0,0,1
7805500,1,0,0,1
7806000,1,0,0,1
7806500,1,0,0,1
7807000,1,0,0,1
7807500,1,0,0,1
7808000,1,0,0,1
7808500,1,0,0,1
7809000,1,0,0,1
7809500,1,0,0,1
7810000,1,0,0,1
7810500,1,0,0,1
7811000,1,0,0,1
7811500,1,0,0,1
7812000,1,0,0,1
7812500,1,0,0,1
7813000,1,0,0,1
7813500,1,0,0,1
7814000,1,0,0,1
7814500,1,0,0,1
7815000,1,0,0,1
7815500,1,0,0,1
7816000,1,0,0,1
7816500,1,0,0,1
7817000,1,0,0,1
7817500,1,0,0,1
7818000,1,0,0,1
7818500,1,0,0,1
7819000,1,0,0,1
7819500,1,0,0,1
7820000,1,0,0,1
7820500,1,0,0,1
7821000,1,0,0,1
7821500,1,0,0,1
7822000,1,0,0,1
7822500,1,0,0,1
7823000,1,0,0,1
7823500,1,0,0,1
7824000,1,0,0,1
7824500,1,0,0,1
7825000,1,0,0,1
7825500,1,0,0,1
7826000,1,0,0,1
7826500,1,0,0,1
7827000,1,0,0,1
7827500,1,0,0,1
7828000,1,0,0,1
7828500,1,0,0,1
7829000,1,0,0,1
7829500,1,0,0,1
7830000,1,0,0,1
7830500,1,0,0,1
7831000,1,0,0,1
7831500,1,0,0,1
7832000,1,0,0,1
7832500,1,0,0,1
7833000,1,0,0,1
7833500,1,0,0,1
7834000,1,0,0,1
7834500,1,0,0,1
7835000,1,0,0,1
7835500,1,0,0,1
7836000,1,0,0,1
7836500,1,0,0,1
7837000,1,0,0,1
7837500,1,0,0,1
7838000,1,0,0,1
7838500,1,0,0,1
7839000,1,0,0,1
7839500,1,0,0,1
7840000,1,0,0,1
7840500,1,0,0,1
7841000,1,0,0,1
7841500,1,0,0,1
7842000,1,0,0,1
7842500,1,0,0,1
7843000,1,0,0,1
7843500,1,0,0,1
7844000,1,0,0,1
7844500,1,0,0,1
7845000,1,0,0,1
7845500,1,0,0,1
7846000,1,0,0,1
7846500,1,0,0,1
7847000,1,0,0,1
7847500,1,0,0,1
7848000,1,0,0,1
7848500,1,0,0,1
7849000,1,0,0,1
7849500,1,0,0,1
7850000,1,0,0,1
7850500,1,0,0,1
7851000,1,0,0,1
7851500,1,0,0,1
7852000,1,0,0,1
7852500,1,0,0,1
7853000,1,0,0,1
7853500,1,0,0,1
7854000,1,0,0,1
7854500,1,0,0,1
7855000,1,0,0,1
7855500,1,0,0,1
7856000,1,0,0,1
7856500,1,0,0,1
7857000,1,0,0,1
7857500,1,0,0,1
7858000,1,0,0,1
7858500,1,0,0,1
7859000,1,0,0,1
7859500,1,0,0,1
7860000,1,0,0,1
7860500,1,0,0,1
7861000,1,0,0,1
7861500,1,0,0,1
7862000,1,0,0,1
7862500,1,0,0,1
7863000,1,0,0,1
7863500,1,0,0,1
7864000,1,0,0,1
7864500,1,0,0,1
7865000,1,0,0,1
7865500,1,0,0,1
7866000,1,0,0,1
7866500,1,0,0,1
7867000,1,0,0,1
7867500,1,0,0,1
7868000,1,0,0,1
7868500,1,0,0,1
7869000,1,0,0,1
7869500,1,0,0,1
7870000,1,0,0,1
7870500,1,0,0,1
7871000,1,0,0,1
7871500,1,0,0,1
7872000,1,0,0,1
7872500,1,0,0,1
7873000,1,0,0,1
7873500,1,0,0,1
7874000,1,0,0,1
7874500,1,0,0,1
7875000,1,0,0,1
7875500,1,0,0,1
7876000,1,0,0,1
7876500,1,0,0,1
7877000,1,0,0,1
7877500,1,0,0,1
7878000,1,0,0,1
7878500,1,0,0,1
7879000,1,0,0,1
7879500,1,0,0,1
7880000,1,0,0,1
7880500,1,0,0,1
7881000,1,0,0,1
7881500,1,0,0,1
7882000,1,0,0,1
7882500,1,0,0,1
7883000,1,0,0,1
7883500,1,0,0,1
7884000,1,0,0,1
7884500,1,0,0,1
7885000,1,0,0,1
7885500,1,0,0,1
7886000,1,0,0,1
7886500,1,0,0,1
7887000,1,0,0,1
7887500,1,0,0,1
7888000,1,0,0,1
7888500,1,0,0,1
7889000,1,0,0,1
7889500,1,0,0,1
7890000,1,0,0,1
7890500,1,0,0,1
7891000,1,0,0,1
7891500,1,0,0,1
7892000,1,0,0,1
7892500,1,0,0,1
7893000,1,0,0,1
7893500,1,0,0,1
7894000,1,0,0,1
7894500,1,0,0,1
7895000,1,0,0,1
7895500,1,0,0,1
7896000,1,0,0,1
7896500,1,0,0,1
7897000,1,0,0,1
7897500,1,0,0,1
7898000,1,0,0,1
7898500,1,0,0,1
7899000,1,0,0,1
7899500,1,0,0,1
7900000,1,0,0,1
7900500,1,0,0,1
7901000,1,0,0,1
7901500,1,0,0,1
7902000,1,0,0,1
7902500,1,0,0,1
7903000,1,0,0,1
7903500,1,0,0,1
7904000,1,0,0,1
7904500,1,0,0,1
7905000,1,0,0,1
7905500,1,0,0,1
7906000,1,0,0,1
7906500,1,0,0,1
7907000,1,0,0,1
7907500,1,0,0,1
7908000,1,0,0,1
7908500,1,0,0,1
7909000,1,0,0,1
7909500,1,0,0,1
7910000,1,0,0,1
7910500,1,0,0,1
7911000,1,0,0,1
7911500,1,0,0,1
7912000,1,0,0,1
7912500,1,0,0,1
7913000,1,0,0,1
7913500,1,0,0,1
7914000,1,0,0,1
7914500,1,0,0,1
7915000,1,0,0,1
7915500,1,0,0,1
7916000,1,0,0,1
7916500,1,0,0,1
7917000,1,0,0,1
7917500,1,0,0,1
7918000,1,0,0,1
7918500,1,0,0,1
7919000,1,0,0,1
7919500,1,0,0,1
7920000,1,0,0,1
7920500,1,0,0,1
7921000,1,0,0,1
7921500,1,0,0,1
7922000,1,0,0,1
7922500,1,0,0,1
7923000,1,0,0,1
7923500,1,0,0,1
7924000,1,0,0,1
7924500,1,0,0,1
7925000,1,0,0,1
7925500,1,0,0,1
7926000,1,0,0,1
7926500,1,0,0,1
7927000,1,0,0,1
7927500,1,0,0,1
7928000,1,0,0,1
7928500,1,0,0,1
7929000,1,0,0,1
7929500,1,0,0,1
7930000,1,0,0,1
7930500,1,0,0,1
7931000,1,0,0,1
7931500,1,0,0,1
7932000,1,0,0,1
7932500,1,0,0,1
7933000,1,0,0,1
7933500,1,0,0,1
7934000,1,0,0,1
7934500,1,0,0,1
7935000,1,0,0,1
7935500,1,0,0,1
7936000,1,0,0,1
7936500,1,0,0,1
7937000,1,0,0,1
7937500,1,0,0,1
7938000,1,0,0,1
7938500,1,0,0,1
7939000,1,0,0,1
7939500,1,0,0,1
7940000,1,0,0,1
7940500,1,0,0,1
7941000,1,0,0,1
7941500,1,0,0,1
7942000,1,0,0,1
7942500,1,0,0,1
7943000,1,0,0,1
7943500,1,0,0,1
7944000,1,0,0,1
7944500,1,0,0,1
7945000,1,0,0,1
7945500,1,0,0,1
7946000,1,0,0,1
7946500,1,0,0,1
7947000,1,0,0,1
7947500,1,0,0,1
7948000,1,0,0,1
7948500,1,0,0,1
7949000,1,0,0,1
7949500,1,0,0,1
7950000,1,0,0,1
7950500,1,0,0,1
7951000,1,0,0,1
7951500,1,0,0,1
7952000,1,0,0,1
7952500,1,0,0,1
7953000,1,0,0,1
7953500,1,0,0,1
7954000,1,0,0,1
7954500,1,0,0,1
7955000,1,0,0,1
7955500,1,0,0,1
7956000,1,0,0,1
7956500,1,0,0,1
7957000,1,0,0,1
7957500,1,0,0,1
7958000,1,0,0,1
7958500,1,0,0,1
7959000,1,0,0,1
7959500,1,0,0,1
7960000,1,0,0,1
7960500,1,0,0,1
7961000,1,0,0,1
7961500,1,0,0,1
7962000,1,0,0,1
7962500,1,0,0,1
7963000,1,0,0,1
7963500,1,0,0,1
7964000,1,0,0,1
7964500,1,0,0,1
7965000,1,0,0,1
7965500,1,0,0,1
7966000,1,0,0,1
7966500,1,0,0,1
7967000,1,0,0,1
7967500,1,0,0,1
7968000,1,0,0,1
7968500,1,0,0,1
7969000,1,0,0,1
7969500,1,0,0,1
7970000,1,0,0,1
7970500,1,0,0,1
7971000,1,0,0,1
7971500,1,0,0,1
7972000,1,0,0,1
7972500,1,0,0,1
7973000,1,0,0,1
7973500,1,0,0,1
7974000,1,0,0,1
7974500,1,0,0,1
7975000,1,0,0,1
7975500,1,0,0,1
7976000,1,0,0,1
7976500,1,0,0,1
7977000,1,0,0,1
7977500,1,0,0,1
7978000,1,0,0,1
7978500,1,0,0,1
7979000,1,0,0,1
7979500,1,0,0,1
7980000,1,0,0,1
7980500,1,0,0,1
7981000,1,0,0,1
7981500,1,0,0,1
7982000,1,0,0,1
7982500,1,0,0,1
7983000,1,0,0,1
7983500,1,0,0,1
7984000,1,0,0,1
7984500,1,0,0,1
7985000,1,0,0,1
7985500,1,0,0,1
7986000,1,0,0,1
7986500,1,0,0,1
7987000,1,0,0,1
7987500,1,0,0,1
7988000,1,0,0,1
7988500,1,0,0,1
7989000,1,0,0,1
7989500,1,0,0,1
7990000,1,0,0,1
7990500,1,0,0,1
7991000,1,0,0,1
7991500,1,0,0,1
7992000,1,0,0,1
7992500,1,0,0,1
7993000,1,0,0,1
7993500,1,0,0,1
7994000,1,0,0,1
7994500,1,0,0,1
7995000,1,0,0,1
7995500,1,0,0,1
7996000,1,0,0,1
7996500,1,0,0,1
7997000,1,0,0,1
7997500,1,0,0,1
7998000,1,0,0,1
7998500,1,0,0,1
7999000,1,0,0,1
7999500,1,0,0,1
8000000,1,0,0,1
8000500,1,0,0,1
8001000,1,0,0,1
8001500,1,0,0,1
8002000,1,0,0,1
8002500,1,0,0,1
8003000,1,0,0,1
8003500,1,0,0,1
8004000,1,0,0,1
8004500,1,0,0,1
8005000,1,0,0,1
8005500,1,0,0,1
8006000,1,0,0,1
8006500,1,0,0,1
8007000,1,0,0,1
8007500,1,0,0,1
8008000,1,0,0,1
8008500,1,0,0,1
8009000,1,0,0,1
8009500,1,0,0,1
8010000,1,0,0,1
8010500,1,0,0,1
8011000,1,0,0,1
8011500,1,0,0,1
8012000,1,0,0,1
8012500,1,0,0,1
8013000,1,0,0,1
8013500,1,0,0,1
8014000,1,0,0,1
8014500,1,0,0,1
8015000,1,0,0,1
8015500,1,0,0,1
8016000,1,0,0,1
8016500,1,0,0,1
8017000,1,0,0,1
8017500,1,0,0,1
8018000,1,0,0,1
8018500,1,0,0,1
8019000,1,0,0,1
8019500,1,0,0,1
8020000,1,0,0,1
8020500,1,0,0,1
8021000,1,0,0,1
8021500,1,0,0,1
8022000,1,0,0,1
8022500,1,0,0,1
8023000,1,0,0,1
8023500,1,0,0,1
8024000,1,0,0,1
8024500,1,0,0,1
8025000,1,0,0,1
8025500,1,0,0,1
8026000,1,0,0,1
8026500,1,0,0,1
8027000,1,0,0,1
8027500,1,0,0,1
8028000,1,0,0,1
8028500,1,0,0,1
8029000,1,0,0,1
8029500,1,0,0,1
8030000,1,0,0,1
8030500,1,0,0,1
8031000,1,0,0,1
8031500,1,0,0,1
8032000,1,0,0,1
8032500,1,0,0,1
8033000,1,0,0,1
8033500,1,0,0,1
8034000,1,0,0,1
8034500,1,0,0,1
8035000,1,0,0,1
8035500,1,0,0,1
8036000,1,0,0,1
8036500,1,0,0,1
8037000,1,0,0,1
8037500,1,0,0,1
8038000,1,0,0,1
8038500,1,0,0,1
8039000,1,0,0,1
8039500,1,0,0,1
8040000,1,0,0,1
8040500,1,0,0,1
8041000,1,0,0,1
8041500,1,0,0,1
8042000,1,0,0,1
8042500,1,0,0,1
8043000,1,0,0,1
8043500,1,0,0,1
8044000,1,0,0,1
8044500,1,0,0,1
8045000,1,0,0,1
8045500,1,0,0,1
8046000,1,0,0,1
8046500,1,0,0,1
8047000,1,0,0,1
8047500,1,0,0,1
8048000,1,0,0,1
8048500,1,0,0,1
8049000,1,0,0,1
8049500,1,0,0,1
8050000,1,0,0,1
8050500,1,0,0,1
8051000,1,0,0,1
8051500,1,0,0,1
8052000,1,0,0,1
8052500,1,0,0,1
8053000,1,0,0,1
8053500,1,0,0,1
8054000,1,0,0,1
8054500,1,0,0,1
8055000,1,0,0,1
8055500,1,0,0,1
8056000,1,0,0,1
8056500,1,0,0,1
8057000,1,0,0,1
8057500,1,0,0,1
8058000,1,0,0,1
8058500,1,0,0,1
8059000,1,0,0,1
8059500,1,0,0,1
8060000,1,0,0,1
8060500,1,0,0,1
8061000,1,0,0,1
8061500,1,0,0,1
8062000,1,0,0,1
8062500,1,0,0,1
8063000,1,0,0,1
8063500,1,0,0,1
8064000,1,0,0,1
8064500,1,0,0,1
8065000,1,0,0,1
8065500,1,0,0,1
8066000,1,0,0,1
8066500,1,0,0,1
8067000,1,0,0,1
8067500,1,0,0,1
8068000,1,0,0,1
8068500,1,0,0,1
8069000,1,0,0,1
8069500,1,0,0,1
8070000,1,0,0,1
8070500,1,0,0,1
8071000,1,0,0,1
8071500,1,0,0,1
8072000,1,0,0,1
8072500,1,0,0,1
8073000,1,0,0,1
8073500,1,0,0,1
8074000,1,0,0,1
8074500,1,0,0,1
8075000,1,0,0,1
8075500,1,0,0,1
8076000,1,0,0,1
8076500,1,0,0,1
8077000,1,0,0,1
8077500,1,0,0,1
8078000,1,0,0,1
8078500,1,0,0,1
8079000,1,0,0,1
8079500,1,0,0,1
8080000,1,0,0,1
8080500,1,0,0,1
8081000,1,0,0,1
8081500,1,0,0,1
8082000,1,0,0,1
8082500,1,0,0,1
8083000,1,0,0,1
8083500,1,0,0,1
8084000,1,0,0,1
8084500,1,0,0,1
8085000,1,0,0,1
8085500,1,0,0,1
8086000,1,0,0,1
8086500,1,0,0,1
8087000,1,0,0,1
8087500,1,0,0,1
8088000,1,0,0,1
8088500,1,0,0,1
8089000,1,0,0,1
8089500,1,0,0,1
8090000,1,0,0,1
8090500,1,0,0,1
8091000,1,0,0,1
8091500,1,0,0,1
8092000,1,0,0,1
8092500,1,0,0,1
8093000,1,0,0,1
8093500,1,0,0,1
8094000,1,0,0,1
8094500,1,0,0,1
8095000,1,0,0,1
8095500,1,0,0,1
8096000,1,0,0,1
8096500,1,0,0,1
8097000,1,0,0,1
8097500,1,0,0,1
8098000,1,0,0,1
8098500,1,0,0,1
8099000,1,0,0,1
8099500,1,0,0,1
8100000,1,0,0,1
8100500,1,0,0,1
8101000,1,0,0,1
8101500,1,0,0,1
8102000,1,0,0,1
8102500,1,0,0,1
8103000,1,0,0,1
8103500,1,0,0,1
8104000,1,0,0,1
8104500,1,0,0,1
8105000,1,0,0,1
8105500,1,0,0,1
8106000,1,0,0,1
8106500,1,0,0,1
8107000,1,0,0,1
8107500,1,0,0,1
8108000,1,0,0,1
8108500,1,0,0,1
8109000,1,0,0,1
8109500,1,0,0,1
8110000,1,0,0,1
8110500,1,0,0,1
8111000,1,0,0,1
8111500,1,0,0,1
8112000,1,0,0,1
8112500,1,0,0,1
8113000,1,0,0,1
8113500,1,0,0,1
8114000,1,0,0,1
8114500,1,0,0,1
8115000,1,0,0,1
8115500,1,0,0,1
8116000,1,0,0,1
8116500,1,0,0,1
8117000,1,0,0,1
8117500,1,0,0,1
8118000,1,0,0,1
8118500,1,0,0,1
8119000,1,0,0,1
8119500,1,0,0,1
8120000,1,0,0,1
8120500,1,0,0,1
8121000,1,0,0,1
8121500,1,0,0,1
8122000,1,0,0,1
8122500,1,0,0,1
8123000,1,0,0,1
8123500,1,0,0,1
8124000,1,0,0,1
8124500,1,0,0,1
8125000,1,0,0,1
8125500,1,0,0,1
8126000,1,0,0,1
8126500,1,0,0,1
8127000,1,0,0,1
8127500,1,0,0,1
8128000,1,0,0,1
8128500,1,0,0,1
8129000,1,0,0,1
8129500,1,0,0,1
8130000,1,0,0,1
8130500,1,0,0,1
8131000,1,0,0,1
8131500,1,0,0,1
8132000,1,0,0,1
8132500,1,0,0,1
8133000,1,0,0,1
8133500,1,0,0,1
8134000,1,0,0,1
8134500,1,0,0,1
8135000,1,0,0,1
8135500,1,0,0,1
8136000,1,0,0,1
8136500,1,0,0,1
8137000,1,0,0,1
8137500,1,0,0,1
8138000,1,0,0,1
8138500,1,0,0,1
8139000,1,0,0,1
8139500,1,0,0,1
8140000,1,0,0,1
8140500,1,0,0,1
8141000,1,0,0,1
8141500,1,0,0,1
8142000,1,0,0,1
8142500,1,0,0,1
8143000,1,0,0,1
8143500,1,0,0,1
8144000,1,0,0,1
8144500,1,0,0,1
8145000,1,0,0,1
8145500,1,0,0,1
8146000,1,0,0,1
8146500,1,0,0,1
8147000,1,0,0,1
8147500,1,0,0,1
8148000,1,0,0,1
8148500,1,0,0,1
8149000,1,0,0,1
8149500,1,0,0,1
8150000,1,0,0,1
8150500,1,0,0,1
8151000,1,0,0,1
8151500,1,0,0,1
8152000,1,0,0,1
8152500,1,0,0,1
8153000,1,0,0,1
8153500,1,0,0,1
8154000,1,0,0,1
8154500,1,0,0,1
8155000,1,0,0,1
8155500,1,0,0,1
8156000,1,0,0,1
8156500,1,0,0,1
8157000,1,0,0,1
8157500,1,0,0,1
8158000,1,0,0,1
8158500,1,0,0,1
8159000,1,0,0,1
8159500,1,0,0,1
8160000,1,0,0,1
8160500,1,0,0,1
8161000,1,0,0,1
8161500,1,0,0,1
8162000,1,0,0,1
8162500,1,0,0,1
8163000,1,0,0,1
8163500,1,0,0,1
8164000,1,0,0,1
8164500,1,0,0,1
8165000,1,0,0,1
8165500,1,0,0,1
8166000,1,0,0,1
8166500,1,0,0,1
8167000,1,0,0,1
8167500,1,0,0,1
8168000,1,0,0,1
8168500,1,0,0,1
8169000,1,0,0,1
8169500,1,0,0,1
8170000,1,0,0,1
8170500,1,0,0,1
8171000,1,0,0,1
8171500,1,0,0,1
8172000,1,0,0,1
8172500,1,0,0,1
8173000,1,0,0,1
8173500,1,0,0,1
8174000,1,0,0,1
8174500,1,0,0,1
8175000,1,0,0,1
8175500,1,0,0,1
8176000,1,0,0,1
8176500,1,0,0,1
8177000,1,0,0,1
8177500,1,0,0,1
8178000,1,0,0,1
8178500,1,0,0,1
8179000,1,0,0,1
8179500,1,0,0,1
8180000,1,0,0,1
8180500,1,0,0,1
8181000,1,0,0,1
8181500,1,0,0,1
8182000,1,0,0,1
8182500,1,0,0,1
8183000,1,0,0,1
8183500,1,0,0,1
8184000,1,0,0,1
8184500,1,0,0,1
8185000,1,0,0,1
8185500,1,0,0,1
8186000,1,0,0,1
8186500,1,0,0,1
8187000,1,0,0,1
8187500,1,0,0,1
8188000,1,0,0,1
8188500,1,0,0,1
8189000,1,0,0,1
8189500,1,0,0,1
8190000,1,0,0,1
8190500,1,0,0,1
8191000,1,0,0,1
8191500,1,0,0,1
8192000,1,0,0,1
8192500,1,0,0,1
8193000,1,0,0,1
8193500,1,0,0,1
8194000,1,0,0,1
8194500,1,0,0,1
8195000,1,0,0,1
8195500,1,0,0,1
8196000,1,0,0,1
8196500,1,0,0,1
8197000,1,0,0,1
8197500,1,0,0,1
8198000,1,0,0,1
8198500,1,0,0,1
8199000,1,0,0,1
8199500,1,0,0,1
8200000,1,0,0,1
8200500,1,0,0,1
8201000,1,0,0,1
8201500,1,0,0,1
8202000,1,0,0,1
8202500,1,0,0,1
8203000,1,0,0,1
8203500,1,0,0,1
8204000,1,0,0,1
8204500,1,0,0,1
8205000,1,0,0,1
8205500,1,0,0,1
8206000,1,0,0,1
8206500,1,0,0,1
8207000,1,0,0,1
8207500,1,0,0,1
8208000,1,0,0,1
8208500,1,0,0,1
8209000,1,0,0,1
8209500,1,0,0,1
8210000,1,0,0,1
8210500,1,0,0,1
8211000,1,0,0,1
8211500,1,0,0,1
8212000,1,0,0,1
8212500,1,0,0,1
8213000,1,0,0,1
8213500,1,0,0,1
8214000,1,0,0,1
8214500,1,0,0,1
8215000,1,0,0,1
8215500,1,0,0,1
8216000,1,0,0,1
8216500,1,0,0,1
8217000,1,0,0,1
8217500,1,0,0,1
8218000,1,0,0,1
8218500,1,0,0,1
8219000,1,0,0,1
8219500,1,0,0,1
8220000,1,0,0,1
8220500,1,0,0,1
8221000,1,0,0,1
8221500,1,0,0,1
8222000,1,0,0,1
8222500,1,0,0,1
8223000,1,0,0,1
8223500,1,0,0,1
8224000,1,0,0,1
8224500,1,0,0,1
8225000,1,0,0,1
8225500,1,0,0,1
8226000,1,0,0,1
8226500,1,0,0,1
8227000,1,0,0,1
8227500,1,0,0,1
8228000,1,0,0,1
8228500,1,0,0,1
8229000,1,0,0,1
8229500,1,0,0,1
8230000,1,0,0,1
8230500,1,0,0,1
8231000,1,0,0,1
8231500,1,0,0,1
8232000,1,0,0,1
8232500,1,0,0,1
8233000,1,0,0,1
8233500,1,0,0,1
8234000,1,0,0,1
8234500,1,0,0,1
8235000,1,0,0,1
8235500,1,0,0,1
8236000,1,0,0,1
8236500,1,0,0,1
8237000,1,0,0,1
8237500,1,0,0,1
8238000,1,0,0,1
8238500,1,0,0,1
8239000,1,0,0,1
8239500,1,0,0,1
8240000,1,0,0,1
8240500,1,0,0,1
8241000,1,0,0,1
8241500,1,0,0,1
8242000,1,0,0,1
8242500,1,0,0,1
8243000,1,0,0,1
8243500,1,0,0,1
8244000,1,0,0,1
8244500,1,0,0,1
8245000,1,0,0,1
8245500,1,0,0,1
8246000,1,0,0,1
8246500,1,0,0,1
8247000,1,0,0,1
8247500,1,0,0,1
8248000,1,0,0,1
8248500,1,0,0,1
8249000,1,0,0,1
8249500,1,0,0,1
8250000,1,0,0,1
8250500,1,0,0,1
8251000,1,0,0,1
8251500,1,0,0,1
8252000,1,0,0,1
8252500,1,0,0,1
8253000,1,0,0,1
8253500,1,0,0,1
8254000,1,0,0,1
8254500,1,0,0,1
8255000,1,0,0,1
8255500,1,0,0,1
8256000,1,0,0,1
8256500,1,0,0,1
8257000,1,0,0,1
8257500,1,0,0,1
8258000,1,0,0,1
8258500,1,0,0,1
8259000,1,0,0,1
8259500,1,0,0,1
8260000,1,0,0,1
8260500,1,0,0,1
8261000,1,0,0,1
8261500,1,0,0,1
8262000,1,0,0,1
8262500,1,0,0,1
8263000,1,0,0,1
8263500,1,0,0,1
8264000,1,0,0,1
8264500,1,0,0,1
8265000,1,0,0,1
8265500,1,0,0,1
8266000,1,0,0,1
8266500,1,0,0,1
8267000,1,0,0,1
8267500,1,0,0,1
8268000,1,0,0,1
8268500,1,0,0,1
8269000,1,0,0,1
8269500,1,0,0,1
8270000,1,0,0,1
8270500,1,0,0,1
8271000,1,0,0,1
8271500,1,0,0,1
8272000,1,0,0,1
8272500,1,0,0,1
8273000,1,0,0,1
8273500,1,0,0,1
8274000,1,0,0,1
8274500,1,0,0,1
8275000,1,0,0,1
8275500,1,0,0,1
8276000,1,0,0,1
8276500,1,0,0,1
8277000,1,0,0,1
8277500,1,0,0,1
8278000,1,0,0,1
8278500,1,0,0,1
8279000,1,0,0,1
8279500,1,0,0,1
8280000,1,0,0,1
8280500,1,0,0,1
8281000,1,0,0,1
8281500,1,0,0,1
8282000,1,0,0,1
8282500,1,0,0,1
8283000,1,0,0,1
8283500,1,0,0,1
8284000,1,0,0,1
8284500,1,0,0,1
8285000,1,0,0,1
8285500,1,0,0,1
8286000,1,0,0,1
8286500,1,0,0,1
8287000,1,0,0,1
8287500,1,0,0,1
8288000,1,0,0,1
8288500,1,0,0,1
8289000,1,0,0,1
8289500,1,0,0,1
8290000,1,0,0,1
8290500,1,0,0,1
8291000,1,0,0,1
8291500,1,0,0,1
8292000,1,0,0,1
8292500,1,0,0,1
8293000,1,0,0,1
8293500,1,0,0,1
8294000,1,0,0,1
8294500,1,0,0,1
8295000,1,0,0,1
8295500,1,0,0,1
8296000,1,0,0,1
8296500,1,0,0,1
8297000,1,0,0,1
8297500,1,0,0,1
8298000,1,0,0,1
8298500,1,0,0,1
8299000,1,0,0,1
8299500,1,0,0,1
8300000,1,0,0,1
8300500,1,0,0,1
8301000,1,0,0,1
8301500,1,0,0,1
8302000,1,0,0,1
8302500,1,0,0,1
8303000,1,0,0,1
8303500,1,0,0,1
8304000,1,0,0,1
8304500,1,0,0,1
8305000,1,0,0,1
8305500,1,0,0,1
8306000,1,0,0,1
8306500,1,0,0,1
8307000,1,0,0,1
8307500,1,0,0,1
8308000,1,0,0,1
8308500,1,0,0,1
8309000,1,0,0,1
8309500,1,0,0,1
8310000,1,0,0,1
8310500,1,0,0,1
8311000,1,0,0,1
8311500,1,0,0,1
8312000,1,0,0,1
8312500,1,0,0,1
8313000,1,0,0,1
8313500,1,0,0,1
8314000,1,0,0,1
8314500,1,0,0,1
8315000,1,0,0,1
8315500,1,0,0,1
8316000,1,0,0,1
8316500,1,0,0,1
8317000,1,0,0,1
8317500,1,0,0,1
8318000,1,0,0,1
8318500,1,0,0,1
8319000,1,0,0,1
8319500,1,0,0,1
8320000,1,0,0,1
8320500,1,0,0,1
8321000,1,0,0,1
8321500,1,0,0,1
8322000,1,0,0,1
8322500,1,0,0,1
8323000,1,0,0,1
8323500,1,0,0,1
8324000,1,0,0,1
8324500,1,0,0,1
8325000,1,0,0,1
8325500,1,0,0,1
8326000,1,0,0,1
8326500,1,0,0,1
8327000,1,0,0,1
8327500,1,0,0,1
8328000,1,0,0,1
8328500,1,0,0,1
8329000,1,0,0,1
8329500,1,0,0,1
8330000,1,0,0,1
8330500,1,0,0,1
8331000,1,0,0,1
8331500,1,0,0,1
8332000,1,0,0,1
8332500,1,0,0,1
8333000,1,0,0,1
8333500,1,0,0,1
8334000,1,0,0,1
8334500,1,0,0,1
8335000,1,0,0,1
8335500,1,0,0,1
8336000,1,0,0,1
8336500,1,0,0,1
8337000,1,0,0,1
8337500,1,0,0,1
8338000,1,0,0,1
8338500,1,0,0,1
8339000,1,0,0,1
8339500,1,0,0,1
8340000,1,0,0,1
8340500,1,0,0,1
8341000,1,0,0,1
8341500,1,0,0,1
8342000,1,0,0,1
8342500,1,0,0,1
8343000,1,0,0,1
8343500,1,0,0,1
8344000,1,0,0,1
8344500,1,0,0,1
8345000,1,0,0,1
8345500,1,0,0,1
8346000,1,0,0,1
8346500,1,0,0,1
8347000,1,0,0,1
8347500,1,0,0,1
8348000,1,0,0,1
8348500,1,0,0,1
8349000,1,0,0,1
8349500,1,0,0,1
8350000,1,0,0,1
8350500,1,0,0,1
8351000,1,0,0,1
8351500,1,0,0,1
8352000,1,0,0,1
8352500,1,0,0,1
8353000,1,0,0,1
8353500,1,0,0,1
8354000,1,0,0,1
8354500,1,0,0,1
8355000,1,0,0,1
8355500,1,0,0,1
8356000,1,0,0,1
8356500,1,0,0,1
8357000,1,0,0,1
8357500,1,0,0,1
8358000,1,0,0,1
8358500,1,0,0,1
8359000,1,0,0,1
8359500,1,0,0,1
8360000,1,0,0,1
8360500,1,0,0,1
8361000,1,0,0,1
8361500,1,0,0,1
8362000,1,0,0,1
8362500,1,0,0,1
8363000,1,0,0,1
8363500,1,0,0,1
8364000,1,0,0,1
8364500,1,0,0,1
8365000,1,0,0,1
8365500,1,0,0,1
8366000,1,0,0,1
8366500,1,0,0,1
8367000,1,0,0,1
8367500,1,0,0,1
8368000,1,0,0,1
8368500,1,0,0,1
8369000,1,0,0,1
8369500,1,0,0,1
8370000,1,0,0,1
8370500,1,0,0,1
8371000,1,0,0,1
8371500,1,0,0,1
8372000,1,0,0,1
8372500,1,0,0,1
8373000,1,0,0,1
8373500,1,0,0,1
8374000,1,0,0,1
8374500,1,0,0,1
8375000,1,0,0,1
8375500,1,0,0,1
8376000,1,0,0,1
8376500,1,0,0,1
8377000,1,0,0,1
8377500,1,0,0,1
8378000,1,0,0,1
8378500,1,0,0,1
8379000,1,0,0,1
8379500,1,0,0,1
8380000,1,0,0,1
8380500,1,0,0,1
8381000,1,0,0,1
8381500,1,0,0,1
8382000,1,0,0,1
8382500,1,0,0,1
8383000,1,0,0,1
8383500,1,0,0,1
8384000,1,0,0,1
8384500,1,0,0,1
8385000,1,0,0,1
8385500,1,0,0,1
8386000,1,0,0,1
8386500,1,0,0,1
8387000,1,0,0,1
8387500,1,0,0,1
8388000,1,0,0,1
8388500,1,0,0,1
8389000,1,0,0,1
8389500,1,0,0,1
8390000,1,0,0,1
8390500,1,0,0,1
8391000,1,0,0,1
8391500,1,0,0,1
8392000,1,0,0,1
8392500,1,0,0,1
8393000,1,0,0,1
8393500,1,0,0,1
8394000,1,0,0,1
8394500,1,0,0,1
8395000,1,0,0,1
8395500,1,0,0,1
8396000,1,0,0,1
8396500,1,0,0,1
8397000,1,0,0,1
8397500,1,0,0,1
8398000,1,0,0,1
8398500,1,0,0,1
8399000,1,0,0,1
8399500,1,0,0,1
8400000,1,0,0,1
8400500,1,0,0,1
8401000,1,0,0,1
8401500,1,0,0,1
8402000,1,0,0,1
8402500,1,0,0,1
8403000,1,0,0,1
8403500,1,0,0,1
8404000,1,0,0,1
8404500,1,0,0,1
8405000,1,0,0,1
8405500,1,0,0,1
8406000,1,0,0,1
8406500,1,0,0,1
8407000,1,0,0,1
8407500,1,0,0,1
8408000,1,0,0,1
8408500,1,0,0,1
8409000,1,0,0,1
8409500,1,0,0,1
8410000,1,0,0,1
8410500,1,0,0,1
8411000,1,0,0,1
8411500,1,0,0,1
8412000,1,0,0,1
8412500,1,0,0,1
8413000,1,0,0,1
8413500,1,0,0,1
8414000,1,0,0,1
8414500,1,0,0,1
8415000,1,0,0,1
8415500,1,0,0,1
8416000,1,0,0,1
8416500,1,0,0,1
8417000,1,0,0,1
8417500,1,0,0,1
8418000,1,0,0,1
8418500,1,0,0,1
8419000,1,0,0,1
8419500,1,0,0,1
8420000,1,0,0,1
8420500,1,0,0,1
8421000,1,0,0,1
8421500,1,0,0,1
8422000,1,0,0,1
8422500,1,0,0,1
8423000,1,0,0,1
8423500,1,0,0,1
8424000,1,0,0,1
8424500,1,0,0,1
8425000,1,0,0,1
8425500,1,0,0,1
8426000,1,0,0,1
8426500,1,0,0,1
8427000,1,0,0,1
8427500,1,0,0,1
8428000,1,0,0,1
8428500,1,0,0,1
8429000,1,0,0,1
8429500,1,0,0,1
8430000,1,0,0,1
8430500,1,0,0,1
8431000,1,0,0,1
8431500,1,0,0,1
8432000,1,0,0,1
8432500,1,0,0,1
8433000,1,0,0,1
8433500,1,0,0,1
8434000,1,0,0,1
8434500,1,0,0,1
8435000,1,0,0,1
8435500,1,0,0,1
8436000,1,0,0,1
8436500,1,0,0,1
8437000,1,0,0,1
8437500,1,0,0,1
8438000,1,0,0,1
8438500,1,0,0,1
8439000,1,0,0,1
8439500,1,0,0,1
8440000,1,0,0,1
8440500,1,0,0,1
8441000,1,0,0,1
8441500,1,0,0,1
8442000,1,0,0,1
8442500,1,0,0,1
8443000,1,0,0,1
8443500,1,0,0,1
8444000,1,0,0,1
8444500,1,0,0,1
8445000,1,0,0,1
8445500,1,0,0,1
8446000,1,0,0,1
8446500,1,0,0,1
8447000,1,0,0,1
8447500,1,0,0,1
8448000,1,0,0,1
8448500,1,0,0,1
8449000,1,0,0,1
8449500,1,0,0,1
8450000,1,0,0,1
8450500,1,0,0,1
8451000,1,0,0,1
8451500,1,0,0,1
8452000,1,0,0,1
8452500,1,0,0,1
8453000,1,0,0,1
8453500,1,0,0,1
8454000,1,0,0,1
8454500,1,0,0,1
8455000,1,0,0,1
8455500,1,0,0,1
8456000,1,0,0,1
8456500,1,0,0,1
8457000,1,0,0,1
8457500,1,0,0,1
8458000,1,0,0,1
8458500,1,0,0,1
8459000,1,0,0,1
8459500,1,0,0,1
8460000,1,0,0,1
8460500,1,0,0,1
8461000,1,0,0,1
8461500,1,0,0,1
8462000,1,0,0,1
8462500,1,0,0,1
8463000,1,0,0,1
8463500,1,0,0,1
8464000,1,0,0,1
8464500,1,0,0,1
8465000,1,0,0,1
8465500,1,0,0,1
8466000,1,0,0,1
8466500,1,0,0,1
8467000,1,0,0,1
8467500,1,0,0,1
8468000,1,0,0,1
8468500,1,0,0,1
8469000,1,0,0,1
8469500,1,0,0,1
8470000,1,0,0,1
8470500,1,0,0,1
8471000,1,0,0,1
8471500,1,0,0,1
8472000,1,0,0,1
8472500,1,0,0,1
8473000,1,0,0,1
8473500,1,0,0,1
8474000,1,0,0,1
8474500,1,0,0,1
8475000,1,0,0,1
8475500,1,0,0,1
8476000,1,0,0,1
8476500,1,0,0,1
8477000,1,0,0,1
8477500,1,0,0,1
8478000,1,0,0,1
8478500,1,0,0,1
8479000,1,0,0,1
8479500,1,0,0,1
8480000,1,0,0,1
8480500,1,0,0,1
8481000,1,0,0,1
8481500,1,0,0,1
8482000,1,0,0,1
8482500,1,0,0,1
8483000,1,0,0,1
8483500,1,0,0,1
8484000,1,0,0,1
8484500,1,0,0,1
8485000,1,0,0,1
8485500,1,0,0,1
8486000,1,0,0,1
8486500,1,0,0,1
8487000,1,0,0,1
8487500,1,0,0,1
8488000,1,0,0,1
8488500,1,0,0,1
8489000,1,0,0,1
8489500,1,0,0,1
8490000,1,0,0,1
8490500,1,0,0,1
8491000,1,0,0,1
8491500,1,0,0,1
8492000,1,0,0,1
8492500,1,0,0,1
8493000,1,0,0,1
8493500,1,0,0,1
8494000,1,0,0,1
8494500,1,0,0,1
8495000,1,0,0,1
8495500,1,0,0,1
8496000,1,0,0,1
8496500,1,0,0,1
8497000,1,0,0,1
8497500,1,0,0,1
8498000,1,0,0,1
8498500,1,0,0,1
8499000,1,0,0,1
8499500,1,0,0,1
8500000,1,0,0,1
8500500,1,0,0,1
8501000,1,0,0,1
8501500,1,0,0,1
8502000,1,0,0,1
8502500,1,0,0,1
8503000,1,0,0,1
8503500,1,0,0,1
8504000,1,0,0,1
8504500,1,0,0,1
8505000,1,0,0,1
8505500,1,0,0,1
8506000,1,0,0,1
8506500,1,0,0,1
8507000,1,0,0,1
8507500,1,0,0,1
8508000,1,0,0,1
8508500,1,0,0,1
8509000,1,0,0,1
8509500,1,0,0,1
8510000,1,0,0,1
8510500,1,0,0,1
8511000,1,0,0,1
8511500,1,0,0,1
8512000,1,0,0,1
8512500,1,0,0,1
8513000,1,0,0,1
8513500,1,0,0,1
8514000,1,0,0,1
8514500,1,0,0,1
8515000,1,0,0,1
8515500,1,0,0,1
8516000,1,0,0,1
8516500,1,0,0,1
8517000,1,0,0,1
8517500,1,0,0,1
8518000,1,0,0,1
8518500,1,0,0,1
8519000,1,0,0,1
8519500,1,0,0,1
8520000,1,0,0,1
8520500,1,0,0,1
8521000,1,0,0,1
8521500,1,0,0,1
8522000,1,0,0,1
8522500,1,0,0,1
8523000,1,0,0,1
8523500,1,0,0,1
8524000,1,0,0,1
8524500,1,0,0,1
8525000,1,0,0,1
8525500,1,0,0,1
8526000,1,0,0,1
8526500,1,0,0,1
8527000,1,0,0,1
8527500,1,0,0,1
8528000,1,0,0,1
8528500,1,0,0,1
8529000,1,0,0,1
8529500,1,0,0,1
8530000,1,0,0,1
8530500,1,0,0,1
8531000,1,0,0,1
8531500,1,0,0,1
8532000,1,0,0,1
8532500,1,0,0,1
8533000,1,0,0,1
8533500,1,0,0,1
8534000,1,0,0,1
8534500,1,0,0,1
8535000,1,0,0,1
8535500,1,0,0,1
8536000,1,0,0,1
8536500,1,0,0,1
8537000,1,0,0,1
8537500,1,0,0,1
8538000,1,0,0,1
8538500,1,0,0,1
8539000,1,0,0,1
8539500,1,0,0,1
8540000,1,0,0,1
8540500,1,0,0,1
8541000,1,0,0,1
8541500,1,0,0,1
8542000,1,0,0,1
8542500,1,0,0,1
8543000,1,0,0,1
8543500,1,0,0,1
8544000,1,0,0,1
8544500,1,0,0,1
8545000,1,0,0,1
8545500,1,0,0,1
8546000,1,0,0,1
8546500,1,0,0,1
8547000,1,0,0,1
8547500,1,0,0,1
8548000,1,0,0,1
8548500,1,0,0,1
8549000,1,0,0,1
8549500,1,0,0,1
8550000,1,0,0,1
8550500,1,0,0,1
8551000,1,0,0,1
8551500,1,0,0,1
8552000,1,0,0,1
8552500,1,0,0,1
8553000,1,0,0,1
8553500,1,0,0,1
8554000,1,0,0,1
8554500,1,0,0,1
8555000,1,0,0,1
8555500,1,0,0,1
8556000,1,0,0,1
8556500,1,0,0,1
8557000,1,0,0,1
8557500,1,0,0,1
8558000,1,0,0,1
8558500,1,0,0,1
8559000,1,0,0,1
8559500,1,0,0,1
8560000,1,0,0,1
8560500,1,0,0,1
8561000,1,0,0,1
8561500,1,0,0,1
8562000,1,0,0,1
8562500,1,0,0,1
8563000,1,0,0,1
8563500,1,0,0,1
8564000,1,0,0,1
8564500,1,0,0,1
8565000,1,0,0,1
8565500,1,0,0,1
8566000,1,0,0,1
8566500,1,0,0,1
8567000,1,0,0,1
8567500,1,0,0,1
8568000,1,0,0,1
8568500,1,0,0,1
8569000,1,0,0,1
8569500,1,0,0,1
8570000,1,0,0,1
8570500,1,0,0,1
8571000,1,0,0,1
8571500,1,0,0,1
8572000,1,0,0,1
8572500,1,0,0,1
8573000,1,0,0,1
8573500,1,0,0,1
8574000,1,0,0,1
8574500,1,0,0,1
8575000,1,0,0,1
8575500,1,0,0,1
8576000,1,0,0,1
8576500,1,0,0,1
8577000,1,0,0,1
8577500,1,0,0,1
8578000,1,0,0,1
8578500,1,0,0,1
8579000,1,0,0,1
8579500,1,0,0,1
8580000,1,0,0,1
8580500,1,0,0,1
8581000,1,0,0,1
8581500,1,0,0,1
8582000,1,0,0,1
8582500,1,0,0,1
8583000,1,0,0,1
8583500,1,0,0,1
8584000,1,0,0,1
8584500,1,0,0,1
8585000,1,0,0,1
8585500,1,0,0,1
8586000,1,0,0,1
8586500,1,0,0,1
8587000,1,0,0,1
8587500,1,0,0,1
8588000,1,0,0,1
8588500,1,0,0,1
8589000,1,0,0,1
8589500,1,0,0,1
8590000,1,0,0,1
8590500,1,0,0,1
8591000,1,0,0,1
8591500,1,0,0,1
8592000,1,0,0,1
8592500,1,0,0,1
8593000,1,0,0,1
8593500,1,0,0,1
8594000,1,0,0,1
8594500,1,0,0,1
8595000,1,0,0,1
8595500,1,0,0,1
8596000,1,0,0,1
8596500,1,0,0,1
8597000,1,0,0,1
8597500,1,0,0,1
8598000,1,0,0,1
8598500,1,0,0,1
8599000,1,0,0,1
8599500,1,0,0,1
8600000,1,0,0,1
8600500,1,0,0,1
8601000,1,0,0,1
8601500,1,0,0,1
8602000,1,0,0,1
8602500,1,0,0,1
8603000,1,0,0,1
8603500,1,0,0,1
8604000,1,0,0,1
8604500,1,0,0,1
8605000,1,0,0,1
8605500,1,0,0,1
8606000,1,0,0,1
8606500,1,0,0,1
8607000,1,0,0,1
8607500,1,0,0,1
8608000,1,0,0,1
8608500,1,0,0,1
8609000,1,0,0,1
8609500,1,0,0,1
8610000,1,0,0,1
8610500,1,0,0,1
8611000,1,0,0,1
8611500,1,0,0,1
8612000,1,0,0,1
8612500,1,0,0,1
8613000,1,0,0,1
8613500,1,0,0,1
8614000,1,0,0,1
8614500,1,0,0,1
8615000,1,0,0,1
8615500,1,0,0,1
8616000,1,0,0,1
8616500,1,0,0,1
8617000,1,0,0,1
8617500,1,0,0,1
8618000,1,0,0,1
8618500,1,0,0,1
8619000,1,0,0,1
8619500,1,0,0,1
8620000,1,0,0,1
8620500,1,0,0,1
8621000,1,0,0,1
8621500,1,0,0,1
8622000,1,0,0,1
8622500,1,0,0,1
8623000,1,0,0,1
8623500,1,0,0,1
8624000,1,0,0,1
8624500,1,0,0,1
8625000,1,0,0,1
8625500,1,0,0,1
8626000,1,0,0,1
8626500,1,0,0,1
8627000,1,0,0,1
8627500,1,0,0,1
8628000,1,0,0,1
8628500,1,0,0,1
8629000,1,0,0,1
8629500,1,0,0,1
8630000,1,0,0,1
8630500,1,0,0,1
8631000,1,0,0,1
8631500,1,0,0,1
8632000,1,0,0,1
8632500,1,0,0,1
8633000,1,0,0,1
8633500,1,0,0,1
8634000,1,0,0,1
8634500,1,0,0,1
8635000,1,0,0,1
8635500,1,0,0,1
8636000,1,0,0,1
8636500,1,0,0,1
8637000,1,0,0,1
8637500,1,0,0,1
8638000,1,0,0,1
8638500,1,0,0,1
8639000,1,0,0,1
8639500,1,0,0,1
8640000,1,0,0,1
8640500,1,0,0,1
8641000,1,0,0,1
8641500,1,0,0,1
8642000,1,0,0,1
8642500,1,0,0,1
8643000,1,0,0,1
8643500,1,0,0,1
8644000,1,0,0,1
8644500,1,0,0,1
8645000,1,0,0,1
8645500,1,0,0,1
8646000,1,0,0,1
8646500,1,0,0,1
8647000,1,0,0,1
8647500,1,0,0,1
8648000,1,0,0,1
8648500,1,0,0,1
8649000,1,0,0,1
8649500,1,0,0,1
8650000,1,0,0,1
8650500,1,0,0,1
8651000,1,0,0,1
8651500,1,0,0,1
8652000,1,0,0,1
8652500,1,0,0,1
8653000,1,0,0,1
8653500,1,0,0,1
8654000,1,0,0,1
8654500,1,0,0,1
8655000,1,0,0,1
8655500,1,0,0,1
8656000,1,0,0,1
8656500,1,0,0,1
8657000,1,0,0,1
8657500,1,0,0,1
8658000,1,0,0,1
8658500,1,0,0,1
8659000,1,0,0,1
8659500,1,0,0,1
8660000,1,0,0,1
8660500,1,0,0,1
8661000,1,0,0,1
8661500,1,0,0,1
8662000,1,0,0,1
8662500,1,0,0,1
8663000,1,0,0,1
8663500,1,0,0,1
8664000,1,0,0,1
8664500,1,0,0,1
8665000,1,0,0,1
8665500,1,0,0,1
8666000,1,0,0,1
8666500,1,0,0,1
8667000,1,0,0,1
8667500,1,0,0,1
8668000,1,0,0,1
8668500,1,0,0,1
8669000,1,0,0,1
8669500,1,0,0,1
8670000,1,0,0,1
8670500,1,0,0,1
8671000,1,0,0,1
8671500,1,0,0,1
8672000,1,0,0,1
8672500,1,0,0,1
8673000,1,0,0,1
8673500,1,0,0,1
8674000,1,0,0,1
8674500,1,0,0,1
8675000,1,0,0,1
8675500,1,0,0,1
8676000,1,0,0,1
8676500,1,0,0,1
8677000,1,0,0,1
8677500,1,0,0,1
8678000,1,0,0,1
8678500,1,0,0,1
8679000,1,0,0,1
8679500,1,0,0,1
8680000,1,0,0,1
8680500,1,0,0,1
8681000,1,0,0,1
8681500,1,0,0,1
8682000,1,0,0,1
8682500,1,0,0,1
8683000,1,0,0,1
8683500,1,0,0,1
8684000,1,0,0,1
8684500,1,0,0,1
8685000,1,0,0,1
8685500,1,0,0,1
8686000,1,0,0,1
8686500,1,0,0,1
8687000,1,0,0,1
8687500,1,0,0,1
8688000,1,0,0,1
8688500,1,0,0,1
8689000,1,0,0,1
8689500,1,0,0,1
8690000,1,0,0,1
8690500,1,0,0,1
8691000,1,0,0,1
8691500,1,0,0,1
8692000,1,0,0,1
8692500,1,0,0,1
8693000,1,0,0,1
8693500,1,0,0,1
8694000,1,0,0,1
8694500,1,0,0,1
8695000,1,0,0,1
8695500,1,0,0,1
8696000,1,0,0,1
8696500,1,0,0,1
8697000,1,0,0,1
8697500,1,0,0,1
8698000,1,0,0,1
8698500,1,0,0,1
8699000,1,0,0,1
8699500,1,0,0,1
8700000,1,0,0,1
8700500,1,0,0,1
8701000,1,0,0,1
8701500,1,0,0,1
8702000,1,0,0,1
8702500,1,0,0,1
8703000,1,0,0,1
8703500,1,0,0,1
8704000,1,0,0,1
8704500,1,0,0,1
8705000,1,0,0,1
8705500,1,0,0,1
8706000,1,0,0,1
8706500,1,0,0,1
8707000,1,0,0,1
8707500,1,0,0,1
8708000,1,0,0,1
8708500,1,0,0,1
8709000,1,0,0,1
8709500,1,0,0,1
8710000,1,0,0,1
8710500,1,0,0,1
8711000,1,0,0,1
8711500,1,0,0,1
8712000,1,0,0,1
8712500,1,0,0,1
8713000,1,0,0,1
8713500,1,0,0,1
8714000,1,0,0,1
8714500,1,0,0,1
8715000,1,0,0,1
8715500,1,0,0,1
8716000,1,0,0,1
8716500,1,0,0,1
8717000,1,0,0,1
8717500,1,0,0,1
8718000,1,0,0,1
8718500,1,0,0,1
8719000,1,0,0,1
8719500,1,0,0,1
8720000,1,0,0,1
8720500,1,0,0,1
8721000,1,0,0,1
8721500,1,0,0,1
8722000,1,0,0,1
8722500,1,0,0,1
8723000,1,0,0,1
8723500,1,0,0,1
8724000,1,0,0,1
8724500,1,0,0,1
8725000,1,0,0,1
8725500,1,0,0,1
8726000,1,0,0,1
8726500,1,0,0,1
8727000,1,0,0,1
8727500,1,0,0,1
8728000,1,0,0,1
8728500,1,0,0,1
8729000,1,0,0,1
8729500,1,0,0,1
8730000,1,0,0,1
8730500,1,0,0,1
8731000,1,0,0,1
8731500,1,0,0,1
8732000,1,0,0,1
8732500,1,0,0,1
8733000,1,0,0,1
8733500,1,0,0,1
8734000,1,0,0,1
8734500,1,0,0,1
8735000,1,0,0,1
8735500,1,0,0,1
8736000,1,0,0,1
8736500,1,0,0,1
8737000,1,0,0,1
8737500,1,0,0,1
8738000,1,0,0,1
8738500,1,0,0,1
8739000,1,0,0,1
8739500,1,0,0,1
8740000,1,0,0,1
8740500,1,0,0,1
8741000,1,0,0,1
8741500,1,0,0,1
8742000,1,0,0,1
8742500,1,0,0,1
8743000,1,0,0,1
8743500,1,0,0,1
8744000,1,0,0,1
8744500,1,0,0,1
8745000,1,0,0,1
8745500,1,0,0,1
8746000,1,0,0,1
8746500,1,0,0,1
8747000,1,0,0,1
8747500,1,0,0,1
8748000,1,0,0,1
8748500,1,0,0,1
8749000,1,0,0,1
8749500,1,0,0,1
8750000,1,0,0,1
8750500,1,0,0,1
8751000,1,0,0,1
8751500,1,0,0,1
8752000,1,0,0,1
8752500,1,0,0,1
8753000,1,0,0,1
8753500,1,0,0,1
8754000,1,0,0,1
8754500,1,0,0,1
8755000,1,0,0,1
8755500,1,0,0,1
8756000,1,0,0,1
8756500,1,0,0,1
8757000,1,0,0,1
8757500,1,0,0,1
8758000,1,0,0,1
8758500,1,0,0,1
8759000,1,0,0,1
8759500,1,0,0,1
8760000,1,0,0,1
8760500,1,0,0,1
8761000,1,0,0,1
8761500,1,0,0,1
8762000,1,0,0,1
8762500,1,0,0,1
8763000,1,0,0,1
8763500,1,0,0,1
8764000,1,0,0,1
8764500,1,0,0,1
8765000,1,0,0,1
8765500,1,0,0,1
8766000,1,0,0,1
8766500,1,0,0,1
8767000,1,0,0,1
8767500,1,0,0,1
8768000,1,0,0,1
8768500,1,0,0,1
8769000,1,0,0,1
8769500,1,0,0,1
8770000,1,0,0,1
8770500,1,0,0,1
8771000,1,0,0,1
8771500,1,0,0,1
8772000,1,0,0,1
8772500,1,0,0,1
8773000,1,0,0,1
8773500,1,0,0,1
8774000,1,0,0,1
8774500,1,0,0,1
8775000,1,0,0,1
8775500,1,0,0,1
8776000,1,0,0,1
8776500,1,0,0,1
8777000,1,0,0,1
8777500,1,0,0,1
8778000,1,0,0,1
8778500,1,0,0,1
8779000,1,0,0,1
8779500,1,0,0,1
8780000,1,0,0,1
8780500,1,0,0,1
8781000,1,0,0,1
8781500,1,0,0,1
8782000,1,0,0,1
8782500,1,0,0,1
8783000,1,0,0,1
8783500,1,0,0,1
8784000,1,0,0,1
8784500,1,0,0,1
8785000,1,0,0,1
8785500,1,0,0,1
8786000,1,0,0,1
8786500,1,0,0,1
8787000,1,0,0,1
8787500,1,0,0,1
8788000,1,0,0,1
8788500,1,0,0,1
8789000,1,0,0,1
8789500,1,0,0,1
8790000,1,0,0,1
8790500,1,0,0,1
8791000,1,0,0,1
8791500,1,0,0,1
8792000,1,0,0,1
8792500,1,0,0,1
8793000,1,0,0,1
8793500,1,0,0,1
8794000,1,0,0,1
8794500,1,0,0,1
8795000,1,0,0,1
8795500,1,0,0,1
8796000,1,0,0,1
8796500,1,0,0,1
8797000,1,0,0,1
8797500,1,0,0,1
8798000,1,0,0,1
8798500,1,0,0,1
8799000,1,0,0,1
8799500,1,0,0,1
8800000,1,0,0,1
8800500,1,0,0,1
8801000,1,0,0,1
8801500,1,0,0,1
8802000,1,0,0,1
8802500,1,0,0,1
8803000,1,0,0,1
8803500,1,0,0,1
8804000,1,0,0,1
8804500,1,0,0,1
8805000,1,0,0,1
8805500,1,0,0,1
8806000,1,0,0,1
8806500,1,0,0,1
8807000,1,0,0,1
8807500,1,0,0,1
8808000,1,0,0,1
8808500,1,0,0,1
8809000,1,0,0,1
8809500,1,0,0,1
8810000,1,0,0,1
8810500,1,0,0,1
8811000,1,0,0,1
8811500,1,0,0,1
8812000,1,0,0,1
8812500,1,0,0,1
8813000,1,0,0,1
8813500,1,0,0,1
8814000,1,0,0,1
8814500,1,0,0,1
8815000,1,0,0,1
8815500,1,0,0,1
8816000,1,0,0,1
8816500,1,0,0,1
8817000,1,0,0,1
8817500,1,0,0,1
8818000,1,0,0,1
8818500,1,0,0,1
8819000,1,0,0,1
8819500,1,0,0,1
8820000,1,0,0,1
8820500,1,0,0,1
8821000,1,0,0,1
8821500,1,0,0,1
8822000,1,0,0,1
8822500,1,0,0,1
8823000,1,0,0,1
8823500,1,0,0,1
8824000,1,0,0,1
8824500,1,0,0,1
8825000,1,0,0,1
8825500,1,0,0,1
8826000,1,0,0,1
8826500,1,0,0,1
8827000,1,0,0,1
8827500,1,0,0,1
8828000,1,0,0,1
8828500,1,0,0,1
8829000,1,0,0,1
8829500,1,0,0,1
8830000,1,0,0,1
8830500,1,0,0,1
8831000,1,0,0,1
8831500,1,0,0,1
8832000,1,0,0,1
8832500,1,0,0,1
8833000,1,0,0,1
8833500,1,0,0,1
8834000,1,0,0,1
8834500,1,0,0,1
8835000,1,0,0,1
8835500,1,0,0,1
8836000,1,0,0,1
8836500,1,0,0,1
8837000,1,0,0,1
8837500,1,0,0,1
8838000,1,0,0,1
8838500,1,0,0,1
8839000,1,0,0,1
8839500,1,0,0,1
8840000,1,0,0,1
8840500,1,0,0,1
8841000,1,0,0,1
8841500,1,0,0,1
8842000,1,0,0,1
8842500,1,0,0,1
8843000,1,0,0,1
8843500,1,0,0,1
8844000,1,0,0,1
8844500,1,0,0,1
8845000,1,0,0,1
8845500,1,0,0,1
8846000,1,0,0,1
8846500,1,0,0,1
8847000,1,0,0,1
8847500,1,0,0,1
8848000,1,0,0,1
8848500,1,0,0,1
8849000,1,0,0,1
8849500,1,0,0,1
8850000,1,0,0,1
8850500,1,0,0,1
8851000,1,0,0,1
8851500,1,0,0,1
8852000,1,0,0,1
8852500,1,0,0,1
8853000,1,0,0,1
8853500,1,0,0,1
8854000,1,0,0,1
8854500,1,0,0,1
8855000,1,0,0,1
8855500,1,0,0,1
8856000,1,0,0,1
8856500,1,0,0,1
8857000,1,0,0,1
8857500,1,0,0,1
8858000,1,0,0,1
8858500,1,0,0,1
8859000,1,0,0,1
8859500,1,0,0,1
8860000,1,0,0,1
8860500,1,0,0,1
8861000,1,0,0,1
8861500,1,0,0,1
8862000,1,0,0,1
8862500,1,0,0,1
8863000,1,0,0,1
8863500,1,0,0,1
8864000,1,0,0,1
8864500,1,0,0,1
8865000,1,0,0,1
8865500,1,0,0,1
8866000,1,0,0,1
8866500,1,0,0,1
8867000,1,0,0,1
8867500,1,0,0,1
8868000,1,0,0,1
8868500,1,0,0,1
8869000,1,0,0,1
8869500,1,0,0,1
8870000,1,0,0,1
8870500,1,0,0,1
8871000,1,0,0,1
8871500,1,0,0,1
8872000,1,0,0,1
8872500,1,0,0,1
8873000,1,0,0,1
8873500,1,0,0,1
8874000,1,0,0,1
8874500,1,0,0,1
8875000,1,0,0,1
8875500,1,0,0,1
8876000,1,0,0,1
8876500,1,0,0,1
8877000,1,0,0,1
8877500,1,0,0,1
8878000,1,0,0,1
8878500,1,0,0,1
8879000,1,0,0,1
8879500,1,0,0,1
8880000,1,0,0,1
8880500,1,0,0,1
8881000,1,0,0,1
8881500,1,0,0,1
8882000,1,0,0,1
8882500,1,0,0,1
8883000,1,0,0,1
8883500,1,0,0,1
8884000,1,0,0,1
8884500,1,0,0,1
8885000,1,0,0,1
8885500,1,0,0,1
8886000,1,0,0,1
8886500,1,0,0,1
8887000,1,0,0,1
8887500,1,0,0,1
8888000,1,0,0,1
8888500,1,0,0,1
8889000,1,0,0,1
8889500,1,0,0,1
8890000,1,0,0,1
8890500,1,0,0,1
8891000,1,0,0,1
8891500,1,0,0,1
8892000,1,0,0,1
8892500,1,0,0,1
8893000,1,0,0,1
8893500,1,0,0,1
8894000,1,0,0,1
8894500,1,0,0,1
8895000,1,0,0,1
8895500,1,0,0,1
8896000,1,0,0,1
8896500,1,0,0,1
8897000,1,0,0,1
8897500,1,0,0,1
8898000,1,0,0,1
8898500,1,0,0,1
8899000,1,0,0,1
8899500,1,0,0,1
8900000,1,0,0,1
8900500,1,0,0,1
8901000,1,0,0,1
8901500,1,0,0,1
8902000,1,0,0,1
8902500,1,0,0,1
8903000,1,0,0,1
8903500,1,0,0,1
8904000,1,0,0,1
8904500,1,0,0,1
8905000,1,0,0,1
8905500,1,0,0,1
8906000,1,0,0,1
8906500,1,0,0,1
8907000,1,0,0,1
8907500,1,0,0,1
8908000,1,0,0,1
8908500,1,0,0,1
8909000,1,0,0,1
8909500,1,0,0,1
8910000,1,0,0,1
8910500,1,0,0,1
8911000,1,0,0,1
8911500,1,0,0,1
8912000,1,0,0,1
8912500,1,0,0,1
8913000,1,0,0,1
8913500,1,0,0,1
8914000,1,0,0,1
8914500,1,0,0,1
8915000,1,0,0,1
8915500,1,0,0,1
8916000,1,0,0,1
8916500,1,0,0,1
8917000,1,0,0,1
8917500,1,0,0,1
8918000,1,0,0,1
8918500,1,0,0,1
8919000,1,0,0,1
8919500,1,0,0,1
8920000,1,0,0,1
8920500,1,0,0,1
8921000,1,0,0,1
8921500,1,0,0,1
8922000,1,0,0,1
8922500,1,0,0,1
8923000,1,0,0,1
8923500,1,0,0,1
8924000,1,0,0,1
8924500,1,0,0,1
8925000,1,0,0,1
8925500,1,0,0,1
8926000,1,0,0,1
8926500,1,0,0,1
8927000,1,0,0,1
8927500,1,0,0,1
8928000,1,0,0,1
8928500,1,0,0,1
8929000,1,0,0,1
8929500,1,0,0,1
8930000,1,0,0,1
8930500,1,0,0,1
8931000,1,0,0,1
8931500,1,0,0,1
8932000,1,0,0,1
8932500,1,0,0,1
8933000,1,0,0,1
8933500,1,0,0,1
8934000,1,0,0,1
8934500,1,0,0,1
8935000,1,0,0,1
8935500,1,0,0,1
8936000,1,0,0,1
8936500,1,0,0,1
8937000,1,0,0,1
8937500,1,0,0,1
8938000,1,0,0,1
8938500,1,0,0,1
8939000,1,0,0,1
8939500,1,0,0,1
8940000,1,0,0,1
8940500,1,0,0,1
8941000,1,0,0,1
8941500,1,0,0,1
8942000,1,0,0,1
8942500,1,0,0,1
8943000,1,0,0,1
8943500,1,0,0,1
8944000,1,0,0,1
8944500,1,0,0,1
8945000,1,0,0,1
8945500,1,0,0,1
8946000,1,0,0,1
8946500,1,0,0,1
8947000,1,0,0,1
8947500,1,0,0,1
8948000,1,0,0,1
8948500,1,0,0,1
8949000,1,0,0,1
8949500,1,0,0,1
8950000,1,0,0,1
8950500,1,0,0,1
8951000,1,0,0,1
8951500,1,0,0,1
8952000,1,0,0,1
8952500,1,0,0,1
8953000,1,0,0,1
8953500,1,0,0,1
8954000,1,0,0,1
8954500,1,0,0,1
8955000,1,0,0,1
8955500,1,0,0,1
8956000,1,0,0,1
8956500,1,0,0,1
8957000,1,0,0,1
8957500,1,0,0,1
8958000,1,0,0,1
8958500,1,0,0,1
8959000,1,0,0,1
8959500,1,0,0,1
8960000,1,0,0,1
8960500,1,0,0,1
8961000,1,0,0,1
8961500,1,0,0,1
8962000,1,0,0,1
8962500,1,0,0,1
8963000,1,0,0,1
8963500,1,0,0,1
8964000,1,0,0,1
8964500,1,0,0,1
8965000,1,0,0,1
8965500,1,0,0,1
8966000,1,0,0,1
8966500,1,0,0,1
8967000,1,0,0,1
8967500,1,0,0,1
8968000,1,0,0,1
8968500,1,0,0,1
8969000,1,0,0,1
8969500,1,0,0,1
8970000,1,0,0,1
8970500,1,0,0,1
8971000,1,0,0,1
8971500,1,0,0,1
8972000,1,0,0,1
8972500,1,0,0,1
8973000,1,0,0,1
8973500,1,0,0,1
8974000,1,0,0,1
8974500,1,0,0,1
8975000,1,0,0,1
8975500,1,0,0,1
8976000,1,0,0,1
8976500,1,0,0,1
8977000,1,0,0,1
8977500,1,0,0,1
8978000,1,0,0,1
8978500,1,0,0,1
8979000,1,0,0,1
8979500,1,0,0,1
8980000,1,0,0,1
8980500,1,0,0,1
8981000,1,0,0,1
8981500,1,0,0,1
8982000,1,0,0,1
8982500,1,0,0,1
8983000,1,0,0,1
8983500,1,0,0,1
8984000,1,0,0,1
8984500,1,0,0,1
8985000,1,0,0,1
8985500,1,0,0,1
8986000,1,0,0,1
8986500,1,0,0,1
8987000,1,0,0,1
8987500,1,0,0,1
8988000,1,0,0,1
8988500,1,0,0,1
8989000,1,0,0,1
8989500,1,0,0,1
8990000,1,0,0,1
8990500,1,0,0,1
8991000,1,0,0,1
8991500,1,0,0,1
8992000,1,0,0,1
8992500,1,0,0,1
8993000,1,0,0,1
8993500,1,0,0,1
8994000,1,0,0,1
8994500,1,0,0,1
8995000,1,0,0,1
8995500,1,0,0,1
8996000,1,0,0,1
8996500,1,0,0,1
8997000,1,0,0,1
8997500,1,0,0,1
8998000,1,0,0,1
8998500,1,0,0,1
8999000,1,0,0,1
8999500,1,0,0,1
9000000,1,0,0,1
9000500,1,0,0,1
9001000,1,0,0,1
9001500,1,0,0,1
9002000,1,0,0,1
9002500,1,0,0,1
9003000,1,0,0,1
9003500,1,0,0,1
9004000,1,0,0,1
9004500,1,0,0,1
9005000,1,0,0,1
9005500,1,0,0,1
9006000,1,0,0,1
9006500,1,0,0,1
9007000,1,0,0,1
9007500,1,0,0,1
9008000,1,0,0,1
9008500,1,0,0,1
9009000,1,0,0,1
9009500,1,0,0,1
9010000,1,0,0,1
9010500,1,0,0,1
9011000,1,0,0,1
9011500,1,0,0,1
9012000,1,0,0,1
9012500,1,0,0,1
9013000,1,0,0,1
9013500,1,0,0,1
9014000,1,0,0,1
9014500,1,0,0,1
9015000,1,0,0,1
9015500,1,0,0,1
9016000,1,0,0,1
9016500,1,0,0,1
9017000,1,0,0,1
9017500,1,0,0,1
9018000,1,0,0,1
9018500,1,0,0,1
9019000,1,0,0,1
9019500,1,0,0,1
9020000,1,0,0,1
9020500,1,0,0,1
9021000,1,0,0,1
9021500,1,0,0,1
9022000,1,0,0,1
9022500,1,0,0,1
9023000,1,0,0,1
9023500,1,0,0,1
9024000,1,0,0,1
9024500,1,0,0,1
9025000,1,0,0,1
9025500,1,0,0,1
9026000,1,0,0,1
9026500,1,0,0,1
9027000,1,0,0,1
9027500,1,0,0,1
9028000,1,0,0,1
9028500,1,0,0,1
9029000,1,0,0,1
9029500,1,0,0,1
9030000,1,0,0,1
9030500,1,0,0,1
9031000,1,0,0,1
9031500,1,0,0,1
9032000,1,0,0,1
9032500,1,0,0,1
9033000,1,0,0,1
9033500,1,0,0,1
9034000,1,0,0,1
9034500,1,0,0,1
9035000,1,0,0,1
9035500,1,0,0,1
9036000,1,0,0,1
9036500,1,0,0,1
9037000,1,0,0,1
9037500,1,0,0,1
9038000,1,0,0,1
9038500,1,0,0,1
9039000,1,0,0,1
9039500,1,0,0,1
9040000,1,0,0,1
9040500,1,0,0,1
9041000,1,0,0,1
9041500,1,0,0,1
9042000,1,0,0,1
9042500,1,0,0,1
9043000,1,0,0,1
9043500,1,0,0,1
9044000,1,0,0,1
9044500,1,0,0,1
9045000,1,0,0,1
9045500,1,0,0,1
9046000,1,0,0,1
9046500,1,0,0,1
9047000,1,0,0,1
9047500,1,0,0,1
9048000,1,0,0,1
9048500,1,0,0,1
9049000,1,0,0,1
9049500,1,0,0,1
9050000,1,0,0,1
9050500,1,0,0,1
9051000,1,0,0,1
9051500,1,0,0,1
9052000,1,0,0,1
9052500,1,0,0,1
9053000,1,0,0,1
9053500,1,0,0,1
9054000,1,0,0,1
9054500,1,0,0,1
9055000,1,0,0,1
9055500,1,0,0,1
9056000,1,0,0,1
9056500,1,0,0,1
9057000,1,0,0,1
9057500,1,0,0,1
9058000,1,0,0,1
9058500,1,0,0,1
9059000,1,0,0,1
9059500,1,0,0,1
9060000,1,0,0,1
9060500,1,0,0,1
9061000,1,0,0,1
9061500,1,0,0,1
9062000,1,0,0,1
9062500,1,0,0,1
9063000,1,0,0,1
9063500,1,0,0,1
9064000,1,0,0,1
9064500,1,0,0,1
9065000,1,0,0,1
9065500,1,0,0,1
9066000,1,0,0,1
9066500,1,0,0,1
9067000,1,0,0,1
9067500,1,0,0,1
9068000,1,0,0,1
9068500,1,0,0,1
9069000,1,0,0,1
9069500,1,0,0,1
9070000,1,0,0,1
9070500,1,0,0,1
9071000,1,0,0,1
9071500,1,0,0,1
9072000,1,0,0,1
9072500,1,0,0,1
9073000,1,0,0,1
9073500,1,0,0,1
9074000,1,0,0,1
9074500,1,0,0,1
9075000,1,0,0,1
9075500,1,0,0,1
9076000,1,0,0,1
9076500,1,0,0,1
9077000,1,0,0,1
9077500,1,0,0,1
9078000,1,0,0,1
9078500,1,0,0,1
9079000,1,0,0,1
9079500,1,0,0,1
9080000,1,0,0,1
9080500,1,0,0,1
9081000,1,0,0,1
9081500,1,0,0,1
9082000,1,0,0,1
9082500,1,0,0,1
9083000,1,0,0,1
9083500,1,0,0,1
9084000,1,0,0,1
9084500,1,0,0,1
9085000,1,0,0,1
9085500,1,0,0,1
9086000,1,0,0,1
9086500,1,0,0,1
9087000,1,0,0,1
9087500,1,0,0,1
9088000,1,0,0,1
9088500,1,0,0,1
9089000,1,0,0,1
9089500,1,0,0,1
9090000,1,0,0,1
9090500,1,0,0,1
9091000,1,0,0,1
9091500,1,0,0,1
9092000,1,0,0,1
9092500,1,0,0,1
9093000,1,0,0,1
9093500,1,0,0,1
9094000,1,0,0,1
9094500,1,0,0,1
9095000,1,0,0,1
9095500,1,0,0,1
9096000,1,0,0,1
9096500,1,0,0,1
9097000,1,0,0,1
9097500,1,0,0,1
9098000,1,0,0,1
9098500,1,0,0,1
9099000,1,0,0,1
9099500,1,0,0,1
9100000,1,0,0,1
9100500,1,0,0,1
9101000,1,0,0,1
9101500,1,0,0,1
9102000,1,0,0,1
9102500,1,0,0,1
9103000,1,0,0,1
9103500,1,0,0,1
9104000,1,0,0,1
9104500,1,0,0,1
9105000,1,0,0,1
9105500,1,0,0,1
9106000,1,0,0,1
9106500,1,0,0,1
9107000,1,0,0,1
9107500,1,0,0,1
9108000,1,0,0,1
9108500,1,0,0,1
9109000,1,0,0,1
9109500,1,0,0,1
9110000,1,0,0,1
9110500,1,0,0,1
9111000,1,0,0,1
9111500,1,0,0,1
9112000,1,0,0,1
9112500,1,0,0,1
9113000,1,0,0,1
9113500,1,0,0,1
9114000,1,0,0,1
9114500,1,0,0,1
9115000,1,0,0,1
9115500,1,0,0,1
9116000,1,0,0,1
9116500,1,0,0,1
9117000,1,0,0,1
9117500,1,0,0,1
9118000,1,0,0,1
9118500,1,0,0,1
9119000,1,0,0,1
9119500,1,0,0,1
9120000,1,0,0,1
9120500,1,0,0,1
9121000,1,0,0,1
9121500,1,0,0,1
9122000,1,0,0,1
9122500,1,0,0,1
9123000,1,0,0,1
9123500,1,0,0,1
9124000,1,0,0,1
9124500,1,0,0,1
9125000,1,0,0,1
9125500,1,0,0,1
9126000,1,0,0,1
9126500,1,0,0,1
9127000,1,0,0,1
9127500,1,0,0,1
9128000,1,0,0,1
9128500,1,0,0,1
9129000,1,0,0,1
9129500,1,0,0,1
9130000,1,0,0,1
9130500,1,0,0,1
9131000,1,0,0,1
9131500,1,0,0,1
9132000,1,0,0,1
9132500,1,0,0,1
9133000,1,0,0,1
9133500,1,0,0,1
9134000,1,0,0,1
9134500,1,0,0,1
9135000,1,0,0,1
9135500,1,0,0,1
9136000,1,0,0,1
9136500,1,0,0,1
9137000,1,0,0,1
9137500,1,0,0,1
9138000,1,0,0,1
9138500,1,0,0,1
9139000,1,0,0,1
9139500,1,0,0,1
9140000,1,0,0,1
9140500,1,0,0,1
9141000,1,0,0,1
9141500,1,0,0,1
9142000,1,0,0,1
9142500,1,0,0,1
9143000,1,0,0,1
9143500,1,0,0,1
9144000,1,0,0,1
9144500,1,0,0,1
9145000,1,0,0,1
9145500,1,0,0,1
9146000,1,0,0,1
9146500,1,0,0,1
9147000,1,0,0,1
9147500,1,0,0,1
9148000,1,0,0,1
9148500,1,0,0,1
9149000,1,0,0,1
9149500,1,0,0,1
9150000,1,0,0,1
9150500,1,0,0,1
9151000,1,0,0,1
9151500,1,0,0,1
9152000,1,0,0,1
9152500,1,0,0,1
9153000,1,0,0,1
9153500,1,0,0,1
9154000,1,0,0,1
9154500,1,0,0,1
9155000,1,0,0,1
9155500,1,0,0,1
9156000,1,0,0,1
9156500,1,0,0,1
9157000,1,0,0,1
9157500,1,0,0,1
9158000,1,0,0,1
9158500,1,0,0,1
9159000,1,0,0,1
9159500,1,0,0,1
9160000,1,0,0,1
9160500,1,0,0,1
9161000,1,0,0,1
9161500,1,0,0,1
9162000,1,0,0,1
9162500,1,0,0,1
9163000,1,0,0,1
9163500,1,0,0,1
9164000,1,0,0,1
9164500,1,0,0,1
9165000,1,0,0,1
9165500,1,0,0,1
9166000,1,0,0,1
9166500,1,0,0,1
9167000,1,0,0,1
9167500,1,0,0,1
9168000,1,0,0,1
9168500,1,0,0,1
9169000,1,0,0,1
9169500,1,0,0,1
9170000,1,0,0,1
9170500,1,0,0,1
9171000,1,0,0,1
9171500,1,0,0,1
9172000,1,0,0,1
9172500,1,0,0,1
9173000,1,0,0,1
9173500,1,0,0,1
9174000,1,0,0,1
9174500,1,0,0,1
9175000,1,0,0,1
9175500,1,0,0,1
9176000,1,0,0,1
9176500,1,0,0,1
9177000,1,0,0,1
9177500,1,0,0,1
9178000,1,0,0,1
9178500,1,0,0,1
9179000,1,0,0,1
9179500,1,0,0,1
9180000,1,0,0,1
9180500,1,0,0,1
9181000,1,0,0,1
9181500,1,0,0,1
9182000,1,0,0,1
9182500,1,0,0,1
9183000,1,0,0,1
9183500,1,0,0,1
9184000,1,0,0,1
9184500,1,0,0,1
9185000,1,0,0,1
9185500,1,0,0,1
9186000,1,0,0,1
9186500,1,0,0,1
9187000,1,0,0,1
9187500,1,0,0,1
9188000,1,0,0,1
9188500,1,0,0,1
9189000,1,0,0,1
9189500,1,0,0,1
9190000,1,0,0,1
9190500,1,0,0,1
9191000,1,0,0,1
9191500,1,0,0,1
9192000,1,0,0,1
9192500,1,0,0,1
9193000,1,0,0,1
9193500,1,0,0,1
9194000,1,0,0,1
9194500,1,0,0,1
9195000,1,0,0,1
9195500,1,0,0,1
9196000,1,0,0,1
9196500,1,0,0,1
9197000,1,0,0,1
9197500,1,0,0,1
9198000,1,0,0,1
9198500,1,0,0,1
9199000,1,0,0,1
9199500,1,0,0,1
9200000,1,0,0,1
9200500,1,0,0,1
9201000,1,0,0,1
9201500,1,0,0,1
9202000,1,0,0,1
9202500,1,0,0,1
9203000,1,0,0,1
9203500,1,0,0,1
9204000,1,0,0,1
9204500,1,0,0,1
9205000,1,0,0,1
9205500,1,0,0,1
9206000,1,0,0,1
9206500,1,0,0,1
9207000,1,0,0,1
9207500,1,0,0,1
9208000,1,0,0,1
9208500,1,0,0,1
9209000,1,0,0,1
9209500,1,0,0,1
9210000,1,0,0,1
9210500,1,0,0,1
9211000,1,0,0,1
9211500,1,0,0,1
9212000,1,0,0,1
9212500,1,0,0,1
9213000,1,0,0,1
9213500,1,0,0,1
9214000,1,0,0,1
9214500,1,0,0,1
9215000,1,0,0,1
9215500,1,0,0,1
9216000,1,0,0,1
9216500,1,0,0,1
9217000,1,0,0,1
9217500,1,0,0,1
9218000,1,0,0,1
9218500,1,0,0,1
9219000,1,0,0,1
9219500,1,0,0,1
9220000,1,0,0,1
9220500,1,0,0,1
9221000,1,0,0,1
9221500,1,0,0,1
9222000,1,0,0,1
9222500,1,0,0,1
9223000,1,0,0,1
9223500,1,0,0,1
9224000,1,0,0,1
9224500,1,0,0,1
9225000,1,0,0,1
9225500,1,0,0,1
9226000,1,0,0,1
9226500,1,0,0,1
9227000,1,0,0,1
9227500,1,0,0,1
9228000,1,0,0,1
9228500,1,0,0,1
9229000,1,0,0,1
9229500,1,0,0,1
9230000,1,0,0,1
9230500,1,0,0,1
9231000,1,0,0,1
9231500,1,0,0,1
9232000,1,0,0,1
9232500,1,0,0,1
9233000,1,0,0,1
9233500,1,0,0,1
9234000,1,0,0,1
9234500,1,0,0,1
9235000,1,0,0,1
9235500,1,0,0,1
9236000,1,0,0,1
9236500,1,0,0,1
9237000,1,0,0,1
9237500,1,0,0,1
9238000,1,0,0,1
9238500,1,0,0,1
9239000,1,0,0,1
9239500,1,0,0,1
9240000,1,0,0,1
9240500,1,0,0,1
9241000,1,0,0,1
9241500,1,0,0,1
9242000,1,0,0,1
9242500,1,0,0,1
9243000,1,0,0,1
9243500,1,0,0,1
9244000,1,0,0,1
9244500,1,0,0,1
9245000,1,0,0,1
9245500,1,0,0,1
9246000,1,0,0,1
9246500,1,0,0,1
9247000,1,0,0,1
9247500,1,0,0,1
9248000,1,0,0,1
9248500,1,0,0,1
9249000,1,0,0,1
9249500,1,0,0,1
9250000,1,0,0,1
9250500,1,0,0,1
9251000,1,0,0,1
9251500,1,0,0,1
9252000,1,0,0,1
9252500,1,0,0,1
9253000,1,0,0,1
9253500,1,0,0,1
9254000,1,0,0,1
9254500,1,0,0,1
9255000,1,0,0,1
9255500,1,0,0,1
9256000,1,0,0,1
9256500,1,0,0,1
9257000,1,0,0,1
9257500,1,0,0,1
9258000,1,0,0,1
9258500,1,0,0,1
9259000,1,0,0,1
9259500,1,0,0,1
9260000,1,0,0,1
9260500,1,0,0,1
9261000,1,0,0,1
9261500,1,0,0,1
9262000,1,0,0,1
9262500,1,0,0,1
9263000,1,0,0,1
9263500,1,0,0,1
9264000,1,0,0,1
9264500,1,0,0,1
9265000,1,0,0,1
9265500,1,0,0,1
9266000,1,0,0,1
9266500,1,0,0,1
9267000,1,0,0,1
9267500,1,0,0,1
9268000,1,0,0,1
9268500,1,0,0,1
9269000,1,0,0,1
9269500,1,0,0,1
9270000,1,0,0,1
9270500,1,0,0,1
9271000,1,0,0,1
9271500,1,0,0,1
9272000,1,0,0,1
9272500,1,0,0,1
9273000,1,0,0,1
9273500,1,0,0,1
9274000,1,0,0,1
9274500,1,0,0,1
9275000,1,0,0,1
9275500,1,0,0,1
9276000,1,0,0,1
9276500,1,0,0,1
9277000,1,0,0,1
9277500,1,0,0,1
9278000,1,0,0,1
9278500,1,0,0,1
9279000,1,0,0,1
9279500,1,0,0,1
9280000,1,0,0,1
9280500,1,0,0,1
9281000,1,0,0,1
9281500,1,0,0,1
9282000,1,0,0,1
9282500,1,0,0,1
9283000,1,0,0,1
9283500,1,0,0,1
9284000,1,0,0,1
9284500,1,0,0,1
9285000,1,0,0,1
9285500,1,0,0,1
9286000,1,0,0,1
9286500,1,0,0,1
9287000,1,0,0,1
9287500,1,0,0,1
9288000,1,0,0,1
9288500,1,0,0,1
9289000,1,0,0,1
9289500,1,0,0,1
9290000,1,0,0,1
9290500,1,0,0,1
9291000,1,0,0,1
9291500,1,0,0,1
9292000,1,0,0,1
9292500,1,0,0,1
9293000,1,0,0,1
9293500,1,0,0,1
9294000,1,0,0,1
9294500,1,0,0,1
9295000,1,0,0,1
9295500,1,0,0,1
9296000,1,0,0,1
9296500,1,0,0,1
9297000,1,0,0,1
9297500,1,0,0,1
9298000,1,0,0,1
9298500,1,0,0,1
9299000,1,0,0,1
9299500,1,0,0,1
9300000,1,0,0,1
9300500,1,0,0,1
9301000,1,0,0,1
9301500,1,0,0,1
9302000,1,0,0,1
9302500,1,0,0,1
9303000,1,0,0,1
9303500,1,0,0,1
9304000,1,0,0,1
9304500,1,0,0,1
9305000,1,0,0,1
9305500,1,0,0,1
9306000,1,0,0,1
9306500,1,0,0,1
9307000,1,0,0,1
9307500,1,0,0,1
9308000,1,0,0,1
9308500,1,0,0,1
9309000,1,0,0,1
9309500,1,0,0,1
9310000,1,0,0,1
9310500,1,0,0,1
9311000,1,0,0,1
9311500,1,0,0,1
9312000,1,0,0,1
9312500,1,0,0,1
9313000,1,0,0,1
9313500,1,0,0,1
9314000,1,0,0,1
9314500,1,0,0,1
9315000,1,0,0,1
9315500,1,0,0,1
9316000,1,0,0,1
9316500,1,0,0,1
9317000,1,0,0,1
9317500,1,0,0,1
9318000,1,0,0,1
9318500,1,0,0,1
9319000,1,0,0,1
9319500,1,0,0,1
9320000,1,0,0,1
9320500,1,0,0,1
9321000,1,0,0,1
9321500,1,0,0,1
9322000,1,0,0,1
9322500,1,0,0,1
9323000,1,0,0,1
9323500,1,0,0,1
9324000,1,0,0,1
9324500,1,0,0,1
9325000,1,0,0,1
9325500,1,0,0,1
9326000,1,0,0,1
9326500,1,0,0,1
9327000,1,0,0,1
9327500,1,0,0,1
9328000,1,0,0,1
9328500,1,0,0,1
9329000,1,0,0,1
9329500,1,0,0,1
9330000,1,0,0,1
9330500,1,0,0,1
9331000,1,0,0,1
9331500,1,0,0,1
9332000,1,0,0,1
9332500,1,0,0,1
9333000,1,0,0,1
9333500,1,0,0,1
9334000,1,0,0,1
9334500,1,0,0,1
9335000,1,0,0,1
9335500,1,0,0,1
9336000,1,0,0,1
9336500,1,0,0,1
9337000,1,0,0,1
9337500,1,0,0,1
9338000,1,0,0,1
9338500,1,0,0,1
9339000,1,0,0,1
9339500,1,0,0,1
9340000,1,0,0,1
9340500,1,0,0,1
9341000,1,0,0,1
9341500,1,0,0,1
9342000,1,0,0,1
9342500,1,0,0,1
9343000,1,0,0,1
9343500,1,0,0,1
9344000,1,0,0,1
9344500,1,0,0,1
9345000,1,0,0,1
9345500,1,0,0,1
9346000,1,0,0,1
9346500,1,0,0,1
9347000,1,0,0,1
9347500,1,0,0,1
9348000,1,0,0,1
9348500,1,0,0,1
9349000,1,0,0,1
9349500,1,0,0,1
9350000,1,0,0,1
9350500,1,0,0,1
9351000,1,0,0,1
9351500,1,0,0,1
9352000,1,0,0,1
9352500,1,0,0,1
9353000,1,0,0,1
9353500,1,0,0,1
9354000,1,0,0,1
9354500,1,0,0,1
9355000,1,0,0,1
9355500,1,0,0,1
9356000,1,0,0,1
9356500,1,0,0,1
9357000,1,0,0,1
9357500,1,0,0,1
9358000,1,0,0,1
9358500,1,0,0,1
9359000,1,0,0,1
9359500,1,0,0,1
9360000,1,0,0,1
9360500,1,0,0,1
9361000,1,0,0,1
9361500,1,0,0,1
9362000,1,0,0,1
9362500,1,0,0,1
9363000,1,0,0,1
9363500,1,0,0,1
9363863,1,1,0,0
