n,live_before,absorbed,merged,live_after
2,10000000,1,4999999,5000000
3,5000000,2,0,4999998
5,4166666,3,0,4166663
7,2666665,3,0,2666662
9,2190475,1,0,2190474
13,1959949,4,0,1959945
15,1738036,2,0,1738034
21,1594005,5,0,1594000
23,1424771,5,0,1424766
25,1282642,3,0,1282639
31,1101452,11,0,1101441
33,965995,2,0,965993
37,896408,3,0,896405
39,857472,5,0,857467
41,806790,1,0,806789
45,769099,6,0,769093
47,729183,13,0,729170
55,667783,6,0,667777
57,637160,1,0,637159
63,586567,2,0,586565
65,552333,1,0,552332
69,544007,1,0,544006
71,523657,4,0,523653
79,477561,1,0,477560
85,464335,2,0,464333
87,453743,7,0,453736
89,439727,2,0,439725
93,431899,6,0,431893
95,417836,7,0,417829
97,398964,2,0,398962
103,380211,10,0,380201
105,367931,4,0,367927
107,364857,1,0,364856
109,362139,6,0,362133
111,354470,2,0,354468
117,348066,7,0,348059
127,321354,11,0,321343
141,284729,11,0,284718
143,279622,2,0,279620
151,271456,4,0,271452
153,266806,2,0,266804
155,265579,1,0,265578
159,259292,8,0,259284
161,251848,4,0,251844
167,244710,5,0,244705
173,237475,4,0,237471
175,232346,17,0,232329
183,225227,4,0,225223
185,221119,3,0,221116
191,214865,5,0,214860
193,210552,6,0,210546
199,207053,2,0,207051
201,204120,14,0,204106
205,202050,1,0,202049
207,199701,1,0,199700
213,197086,5,0,197081
215,194333,9,0,194324
217,191786,18,0,191768
221,190224,6,0,190218
223,186770,12,0,186758
229,181495,4,0,181491
231,178113,3,0,178110
245,171908,6,0,171902
247,169949,3,0,169946
249,167922,8,0,167914
253,166955,4,0,166951
255,165327,1,0,165326
263,159747,2,0,159745
269,157138,2,0,157136
277,154594,3,0,154591
279,152834,7,0,152827
287,148277,22,0,148255
289,145690,15,0,145675
293,144676,3,0,144673
295,142374,5,0,142369
297,140395,19,0,140376
301,139141,6,0,139135
311,135291,1,0,135290
313,133988,1,0,133987
317,133169,1,0,133168
319,132228,13,0,132215
321,130643,1,0,130642
335,126589,8,0,126581
341,125477,10,0,125467
343,124034,20,0,124014
373,115080,5,0,115075
375,114150,4,0,114146
377,113244,1,0,113243
381,112913,2,0,112911
383,111494,38,0,111456
385,109909,40,0,109869
391,107543,15,0,107528
393,106385,1,0,106384
397,105755,15,0,105740
399,105203,5,0,105198
405,104748,9,0,104739
407,104043,19,0,104024
409,103304,2,0,103302
415,101626,13,0,101613
417,100315,3,0,100312
421,99550,5,0,99545
425,98510,2,0,98508
431,97787,5,0,97782
439,96501,2,0,96499
441,95862,2,0,95860
449,93826,3,0,93823
481,88360,6,0,88354
487,87310,7,0,87303
489,86703,26,0,86677
493,86350,2,0,86348
501,85657,1,0,85656
503,85070,15,0,85055
505,84548,1,0,84547
509,84403,2,0,84401
511,83522,4,0,83518
513,82406,1,0,82405
519,80528,1,0,80527
535,78912,2,0,78910
543,77880,6,0,77874
545,77151,7,0,77144
549,76620,30,0,76590
567,74503,1,0,74502
569,74012,1,0,74011
581,72580,14,0,72566
583,72234,29,0,72205
585,71857,1,0,71856
591,71111,16,0,71095
601,70225,13,0,70212
605,70027,6,0,70021
607,69574,11,0,69563
609,68983,7,0,68976
615,68442,2,0,68440
637,66869,1,0,66868
653,64649,5,0,64644
655,64424,7,0,64417
663,63917,13,0,63904
671,63245,6,0,63239
677,62550,2,0,62548
679,62290,11,0,62279
681,62012,3,0,62009
685,61716,4,0,61712
687,61310,13,0,61297
695,60724,9,0,60715
697,60420,3,0,60417
705,59573,10,0,59563
711,59289,4,0,59285
727,58163,19,0,58144
729,57897,4,0,57893
733,57758,1,0,57757
741,57071,9,0,57062
751,56177,7,0,56170
759,55764,12,0,55752
765,55443,4,0,55439
769,54928,17,0,54911
775,54608,10,0,54598
781,54271,6,0,54265
789,54017,6,0,54011
791,53784,3,0,53781
799,53205,55,0,53150
801,52754,1,0,52753
807,52340,22,0,52318
813,51884,15,0,51869
825,50984,2,0,50982
833,50522,4,0,50518
853,49707,2,0,49705
861,49181,6,0,49175
865,48651,12,0,48639
871,48389,16,0,48373
873,48237,18,0,48219
875,48181,1,0,48180
879,48019,2,0,48017
887,47727,22,0,47705
889,47564,2,0,47562
903,46532,21,0,46511
909,46144,1,0,46143
919,45794,11,0,45783
929,45196,17,0,45179
933,45059,12,0,45047
959,43941,7,0,43934
965,43741,3,0,43738
967,43594,3,0,43591
975,43230,1,0,43229
1001,42101,32,0,42069
1005,42010,1,0,42009
1013,41819,4,0,41815
1015,41690,29,0,41661
1023,41403,3,0,41400
1039,40737,10,0,40727
1047,40546,2,0,40544
1049,40408,1,0,40407
1061,39972,1,0,39971
1071,39602,5,0,39597
1089,38854,8,0,38846
1095,38647,1,0,38646
1097,38471,1,0,38470
1103,38282,7,0,38275
1113,38009,4,0,38005
1119,37887,6,0,37881
1127,37536,21,0,37515
1133,37358,4,0,37354
1141,37214,1,0,37213
1143,37107,10,0,37097
1145,36988,1,0,36987
1177,35972,4,0,35968
1183,35846,30,0,35816
1185,35684,3,0,35681
1189,35570,14,0,35556
1191,35438,23,0,35415
1193,35314,6,0,35308
1197,35249,5,0,35244
1199,35152,37,0,35115
1207,34995,2,0,34993
1215,34800,5,0,34795
1217,34694,7,0,34687
1229,34485,3,0,34482
1231,34342,3,0,34339
1239,34133,11,0,34122
1241,33995,21,0,33974
1247,33845,2,0,33843
1269,33156,17,0,33139
1271,33057,20,0,33037
1277,32954,8,0,32946
1279,32852,9,0,32843
1281,32724,15,0,32709
1287,32571,4,0,32567
1289,32475,22,0,32453
1309,32060,7,0,32053
1311,31934,8,0,31926
1319,31741,4,0,31737
1335,31359,2,0,31357
1337,31261,8,0,31253
1341,31206,4,0,31202
1343,31157,1,0,31156
1351,31017,4,0,31013
1353,30919,6,0,30913
1357,30872,1,0,30871
1359,30794,1,0,30793
1367,30628,10,0,30618
1369,30508,23,0,30485
1373,30460,12,0,30448
1375,30384,3,0,30381
1377,30310,9,0,30301
1383,30193,5,0,30188
1391,30062,15,0,30047
1397,29998,6,0,29992
1399,29913,11,0,29902
1407,29748,3,0,29745
1409,29627,12,0,29615
1421,29358,2,0,29356
1429,29220,1,0,29219
1431,29154,7,0,29147
1433,29091,3,0,29088
1441,28913,39,0,28874
1447,28743,1,0,28742
1471,28371,7,0,28364
1473,28278,7,0,28271
1477,28236,3,0,28233
1479,28156,11,0,28145
1481,28100,3,0,28097
1487,28018,3,0,28015
1493,27958,10,0,27948
1497,27860,1,0,27859
1503,27760,1,0,27759
1505,27651,13,0,27638
1517,27488,32,0,27456
1527,27332,15,0,27317
1529,27279,19,0,27260
1535,27128,31,0,27097
1543,26725,2,0,26723
1549,26599,5,0,26594
1559,26478,7,0,26471
1561,26436,32,0,26404
1565,26372,2,0,26370
1567,26312,2,0,26310
1577,26132,13,0,26119
1581,26089,21,0,26068
1583,26021,2,0,26019
1591,25944,13,0,25931
1593,25882,2,0,25880
1599,25739,63,0,25676
1623,25388,6,0,25382
1639,25073,83,0,24990
1645,24865,10,0,24855
1647,24808,34,0,24774
1655,24739,17,0,24722
1677,24285,4,0,24281
1687,24225,15,0,24210
1695,24097,1,0,24096
1697,24031,51,0,23980
1701,23951,1,0,23950
1709,23821,2,0,23819
1711,23787,3,0,23784
1719,23669,24,0,23645
1721,23607,9,0,23598
1733,23452,3,0,23449
1743,23332,7,0,23325
1749,23282,2,0,23280
1751,23243,1,0,23242
1757,23174,16,0,23158
1759,23092,11,0,23081
1781,22831,7,0,22824
1785,22773,11,0,22762
1789,22737,1,0,22736
1807,22601,1,0,22600
1813,22584,1,0,22583
1823,22472,6,0,22466
1829,22381,6,0,22375
1839,22216,1,0,22215
1847,22139,4,0,22135
1853,22102,11,0,22091
1855,22043,1,0,22042
1869,21879,3,0,21876
1871,21847,8,0,21839
1881,21708,41,0,21667
1885,21652,13,0,21639
1887,21613,2,0,21611
1897,21524,3,0,21521
1903,21489,3,0,21486
1909,21468,5,0,21463
1911,21423,3,0,21420
1913,21393,29,0,21364
1921,21251,5,0,21246
1933,21129,35,0,21094
1935,21073,7,0,21066
1941,21025,25,0,21000
1943,20956,20,0,20936
1945,20890,10,0,20880
1949,20872,9,0,20863
1953,20779,4,0,20775
1977,20592,21,0,20571
1983,20503,66,0,20437
1985,20396,42,0,20354
1999,20207,65,0,20142
2005,20114,2,0,20112
2009,20058,10,0,20048
2011,20044,1,0,20043
2023,19902,6,0,19896
2039,19781,4,0,19777
2047,19630,35,0,19595
2049,19432,49,0,19383
2055,19182,39,0,19143
2057,19101,3,0,19098
2061,19004,28,0,18976
2063,18947,2,0,18945
2069,18941,2,0,18939
2071,18930,7,0,18923
2079,18837,21,0,18816
2103,18607,3,0,18604
2109,18569,2,0,18567
2111,18533,7,0,18526
2113,18502,26,0,18476
2117,18462,1,0,18461
2119,18427,3,0,18424
2127,18360,6,0,18354
2137,18304,6,0,18298
2143,18265,1,0,18264
2145,18231,4,0,18227
2151,18182,32,0,18150
2159,18096,8,0,18088
2165,18047,9,0,18038
2167,18018,18,0,18000
2169,17989,2,0,17987
2177,17931,2,0,17929
2189,17839,3,0,17836
2191,17818,14,0,17804
2207,17718,22,0,17696
2221,17596,9,0,17587
2237,17489,2,0,17487
2241,17445,6,0,17439
2247,17395,9,0,17386
2261,17321,13,0,17308
2269,17232,8,0,17224
2271,17213,2,0,17211
2273,17173,1,0,17172
2279,17146,2,0,17144
2287,17105,2,0,17103
2295,17078,28,0,17050
2297,17024,1,0,17023
2305,16953,21,0,16932
2327,16843,7,0,16836
2335,16794,5,0,16789
2341,16747,2,0,16745
2345,16681,45,0,16636
2369,16522,11,0,16511
2391,16397,1,0,16396
2397,16392,4,0,16388
2401,16347,20,0,16327
2407,16291,8,0,16283
2409,16261,3,0,16258
2423,16199,8,0,16191
2425,16157,31,0,16126
2431,16088,20,0,16068
2433,16043,15,0,16028
2439,15968,47,0,15921
2441,15895,11,0,15884
2453,15841,2,0,15839
2455,15819,4,0,15815
2463,15753,13,0,15740
2465,15728,2,0,15726
2469,15715,1,0,15714
2493,15619,2,0,15617
2495,15596,26,0,15570
2501,15544,4,0,15540
2521,15438,3,0,15435
2535,15335,20,0,15315
2537,15279,16,0,15263
2549,15233,18,0,15215
2551,15180,14,0,15166
2557,15143,18,0,15125
2559,15031,159,0,14872
2561,14851,28,0,14823
2565,14793,5,0,14788
2583,14684,12,0,14672
2591,14611,38,0,14573
2593,14528,4,0,14524
2605,14475,4,0,14471
2617,14415,9,0,14406
2629,14354,23,0,14331
2631,14306,9,0,14297
2633,14274,12,0,14262
2639,14221,18,0,14203
2649,14158,11,0,14147
2655,14133,1,0,14132
2671,14046,20,0,14026
2687,13977,8,0,13969
2713,13870,3,0,13867
2725,13820,5,0,13815
2727,13808,4,0,13804
2733,13765,16,0,13749
2735,13723,10,0,13713
2743,13672,2,0,13670
2745,13659,16,0,13643
2751,13613,8,0,13605
2759,13582,13,0,13569
2761,13548,11,0,13537
2765,13529,1,0,13528
2775,13464,6,0,13458
2799,13366,1,0,13365
2805,13355,11,0,13344
2807,13337,3,0,13334
2817,13286,5,0,13281
2823,13259,1,0,13258
2825,13238,9,0,13229
2839,13191,2,0,13189
2847,13139,16,0,13123
2853,13107,4,0,13103
2857,13085,3,0,13082
2861,13067,15,0,13052
2863,13045,24,0,13021
2877,12979,2,0,12977
2879,12959,5,0,12954
2881,12945,55,0,12890
2893,12853,14,0,12839
2895,12828,20,0,12808
2903,12793,4,0,12789
2911,12737,3,0,12734
2913,12715,7,0,12708
2919,12693,1,0,12692
2921,12673,7,0,12666
2933,12643,1,0,12642
2935,12634,1,0,12633
2943,12607,4,0,12603
2951,12538,5,0,12533
2957,12510,4,0,12506
2975,12440,2,0,12438
2999,12351,3,0,12348
3007,12305,4,0,12301
3009,12289,2,0,12287
3013,12283,4,0,12279
3053,12163,1,0,12162
3065,12121,1,0,12120
3071,12105,15,0,12090
3095,12016,13,0,12003
3103,11978,9,0,11969
3105,11955,8,0,11947
3109,11933,3,0,11930
3127,11874,5,0,11869
3129,11861,6,0,11855
3135,11837,76,0,11761
3141,11752,12,0,11740
3143,11727,6,0,11721
3161,11674,11,0,11663
3189,11580,2,0,11578
3191,11578,4,0,11574
3223,11445,4,0,11441
3231,11416,7,0,11409
3233,11400,22,0,11378
3237,11364,10,0,11354
3239,11337,50,0,11287
3241,11281,35,0,11246
3245,11229,14,0,11215
3247,11206,2,0,11204
3257,11179,6,0,11173
3289,11067,1,0,11066
3293,11059,9,0,11050
3307,10989,1,0,10988
3311,10970,6,0,10964
3319,10950,3,0,10947
3329,10926,8,0,10918
3335,10897,17,0,10880
3337,10862,58,0,10804
3349,10762,9,0,10753
3359,10731,1,0,10730
3373,10697,8,0,10689
3385,10672,11,0,10661
3391,10653,1,0,10652
3393,10629,12,0,10617
3413,10577,33,0,10544
3415,10534,33,0,10501
3429,10453,9,0,10444
3431,10430,12,0,10418
3433,10408,24,0,10384
3439,10376,19,0,10357
3445,10356,12,0,10344
3447,10340,1,0,10339
3449,10339,22,0,10317
3453,10316,5,0,10311
3457,10294,1,0,10293
3479,10246,11,0,10235
3493,10200,4,0,10196
3519,10139,3,0,10136
3521,10134,35,0,10099
3525,10099,2,0,10097
3527,10086,11,0,10075
3535,10051,9,0,10042
3573,9980,3,0,9977
3575,9965,17,0,9948
3583,9924,6,0,9918
3597,9858,1,0,9857
3607,9848,39,0,9809
3621,9783,10,0,9773
3623,9769,1,0,9768
3631,9762,6,0,9756
3639,9752,26,0,9726
3641,9725,1,0,9724
3647,9717,16,0,9701
3653,9683,1,0,9682
3655,9676,1,0,9675
3663,9661,2,0,9659
3677,9639,6,0,9633
3679,9625,13,0,9612
3681,9608,17,0,9591
3687,9578,10,0,9568
3693,9560,6,0,9554
3703,9540,2,0,9538
3725,9479,3,0,9476
3727,9469,3,0,9466
3737,9444,1,0,9443
3743,9421,27,0,9394
3745,9377,4,0,9373
3757,9317,7,0,9310
3759,9305,1,0,9304
3769,9284,8,0,9276
3777,9264,1,0,9263
3783,9248,2,0,9246
3789,9233,6,0,9227
3799,9213,28,0,9185
3801,9180,84,0,9096
3805,9096,12,0,9084
3807,9080,2,0,9078
3809,9054,21,0,9033
3831,9001,5,0,8996
3833,8987,29,0,8958
3837,8957,19,0,8938
3863,8889,1,0,8888
3873,8865,7,0,8858
3879,8851,22,0,8829
3885,8826,24,0,8802
3895,8789,42,0,8747
3905,8732,1,0,8731
3919,8707,13,0,8694
3925,8687,5,0,8682
3943,8653,1,0,8652
3959,8613,7,0,8606
3969,8579,4,0,8575
3983,8555,2,0,8553
3989,8550,4,0,8546
3991,8542,23,0,8519
3993,8512,9,0,8503
3999,8490,1,0,8489
4025,8441,42,0,8399
4031,8398,1,0,8397
4033,8391,18,0,8373
4037,8362,10,0,8352
4039,8340,5,0,8335
4041,8332,3,0,8329
4047,8322,11,0,8311
4071,8264,9,0,8255
4073,8250,15,0,8235
4077,8235,9,0,8226
4087,8214,35,0,8179
4095,8161,23,0,8138
4097,8125,22,0,8103
4129,8039,6,0,8033
4133,8032,1,0,8031
4151,8016,6,0,8010
4167,7973,3,0,7970
4185,7921,16,0,7905
4189,7904,2,0,7902
4191,7897,4,0,7893
4199,7871,30,0,7841
4217,7826,15,0,7811
4221,7810,6,0,7804
4233,7788,4,0,7784
4255,7751,11,0,7740
4257,7725,1,0,7724
4269,7707,1,0,7706
4271,7700,1,0,7699
4295,7675,9,0,7666
4297,7659,13,0,7646
4311,7637,4,0,7633
4313,7626,2,0,7624
4321,7606,4,0,7602
4345,7571,2,0,7569
4353,7559,9,0,7550
4393,7484,6,0,7478
4425,7433,8,0,7425
4439,7408,2,0,7406
4481,7345,2,0,7343
4489,7332,31,0,7301
4511,7277,11,0,7266
4513,7256,1,0,7255
4543,7234,28,0,7206
4545,7198,9,0,7189
4569,7161,9,0,7152
4583,7140,1,0,7139
4607,7123,42,0,7081
4639,7039,2,0,7037
4665,7009,3,0,7006
4687,6971,1,0,6970
4697,6965,24,0,6941
4705,6921,19,0,6902
4759,6843,17,0,6826
4767,6816,18,0,6798
4775,6781,9,0,6772
4783,6759,5,0,6754
4793,6749,18,0,6731
4807,6718,50,0,6668
4809,6668,30,0,6638
4825,6623,21,0,6602
4831,6592,7,0,6585
4855,6551,35,0,6516
4865,6511,8,0,6503
4873,6492,35,0,6457
4895,6436,40,0,6396
4921,6370,35,0,6335
4969,6258,4,0,6254
4991,6233,4,0,6229
4993,6227,47,0,6180
4999,6174,3,0,6171
5025,6153,2,0,6151
5055,6103,12,0,6091
5057,6086,66,0,6020
5111,5966,35,0,5931
5119,5926,12,0,5914
5135,5895,4,0,5891
5143,5888,22,0,5866
5153,5859,24,0,5835
5191,5807,22,0,5785
5199,5782,12,0,5770
5223,5746,10,0,5736
5241,5721,9,0,5712
5279,5653,12,0,5641
5281,5640,1,0,5639
5287,5633,31,0,5602
5289,5599,7,0,5592
5295,5589,18,0,5571
5345,5550,47,0,5503
5359,5495,9,0,5486
5385,5474,4,0,5470
5401,5451,17,0,5434
5439,5415,7,0,5408
5441,5405,1,0,5404
5449,5397,4,0,5393
5455,5392,11,0,5381
5463,5380,4,0,5376
5503,5344,20,0,5324
5529,5298,34,0,5264
5561,5245,5,0,5240
5569,5238,20,0,5218
5575,5215,2,0,5213
5601,5193,30,0,5163
5631,5148,5,0,5143
5657,5127,12,0,5115
5673,5099,12,0,5087
5729,5046,6,0,5040
5769,5004,9,0,4995
5791,4977,1,0,4976
5799,4973,1,0,4972
5839,4959,9,0,4950
5847,4943,7,0,4936
5849,4936,2,0,4934
5857,4929,1,0,4928
5871,4923,7,0,4916
5881,4906,9,0,4897
5927,4871,3,0,4868
5959,4842,6,0,4836
5975,4824,2,0,4822
5977,4821,12,0,4809
6007,4801,7,0,4794
6081,4756,27,0,4729
6105,4726,10,0,4716
6113,4709,1,0,4708
6135,4703,3,0,4700
6143,4695,11,0,4684
6151,4679,1,0,4678
6177,4651,9,0,4642
6241,4609,3,0,4606
6247,4606,10,0,4596
6249,4595,22,0,4573
6273,4563,2,0,4561
6319,4537,19,0,4518
6327,4510,2,0,4508
6329,4502,20,0,4482
6335,4478,7,0,4471
6345,4469,3,0,4466
6431,4427,6,0,4421
6433,4413,3,0,4410
6439,4410,15,0,4395
6463,4391,5,0,4386
6487,4368,4,0,4364
6505,4350,9,0,4341
6521,4336,1,0,4335
6559,4327,8,0,4319
6591,4284,23,0,4261
6593,4256,10,0,4246
6649,4229,21,0,4208
6679,4192,10,0,4182
6735,4166,10,0,4156
6799,4128,4,0,4124
6807,4119,14,0,4105
6817,4101,12,0,4089
6825,4087,5,0,4082
6831,4079,4,0,4075
6849,4070,1,0,4069
6857,4068,41,0,4027
6913,4002,1,0,4001
6921,3991,6,0,3985
6967,3974,1,0,3973
6969,3973,6,0,3967
6977,3961,1,0,3960
7033,3952,15,0,3937
7039,3937,12,0,3925
7041,3922,53,0,3869
7047,3869,1,0,3868
7073,3864,1,0,3863
7103,3849,9,0,3840
7111,3838,1,0,3837
7161,3808,1,0,3807
7183,3804,7,0,3797
7193,3796,2,0,3794
7233,3782,13,0,3769
7241,3763,3,0,3760
7287,3748,3,0,3745
7289,3743,27,0,3716
7329,3700,14,0,3686
7337,3686,24,0,3662
7351,3662,13,0,3649
7361,3648,20,0,3628
7383,3622,1,0,3621
7449,3592,1,0,3591
7455,3591,6,0,3585
7503,3576,1,0,3575
7535,3563,21,0,3542
7553,3538,11,0,3527
7649,3495,2,0,3493
7671,3491,19,0,3472
7673,3464,15,0,3449
7695,3440,3,0,3437
7743,3412,4,0,3408
7753,3406,2,0,3404
7759,3402,5,0,3397
7777,3393,4,0,3389
7785,3384,9,0,3375
7831,3361,2,0,3359
7839,3355,5,0,3350
7897,3335,6,0,3329
7929,3317,3,0,3314
7993,3284,7,0,3277
8033,3259,7,0,3252
8095,3244,3,0,3241
8127,3232,6,0,3226
8169,3208,21,0,3187
8185,3186,5,0,3181
8191,3180,13,0,3167
8193,3167,6,0,3161
8297,3134,8,0,3126
8303,3125,4,0,3121
8351,3118,2,0,3116
8377,3107,2,0,3105
8481,3089,12,0,3077
8503,3070,5,0,3065
8577,3028,17,0,3011
8767,2973,10,0,2963
8897,2948,14,0,2934
8991,2913,9,0,2904
9001,2904,1,0,2903
9025,2901,35,0,2866
9047,2862,6,0,2856
9057,2854,8,0,2846
9097,2830,5,0,2825
9113,2823,1,0,2822
9295,2795,6,0,2789
9433,2763,13,0,2750
9441,2746,11,0,2735
9503,2729,1,0,2728
9689,2699,12,0,2687
9761,2681,3,0,2678
9775,2677,6,0,2671
9793,2668,3,0,2665
9817,2660,39,0,2621
9849,2611,2,0,2609
9887,2602,1,0,2601
9889,2601,12,0,2589
9897,2587,9,0,2578
9903,2578,2,0,2576
9943,2566,1,0,2565
10063,2550,30,0,2520
10071,2520,10,0,2510
10175,2491,31,0,2460
10209,2454,14,0,2440
10239,2438,5,0,2433
10241,2430,1,0,2429
10329,2406,11,0,2395
10377,2393,15,0,2378
10433,2376,6,0,2370
10537,2356,1,0,2355
10553,2354,5,0,2349
10613,2336,1,0,2335
10631,2326,4,0,2322
10785,2307,2,0,2305
10841,2302,16,0,2286
10903,2277,6,0,2271
10967,2265,19,0,2246
11073,2242,1,0,2241
11137,2223,2,0,2221
11321,2203,5,0,2198
11417,2186,27,0,2159
11489,2145,5,0,2140
11727,2115,1,0,2114
11769,2110,4,0,2106
11833,2096,4,0,2092
11841,2091,7,0,2084
12015,2066,2,0,2064
12057,2061,14,0,2047
12183,2041,3,0,2038
12257,2027,1,0,2026
12287,2025,13,0,2012
12455,1999,2,0,1997
12599,1972,4,0,1968
12671,1959,3,0,1956
12679,1951,16,0,1935
12697,1934,6,0,1928
12735,1924,18,0,1906
12801,1893,4,0,1889
12833,1889,2,0,1887
12863,1887,8,0,1879
12967,1861,2,0,1859
12985,1858,3,0,1855
13015,1853,1,0,1852
13217,1843,9,0,1834
13247,1834,1,0,1833
13375,1814,8,0,1806
13473,1797,5,0,1792
13569,1787,6,0,1781
13793,1761,2,0,1759
13839,1756,13,0,1743
13881,1741,7,0,1734
13921,1734,5,0,1729
13945,1729,17,0,1712
13983,1709,3,0,1706
14209,1689,2,0,1687
14233,1687,7,0,1680
14361,1667,4,0,1663
14447,1657,19,0,1638
14625,1627,19,0,1608
14671,1608,4,0,1604
14719,1604,2,0,1602
14743,1597,18,0,1579
15063,1558,14,0,1544
15135,1537,25,0,1512
15169,1509,8,0,1501
15341,1493,2,0,1491
15425,1491,5,0,1486
15519,1482,4,0,1478
15599,1473,6,0,1467
15705,1458,1,0,1457
15897,1450,4,0,1446
15937,1444,2,0,1442
16031,1441,6,0,1435
16055,1431,3,0,1428
16319,1412,7,0,1405
16385,1404,1,0,1403
16407,1401,10,0,1391
16641,1379,1,0,1378
16761,1375,4,0,1371
16769,1371,2,0,1369
16775,1367,16,0,1351
16871,1345,13,0,1332
17217,1318,3,0,1315
17249,1315,9,0,1306
17529,1289,2,0,1287
17567,1276,10,0,1266
17593,1265,1,0,1264
17721,1260,29,0,1231
18233,1219,3,0,1216
18305,1214,6,0,1208
18361,1205,2,0,1203
18743,1198,2,0,1196
18823,1196,1,0,1195
19207,1182,8,0,1174
19329,1167,16,0,1151
19673,1140,9,0,1131
19719,1131,23,0,1108
19737,1107,7,0,1100
19865,1092,6,0,1086
19993,1081,7,0,1074
20000,1074,0,0,1074
20015,1073,1,0,1072
20359,1069,2,0,1067
20417,1066,12,0,1054
20455,1054,1,0,1053
20503,1051,9,0,1042
20647,1033,13,0,1020
20695,1018,7,0,1011
20823,1007,6,0,1001
20863,1001,1,0,1000
20871,1000,10,0,990
21017,985,9,0,976
21055,976,1,0,975
21889,968,2,0,966
22399,959,2,0,957
22503,953,5,0,948
22639,946,24,0,922
22785,921,5,0,916
22809,916,7,0,909
23183,903,7,0,896
23327,888,11,0,877
23719,867,1,0,866
24063,860,4,0,856
24127,855,4,0,851
24247,851,13,0,838
24911,826,2,0,824
25217,814,1,0,813
25239,813,4,0,809
25945,790,1,0,789
26049,789,5,0,784
26807,773,3,0,770
27033,768,13,0,755
27065,755,1,0,754
27545,747,7,0,740
27583,740,1,0,739
27863,737,1,0,736
28577,726,3,0,723
29687,713,7,0,706
30113,703,4,0,699
31009,693,2,0,691
31585,687,10,0,677
31647,675,5,0,670
33007,655,2,0,653
33273,650,6,0,644
33463,643,2,0,641
33505,640,2,0,638
34265,634,2,0,632
34415,632,2,0,630
34773,630,2,0,628
36127,622,1,0,621
36473,616,1,0,615
37207,606,5,0,601
37593,596,8,0,588
38799,582,6,0,576
38943,576,4,0,572
39649,567,2,0,565
40000,561,0,0,561
40463,558,1,0,557
40495,557,1,0,556
40669,556,1,0,555
40857,553,8,0,545
42201,537,3,0,534
42359,533,8,0,525
42735,525,4,0,521
42745,521,2,0,519
43631,514,6,0,508
43735,508,1,0,507
44813,500,2,0,498
44985,495,6,0,489
45369,485,4,0,481
46433,476,6,0,470
47055,467,6,0,461
48641,454,1,0,453
48857,453,1,0,452
49711,451,17,0,434
51713,428,5,0,423
52409,420,2,0,418
54831,413,1,0,412
55009,411,1,0,410
55833,410,7,0,403
60000,394,0,0,394
63903,386,2,0,384
64215,377,1,0,376
64295,375,3,0,372
64391,372,2,0,370
68281,356,9,0,347
69177,347,4,0,343
70401,342,2,0,340
71649,339,1,0,338
71791,338,1,0,337
75609,320,1,0,319
79673,318,1,0,317
80000,317,0,0,317
87841,306,1,0,305
90497,303,1,0,302
97791,292,3,0,289
100000,288,0,0,288
104153,283,3,0,280
105461,277,2,0,275
107713,273,13,0,260
114167,252,3,0,249
118431,243,8,0,235
120000,235,0,0,235
120761,233,5,0,228
126615,227,5,0,222
130873,222,1,0,221
138303,217,1,0,216
140000,216,0,0,216
140303,215,3,0,212
141977,212,1,0,211
145943,211,7,0,204
148833,204,1,0,203
151663,203,2,0,201
153239,201,3,0,198
160000,197,0,0,197
160033,197,1,0,196
162879,196,1,0,195
177185,191,2,0,189
177669,189,6,0,183
178151,183,7,0,176
180000,176,0,0,176
180725,176,2,0,174
186191,173,1,0,172
193621,171,1,0,170
197655,169,10,0,159
198105,159,1,0,158
200000,158,0,0,158
208903,156,1,0,155
215769,155,1,0,154
220000,154,0,0,154
221093,154,1,0,153
223343,153,1,0,152
227207,152,1,0,151
240000,151,0,0,151
244449,149,4,0,145
247237,145,1,0,144
258727,144,2,0,142
260000,142,0,0,142
269017,139,1,0,138
269431,138,3,0,135
280000,135,0,0,135
287111,133,1,0,132
292511,132,2,0,130
292735,130,11,0,119
300000,116,0,0,116
304007,116,1,0,115
308487,115,1,0,114
320000,114,0,0,114
334589,112,3,0,109
339353,109,2,0,107
340000,107,0,0,107
360000,107,0,0,107
362749,107,1,0,106
378081,106,4,0,102
380000,102,0,0,102
386623,102,1,0,101
398823,101,2,0,99
400000,99,0,0,99
405997,99,3,0,96
406817,96,2,0,94
420000,94,0,0,94
427989,93,3,0,90
429661,90,1,0,89
432543,89,3,0,86
440000,86,0,0,86
443033,85,3,0,82
460000,82,0,0,82
480000,81,0,0,81
500000,81,0,0,81
520000,81,0,0,81
535897,81,1,0,80
538201,80,2,0,78
540000,78,0,0,78
552737,78,2,0,76
560000,76,0,0,76
580000,75,0,0,75
600000,75,0,0,75
603695,75,1,0,74
620000,74,0,0,74
640000,74,0,0,74
645279,74,2,0,72
654421,72,1,0,71
660000,71,0,0,71
668661,71,1,0,70
676701,70,2,0,68
677479,68,1,0,67
680000,67,0,0,67
700000,67,0,0,67
717599,67,1,0,66
720000,66,0,0,66
740000,66,0,0,66
760000,66,0,0,66
773721,66,1,0,65
775045,65,1,0,64
780000,64,0,0,64
800000,64,0,0,64
801815,64,1,0,63
818295,63,1,0,62
820000,62,0,0,62
840000,62,0,0,62
860000,62,0,0,62
864231,62,2,0,60
880000,60,0,0,60
887449,60,2,0,58
888061,58,1,0,57
900000,57,0,0,57
920000,57,0,0,57
940000,57,0,0,57
960000,57,0,0,57
980000,57,0,0,57
1000000,56,0,0,56
1014175,56,1,0,55
1020000,55,0,0,55
1040000,55,0,0,55
1048321,55,1,0,54
1050297,54,4,0,50
1060000,50,0,0,50
1080000,50,0,0,50
1100000,50,0,0,50
1120000,50,0,0,50
1140000,50,0,0,50
1145487,50,1,0,49
1160000,49,0,0,49
1180000,49,0,0,49
1200000,49,0,0,49
1220000,49,0,0,49
1240000,49,0,0,49
1240289,49,1,0,48
1260000,48,0,0,48
1280000,48,0,0,48
1300000,48,0,0,48
1320000,48,0,0,48
1332511,48,2,0,46
1340000,46,0,0,46
1360000,46,0,0,46
1380000,46,0,0,46
1400000,46,0,0,46
1420000,46,0,0,46
1423471,46,1,0,45
1429423,45,1,0,44
1440000,44,0,0,44
1460000,44,0,0,44
1480000,44,0,0,44
1500000,44,0,0,44
1520000,44,0,0,44
1540000,44,0,0,44
1560000,44,0,0,44
1580000,44,0,0,44
1600000,44,0,0,44
1620000,44,0,0,44
1638351,44,1,0,43
1640000,43,0,0,43
1660000,43,0,0,43
1680000,43,0,0,43
1700000,43,0,0,43
1720000,43,0,0,43
1740000,43,0,0,43
1760000,43,0,0,43
1773565,43,1,0,42
1780000,42,0,0,42
1780007,42,1,0,41
1800000,41,0,0,41
1820000,41,0,0,41
1840000,41,0,0,41
1860000,41,0,0,41
1880000,41,0,0,41
1900000,41,0,0,41
1920000,41,0,0,41
1939909,41,1,0,40
1940000,40,0,0,40
1960000,40,0,0,40
1980000,40,0,0,40
2000000,40,0,0,40
2020000,40,0,0,40
2040000,40,0,0,40
2060000,40,0,0,40
2080000,40,0,0,40
2100000,40,0,0,40
2120000,40,0,0,40
2140000,40,0,0,40
2160000,40,0,0,40
2180000,40,0,0,40
2199437,40,2,0,38
2200000,38,0,0,38
2220000,38,0,0,38
2240000,38,0,0,38
2260000,38,0,0,38
2280000,38,0,0,38
2300000,38,0,0,38
2320000,38,0,0,38
2340000,38,0,0,38
2360000,38,0,0,38
2380000,37,0,0,37
2400000,37,0,0,37
2420000,37,0,0,37
2440000,37,0,0,37
2459989,37,1,0,36
2460000,36,0,0,36
2480000,36,0,0,36
2500000,36,0,0,36
2506041,36,1,0,35
2520000,35,0,0,35
2540000,35,0,0,35
2560000,35,0,0,35
2580000,35,0,0,35
2600000,35,0,0,35
2620000,35,0,0,35
2640000,35,0,0,35
2660000,35,0,0,35
2680000,35,0,0,35
2700000,35,0,0,35
2720000,35,0,0,35
2729985,35,1,0,34
2740000,34,0,0,34
2755735,34,1,0,33
2760000,33,0,0,33
2780000,33,0,0,33
2800000,33,0,0,33
2806265,33,2,0,31
2820000,31,0,0,31
2840000,31,0,0,31
2860000,31,0,0,31
2880000,31,0,0,31
2900000,31,0,0,31
2920000,31,0,0,31
2940000,31,0,0,31
2960000,31,0,0,31
2980000,31,0,0,31
3000000,31,0,0,31
3020000,31,0,0,31
3040000,31,0,0,31
3060000,31,0,0,31
3080000,31,0,0,31
3100000,31,0,0,31
3120000,31,0,0,31
3140000,31,0,0,31
3160000,31,0,0,31
3180000,31,0,0,31
3192845,31,1,0,30
3200000,30,0,0,30
3220000,30,0,0,30
3240000,30,0,0,30
3260000,30,0,0,30
3280000,30,0,0,30
3300000,30,0,0,30
3320000,30,0,0,30
3340000,30,0,0,30
3360000,30,0,0,30
3380000,30,0,0,30
3400000,30,0,0,30
3420000,30,0,0,30
3440000,30,0,0,30
3460000,30,0,0,30
3480000,30,0,0,30
3500000,30,0,0,30
3520000,30,0,0,30
3540000,30,0,0,30
3560000,30,0,0,30
3580000,30,0,0,30
3600000,30,0,0,30
3620000,30,0,0,30
3640000,30,0,0,30
3660000,30,0,0,30
3660509,30,1,0,29
3680000,29,0,0,29
3700000,29,0,0,29
3720000,29,0,0,29
3740000,29,0,0,29
3760000,29,0,0,29
3780000,29,0,0,29
3800000,29,0,0,29
3820000,29,0,0,29
3840000,29,0,0,29
3860000,29,0,0,29
3880000,29,0,0,29
3900000,29,0,0,29
3920000,29,0,0,29
3940000,29,0,0,29
3960000,29,0,0,29
3980000,29,0,0,29
4000000,29,0,0,29
4020000,29,0,0,29
4021025,29,1,0,28
4040000,28,0,0,28
4060000,28,0,0,28
4080000,28,0,0,28
4100000,28,0,0,28
4120000,28,0,0,28
4140000,28,0,0,28
4160000,28,0,0,28
4180000,28,0,0,28
4200000,28,0,0,28
4220000,28,0,0,28
4240000,28,0,0,28
4260000,28,0,0,28
4280000,28,0,0,28
4300000,28,0,0,28
4320000,28,0,0,28
4340000,28,0,0,28
4360000,28,0,0,28
4380000,28,0,0,28
4400000,28,0,0,28
4420000,28,0,0,28
4440000,28,0,0,28
4460000,28,0,0,28
4480000,28,0,0,28
4500000,28,0,0,28
4520000,28,0,0,28
4540000,28,0,0,28
4553005,28,2,0,26
4560000,26,0,0,26
4580000,26,0,0,26
4600000,26,0,0,26
4620000,26,0,0,26
4640000,26,0,0,26
4660000,26,0,0,26
4680000,26,0,0,26
4694881,26,1,0,25
4700000,25,0,0,25
4720000,25,0,0,25
4740000,25,0,0,25
4760000,25,0,0,25
4780000,25,0,0,25
4800000,25,0,0,25
4820000,25,0,0,25
4840000,25,0,0,25
4860000,25,0,0,25
4880000,25,0,0,25
4900000,25,0,0,25
4920000,25,0,0,25
4940000,25,0,0,25
4960000,25,0,0,25
4980000,25,0,0,25
5000000,25,0,0,25
5020000,25,0,0,25
5040000,25,0,0,25
5060000,25,0,0,25
5080000,25,0,0,25
5100000,25,0,0,25
5120000,25,0,0,25
5140000,25,0,0,25
5160000,25,0,0,25
5180000,25,0,0,25
5200000,25,0,0,25
5220000,25,0,0,25
5240000,25,0,0,25
5260000,25,0,0,25
5280000,25,0,0,25
5300000,25,0,0,25
5320000,25,0,0,25
5340000,25,0,0,25
5360000,25,0,0,25
5380000,25,0,0,25
5400000,25,0,0,25
5420000,25,0,0,25
5440000,25,0,0,25
5460000,25,0,0,25
5480000,25,0,0,25
5500000,25,0,0,25
5520000,25,0,0,25
5540000,25,0,0,25
5560000,25,0,0,25
5580000,25,0,0,25
5600000,25,0,0,25
5620000,25,0,0,25
5640000,25,0,0,25
5660000,25,0,0,25
5680000,25,0,0,25
5700000,25,0,0,25
5720000,25,0,0,25
5740000,25,0,0,25
5754527,25,1,0,24
5760000,24,0,0,24
5780000,24,0,0,24
5799079,24,1,0,23
5800000,23,0,0,23
5820000,23,0,0,23
5840000,23,0,0,23
5860000,23,0,0,23
5880000,23,0,0,23
5900000,23,0,0,23
5920000,23,0,0,23
5940000,23,0,0,23
5960000,23,0,0,23
5980000,23,0,0,23
6000000,23,0,0,23
6020000,23,0,0,23
6040000,23,0,0,23
6060000,23,0,0,23
6080000,23,0,0,23
6100000,23,0,0,23
6120000,23,0,0,23
6140000,23,0,0,23
6160000,23,0,0,23
6180000,23,0,0,23
6200000,23,0,0,23
6220000,23,0,0,23
6240000,23,0,0,23
6260000,23,0,0,23
6280000,23,0,0,23
6300000,23,0,0,23
6320000,23,0,0,23
6340000,23,0,0,23
6360000,23,0,0,23
6380000,23,0,0,23
6400000,23,0,0,23
6420000,23,0,0,23
6440000,23,0,0,23
6460000,23,0,0,23
6480000,23,0,0,23
6500000,23,0,0,23
6520000,23,0,0,23
6540000,23,0,0,23
6560000,23,0,0,23
6580000,23,0,0,23
6600000,23,0,0,23
6620000,23,0,0,23
6633359,23,1,0,22
6640000,22,0,0,22
6660000,22,0,0,22
6680000,22,0,0,22
6700000,22,0,0,22
6720000,22,0,0,22
6740000,22,0,0,22
6760000,22,0,0,22
6780000,22,0,0,22
6800000,22,0,0,22
6820000,22,0,0,22
6840000,22,0,0,22
6860000,22,0,0,22
6880000,22,0,0,22
6900000,22,0,0,22
6920000,22,0,0,22
6940000,22,0,0,22
6960000,22,0,0,22
6980000,22,0,0,22
7000000,22,0,0,22
7020000,22,0,0,22
7040000,22,0,0,22
7060000,22,0,0,22
7077005,22,1,0,21
7080000,21,0,0,21
7100000,21,0,0,21
7105583,21,1,0,20
7120000,20,0,0,20
7140000,20,0,0,20
7160000,20,0,0,20
7180000,20,0,0,20
7200000,20,0,0,20
7220000,20,0,0,20
7240000,20,0,0,20
7260000,20,0,0,20
7280000,20,0,0,20
7300000,20,0,0,20
7320000,20,0,0,20
7340000,20,0,0,20
7360000,20,0,0,20
7380000,20,0,0,20
7400000,20,0,0,20
7420000,20,0,0,20
7440000,20,0,0,20
7460000,20,0,0,20
7480000,20,0,0,20
7500000,20,0,0,20
7520000,20,0,0,20
7540000,20,0,0,20
7560000,20,0,0,20
7580000,20,0,0,20
7600000,20,0,0,20
7620000,20,0,0,20
7640000,20,0,0,20
7660000,20,0,0,20
7680000,20,0,0,20
7700000,20,0,0,20
7720000,20,0,0,20
7740000,20,0,0,20
7760000,20,0,0,20
7780000,20,0,0,20
7800000,20,0,0,20
7820000,20,0,0,20
7840000,20,0,0,20
7860000,20,0,0,20
7880000,20,0,0,20
7900000,20,0,0,20
7920000,20,0,0,20
7940000,20,0,0,20
7960000,20,0,0,20
7980000,20,0,0,20
8000000,20,0,0,20
8020000,20,0,0,20
8040000,20,0,0,20
8060000,20,0,0,20
8080000,20,0,0,20
8100000,20,0,0,20
8120000,20,0,0,20
8140000,20,0,0,20
8160000,20,0,0,20
8180000,20,0,0,20
8200000,20,0,0,20
8220000,20,0,0,20
8240000,20,0,0,20
8260000,20,0,0,20
8280000,20,0,0,20
8300000,20,0,0,20
8320000,20,0,0,20
8340000,20,0,0,20
8360000,20,0,0,20
8361989,20,1,0,19
8380000,19,0,0,19
8400000,19,0,0,19
8420000,19,0,0,19
8440000,19,0,0,19
8460000,19,0,0,19
8480000,19,0,0,19
8500000,19,0,0,19
8520000,19,0,0,19
8540000,19,0,0,19
8560000,19,0,0,19
8580000,19,0,0,19
8600000,19,0,0,19
8620000,19,0,0,19
8640000,19,0,0,19
8660000,19,0,0,19
8680000,19,0,0,19
8700000,19,0,0,19
8720000,19,0,0,19
8740000,19,0,0,19
8760000,19,0,0,19
8780000,19,0,0,19
8800000,19,0,0,19
8820000,19,0,0,19
8840000,19,0,0,19
8860000,19,0,0,19
8880000,19,0,0,19
8897599,19,1,0,18
8900000,18,0,0,18
8920000,18,0,0,18
8940000,18,0,0,18
8960000,18,0,0,18
8980000,18,0,0,18
9000000,18,0,0,18
9020000,18,0,0,18
9040000,18,0,0,18
9060000,18,0,0,18
9080000,18,0,0,18
9100000,18,0,0,18
9120000,18,0,0,18
9140000,18,0,0,18
9160000,18,0,0,18
9180000,18,0,0,18
9200000,18,0,0,18
9204751,18,1,0,17
9220000,17,0,0,17
9240000,17,0,0,17
9260000,17,0,0,17
9280000,17,0,0,17
9300000,17,0,0,17
9320000,17,0,0,17
9340000,17,0,0,17
9360000,17,0,0,17
9363863,17,1,0,16
9380000,16,0,0,16
9400000,16,0,0,16
9420000,16,0,0,16
9440000,16,0,0,16
9460000,16,0,0,16
9480000,16,0,0,16
9500000,16,0,0,16
9520000,16,0,0,16
9540000,16,0,0,16
9560000,16,0,0,16
9580000,16,0,0,16
9600000,16,0,0,16
9620000,16,0,0,16
9640000,16,0,0,16
9660000,16,0,0,16
9680000,16,0,0,16
9700000,16,0,0,16
9720000,16,0,0,16
9740000,16,0,0,16
9754117,16,1,0,15
9760000,15,0,0,15
9780000,15,0,0,15
9800000,15,0,0,15
9820000,15,0,0,15
9840000,15,0,0,15
9860000,15,0,0,15
9880000,15,0,0,15
9900000,15,0,0,15
9920000,15,0,0,15
9940000,15,0,0,15
9960000,15,0,0,15
9980000,15,0,0,15
10000000,15,0,0,15
10020000,15,0,0,15
10040000,15,0,0,15
10060000,15,0,0,15
10080000,15,0,0,15
10100000,15,0,0,15
10120000,15,0,0,15
10140000,15,0,0,15
10160000,15,0,0,15
10180000,15,0,0,15
10200000,15,0,0,15
10220000,15,0,0,15
10240000,15,0,0,15
10260000,15,0,0,15
10280000,15,0,0,15
10300000,15,0,0,15
10320000,15,0,0,15
10340000,15,0,0,15
10360000,15,0,0,15
10380000,15,0,0,15
10400000,15,0,0,15
10420000,15,0,0,15
10440000,15,0,0,15
10460000,15,0,0,15
10480000,15,0,0,15
10500000,15,0,0,15
10520000,15,0,0,15
10540000,15,0,0,15
10560000,15,0,0,15
10560981,15,1,0,14
10580000,14,0,0,14
10600000,14,0,0,14
10620000,14,0,0,14
10640000,14,0,0,14
10660000,14,0,0,14
10680000,14,0,0,14
10700000,14,0,0,14
10720000,14,0,0,14
10740000,14,0,0,14
10760000,14,0,0,14
10780000,14,0,0,14
10800000,14,0,0,14
10820000,14,0,0,14
10840000,14,0,0,14
10860000,14,0,0,14
10880000,14,0,0,14
10900000,14,0,0,14
10920000,14,0,0,14
10940000,14,0,0,14
10960000,14,0,0,14
10980000,14,0,0,14
11000000,14,0,0,14
11020000,14,0,0,14
11040000,14,0,0,14
11060000,14,0,0,14
11080000,14,0,0,14
11100000,14,0,0,14
11120000,14,0,0,14
11140000,14,0,0,14
11160000,14,0,0,14
11180000,14,0,0,14
11200000,14,0,0,14
11220000,14,0,0,14
11240000,14,0,0,14
11260000,14,0,0,14
11280000,14,0,0,14
11300000,14,0,0,14
11320000,14,0,0,14
11340000,14,0,0,14
11360000,14,0,0,14
11380000,14,0,0,14
11400000,14,0,0,14
11420000,14,0,0,14
11440000,14,0,0,14
11460000,14,0,0,14
11480000,14,0,0,14
11500000,14,0,0,14
11520000,14,0,0,14
11540000,14,0,0,14
11560000,14,0,0,14
11567789,14,1,0,13
11580000,13,0,0,13
11600000,13,0,0,13
11620000,13,0,0,13
11640000,13,0,0,13
11660000,13,0,0,13
11680000,13,0,0,13
11700000,13,0,0,13
11720000,13,0,0,13
11740000,13,0,0,13
11760000,13,0,0,13
11780000,13,0,0,13
11800000,13,0,0,13
11820000,13,0,0,13
11840000,13,0,0,13
11860000,13,0,0,13
11880000,13,0,0,13
11900000,13,0,0,13
11920000,13,0,0,13
11940000,13,0,0,13
11960000,13,0,0,13
11980000,13,0,0,13
12000000,13,0,0,13
12020000,13,0,0,13
12040000,13,0,0,13
12060000,13,0,0,13
12080000,13,0,0,13
12100000,13,0,0,13
12120000,13,0,0,13
12140000,13,0,0,13
12160000,13,0,0,13
12180000,13,0,0,13
12200000,13,0,0,13
12220000,13,0,0,13
12240000,13,0,0,13
12260000,13,0,0,13
12280000,13,0,0,13
12300000,13,0,0,13
12320000,13,0,0,13
12340000,13,0,0,13
12360000,13,0,0,13
12380000,13,0,0,13
12400000,13,0,0,13
12420000,13,0,0,13
12440000,13,0,0,13
12460000,13,0,0,13
12480000,13,0,0,13
12500000,13,0,0,13
12520000,13,0,0,13
12540000,13,0,0,13
12560000,13,0,0,13
12580000,13,0,0,13
12600000,13,0,0,13
12620000,13,0,0,13
12640000,13,0,0,13
12660000,13,0,0,13
12680000,13,0,0,13
12700000,13,0,0,13
12720000,13,0,0,13
12740000,13,0,0,13
12760000,13,0,0,13
12780000,13,0,0,13
12800000,13,0,0,13
12820000,13,0,0,13
12840000,13,0,0,13
12860000,13,0,0,13
12880000,13,0,0,13
12900000,13,0,0,13
12920000,13,0,0,13
12940000,13,0,0,13
12960000,13,0,0,13
12980000,13,0,0,13
13000000,13,0,0,13
13020000,13,0,0,13
13040000,13,0,0,13
13060000,13,0,0,13
13080000,13,0,0,13
13100000,13,0,0,13
13120000,13,0,0,13
13140000,13,0,0,13
13160000,13,0,0,13
13180000,13,0,0,13
13200000,13,0,0,13
13220000,13,0,0,13
13240000,13,0,0,13
13260000,13,0,0,13
13280000,13,0,0,13
13300000,13,0,0,13
13320000,13,0,0,13
13340000,13,0,0,13
13360000,13,0,0,13
13380000,13,0,0,13
13400000,13,0,0,13
13420000,13,0,0,13
13440000,13,0,0,13
13460000,13,0,0,13
13480000,13,0,0,13
13500000,13,0,0,13
13520000,13,0,0,13
13540000,13,0,0,13
13560000,13,0,0,13
13580000,13,0,0,13
13600000,13,0,0,13
13620000,13,0,0,13
13640000,13,0,0,13
13660000,13,0,0,13
13680000,13,0,0,13
13700000,13,0,0,13
13720000,13,0,0,13
13740000,13,0,0,13
13760000,13,0,0,13
13780000,13,0,0,13
13800000,13,0,0,13
13820000,13,0,0,13
13840000,13,0,0,13
13860000,13,0,0,13
13880000,13,0,0,13
13900000,13,0,0,13
13920000,13,0,0,13
13940000,13,0,0,13
13960000,13,0,0,13
13980000,13,0,0,13
14000000,13,0,0,13
14020000,13,0,0,13
14040000,13,0,0,13
14060000,13,0,0,13
14080000,13,0,0,13
14100000,13,0,0,13
14120000,13,0,0,13
14140000,13,0,0,13
14160000,13,0,0,13
14180000,13,0,0,13
14200000,13,0,0,13
14220000,13,0,0,13
14240000,13,0,0,13
14260000,13,0,0,13
14280000,13,0,0,13
14300000,13,0,0,13
14320000,13,0,0,13
14340000,13,0,0,13
14360000,13,0,0,13
14380000,13,0,0,13
14400000,13,0,0,13
14420000,13,0,0,13
14440000,13,0,0,13
14460000,13,0,0,13
14480000,13,0,0,13
14500000,13,0,0,13
14520000,13,0,0,13
14540000,13,0,0,13
14560000,13,0,0,13
14580000,13,0,0,13
14600000,13,0,0,13
14620000,13,0,0,13
14640000,13,0,0,13
14660000,13,0,0,13
14680000,13,0,0,13
14700000,13,0,0,13
14720000,13,0,0,13
14740000,13,0,0,13
14760000,13,0,0,13
14780000,13,0,0,13
14800000,13,0,0,13
14820000,13,0,0,13
14822199,13,1,0,12
14840000,12,0,0,12
14860000,12,0,0,12
14880000,12,0,0,12
14900000,12,0,0,12
14920000,12,0,0,12
14940000,12,0,0,12
14960000,12,0,0,12
14980000,12,0,0,12
15000000,12,0,0,12
15020000,12,0,0,12
15040000,12,0,0,12
15060000,12,0,0,12
15080000,12,0,0,12
15100000,12,0,0,12
15120000,12,0,0,12
15140000,12,0,0,12
15160000,12,0,0,12
15180000,12,0,0,12
15200000,12,0,0,12
15220000,12,0,0,12
15240000,12,0,0,12
15260000,12,0,0,12
15280000,12,0,0,12
15300000,12,0,0,12
15320000,12,0,0,12
15340000,12,0,0,12
15360000,12,0,0,12
15380000,12,0,0,12
15400000,12,0,0,12
15420000,12,0,0,12
15440000,12,0,0,12
15460000,12,0,0,12
15480000,12,0,0,12
15500000,12,0,0,12
15520000,12,0,0,12
15540000,12,0,0,12
15560000,12,0,0,12
15580000,12,0,0,12
15600000,12,0,0,12
15620000,12,0,0,12
15640000,12,0,0,12
15660000,12,0,0,12
15680000,12,0,0,12
15700000,12,0,0,12
15720000,12,0,0,12
15740000,12,0,0,12
15760000,12,0,0,12
15780000,12,0,0,12
15800000,12,0,0,12
15820000,12,0,0,12
15840000,12,0,0,12
15860000,12,0,0,12
15880000,12,0,0,12
15900000,12,0,0,12
15920000,12,0,0,12
15940000,12,0,0,12
15960000,12,0,0,12
15980000,12,0,0,12
16000000,12,0,0,12
16020000,12,0,0,12
16040000,12,0,0,12
16060000,12,0,0,12
16080000,12,0,0,12
16100000,12,0,0,12
16120000,12,0,0,12
16140000,12,0,0,12
16160000,12,0,0,12
16180000,12,0,0,12
16200000,12,0,0,12
16220000,12,0,0,12
16240000,12,0,0,12
16260000,12,0,0,12
16280000,12,0,0,12
16300000,12,0,0,12
16320000,12,0,0,12
16340000,12,0,0,12
16360000,12,0,0,12
16380000,12,0,0,12
16400000,12,0,0,12
16420000,12,0,0,12
16440000,12,0,0,12
16460000,12,0,0,12
16480000,12,0,0,12
16500000,12,0,0,12
16520000,12,0,0,12
16540000,12,0,0,12
16560000,12,0,0,12
16580000,12,0,0,12
16600000,12,0,0,12
16620000,12,0,0,12
16640000,12,0,0,12
16660000,12,0,0,12
16680000,12,0,0,12
16700000,12,0,0,12
16720000,12,0,0,12
16740000,12,0,0,12
16760000,12,0,0,12
16780000,12,0,0,12
16800000,12,0,0,12
16817599,12,1,0,11
16820000,11,0,0,11
16840000,11,0,0,11
16860000,11,0,0,11
16880000,11,0,0,11
16900000,11,0,0,11
16920000,11,0,0,11
16940000,11,0,0,11
16960000,11,0,0,11
16980000,11,0,0,11
17000000,11,0,0,11
17020000,11,0,0,11
17040000,11,0,0,11
17060000,11,0,0,11
17080000,11,0,0,11
17100000,11,0,0,11
17120000,11,0,0,11
17140000,11,0,0,11
17160000,11,0,0,11
17180000,11,0,0,11
17200000,11,0,0,11
17220000,11,0,0,11
17240000,11,0,0,11
17260000,11,0,0,11
17280000,11,0,0,11
17300000,11,0,0,11
17320000,11,0,0,11
17340000,11,0,0,11
17360000,11,0,0,11
17380000,11,0,0,11
17400000,11,0,0,11
17420000,11,0,0,11
17440000,11,0,0,11
17460000,11,0,0,11
17480000,11,0,0,11
17500000,11,0,0,11
17520000,11,0,0,11
17540000,11,0,0,11
17560000,11,0,0,11
17580000,11,0,0,11
17600000,11,0,0,11
17620000,11,0,0,11
17640000,11,0,0,11
17660000,11,0,0,11
17680000,11,0,0,11
17700000,11,0,0,11
17720000,11,0,0,11
17740000,11,0,0,11
17760000,11,0,0,11
17780000,11,0,0,11
17800000,11,0,0,11
17820000,11,0,0,11
17840000,11,0,0,11
17844449,11,1,0,10
17860000,10,0,0,10
17880000,10,0,0,10
17900000,10,0,0,10
17920000,10,0,0,10
17940000,10,0,0,10
17960000,10,0,0,10
17980000,10,0,0,10
18000000,10,0,0,10
18020000,10,0,0,10
18040000,10,0,0,10
18060000,10,0,0,10
18080000,10,0,0,10
18100000,10,0,0,10
18120000,10,0,0,10
18140000,10,0,0,10
18160000,10,0,0,10
18180000,10,0,0,10
18200000,10,0,0,10
18220000,10,0,0,10
18240000,10,0,0,10
18260000,10,0,0,10
18280000,10,0,0,10
18300000,10,0,0,10
18320000,10,0,0,10
18340000,10,0,0,10
18360000,10,0,0,10
18380000,10,0,0,10
18400000,10,0,0,10
18420000,10,0,0,10
18440000,10,0,0,10
18460000,10,0,0,10
18480000,10,0,0,10
18500000,10,0,0,10
18520000,10,0,0,10
18540000,10,0,0,10
18560000,10,0,0,10
18580000,10,0,0,10
18600000,10,0,0,10
18620000,10,0,0,10
18640000,10,0,0,10
18660000,10,0,0,10
18680000,10,0,0,10
18700000,10,0,0,10
18720000,10,0,0,10
18740000,10,0,0,10
18760000,10,0,0,10
18780000,10,0,0,10
18800000,10,0,0,10
18820000,10,0,0,10
18840000,10,0,0,10
18860000,10,0,0,10
18880000,10,0,0,10
18900000,10,0,0,10
18920000,10,0,0,10
18940000,10,0,0,10
18960000,10,0,0,10
18980000,10,0,0,10
19000000,10,0,0,10
19020000,10,0,0,10
19040000,10,0,0,10
19060000,10,0,0,10
19080000,10,0,0,10
19100000,10,0,0,10
19120000,10,0,0,10
19140000,10,0,0,10
19160000,10,0,0,10
19180000,10,0,0,10
19200000,10,0,0,10
19220000,10,0,0,10
19240000,10,0,0,10
19260000,10,0,0,10
19280000,10,0,0,10
19300000,10,0,0,10
19320000,10,0,0,10
19340000,10,0,0,10
19360000,10,0,0,10
19380000,10,0,0,10
19400000,10,0,0,10
19420000,10,0,0,10
19440000,10,0,0,10
19460000,10,0,0,10
19480000,10,0,0,10
19500000,10,0,0,10
19520000,10,0,0,10
19540000,10,0,0,10
19560000,10,0,0,10
19580000,10,0,0,10
19600000,10,0,0,10
19620000,10,0,0,10
19640000,10,0,0,10
19660000,10,0,0,10
19680000,10,0,0,10
19700000,10,0,0,10
19720000,10,0,0,10
19740000,10,0,0,10
19760000,10,0,0,10
19780000,10,0,0,10
19800000,10,0,0,10
19820000,10,0,0,10
19840000,10,0,0,10
19860000,10,0,0,10
19880000,10,0,0,10
19900000,10,0,0,10
19920000,10,0,0,10
19940000,10,0,0,10
19960000,10,0,0,10
19980000,10,0,0,10
20000000,10,0,0,10
20020000,10,0,0,10
20040000,10,0,0,10
20060000,10,0,0,10
20080000,10,0,0,10
20100000,10,0,0,10
20120000,10,0,0,10
20140000,10,0,0,10
20160000,10,0,0,10
20180000,10,0,0,10
20200000,10,0,0,10
20220000,10,0,0,10
20240000,10,0,0,10
20260000,10,0,0,10
20280000,10,0,0,10
20300000,10,0,0,10
20320000,10,0,0,10
20340000,10,0,0,10
20360000,10,0,0,10
20380000,10,0,0,10
20400000,10,0,0,10
20420000,10,0,0,10
20440000,10,0,0,10
20460000,10,0,0,10
20480000,10,0,0,10
20500000,10,0,0,10
20520000,10,0,0,10
20540000,10,0,0,10
20560000,10,0,0,10
20580000,10,0,0,10
20600000,10,0,0,10
20620000,10,0,0,10
20640000,10,0,0,10
20660000,10,0,0,10
20680000,10,0,0,10
20700000,10,0,0,10
20720000,10,0,0,10
20740000,10,0,0,10
20760000,10,0,0,10
20780000,10,0,0,10
20800000,10,0,0,10
20820000,10,0,0,10
20840000,10,0,0,10
20860000,10,0,0,10
20880000,10,0,0,10
20900000,10,0,0,10
20920000,10,0,0,10
20940000,10,0,0,10
20960000,10,0,0,10
20980000,10,0,0,10
21000000,10,0,0,10
21020000,10,0,0,10
21040000,10,0,0,10
21060000,10,0,0,10
21080000,10,0,0,10
21100000,10,0,0,10
21120000,10,0,0,10
21140000,10,0,0,10
21160000,10,0,0,10
21180000,10,0,0,10
21200000,10,0,0,10
21220000,10,0,0,10
21240000,10,0,0,10
21260000,10,0,0,10
21280000,10,0,0,10
21300000,10,0,0,10
21320000,10,0,0,10
21340000,10,0,0,10
21360000,10,0,0,10
21380000,10,0,0,10
21400000,10,0,0,10
21420000,10,0,0,10
21440000,10,0,0,10
21460000,10,0,0,10
21480000,10,0,0,10
21500000,10,0,0,10
21520000,10,0,0,10
21540000,10,0,0,10
21560000,10,0,0,10
21580000,10,0,0,10
21600000,10,0,0,10
21620000,10,0,0,10
21640000,10,0,0,10
21654679,10,1,0,9
21660000,9,0,0,9
21680000,9,0,0,9
21700000,9,0,0,9
21720000,9,0,0,9
21740000,9,0,0,9
21760000,9,0,0,9
21780000,9,0,0,9
21800000,9,0,0,9
21820000,9,0,0,9
21840000,9,0,0,9
21860000,9,0,0,9
21880000,9,0,0,9
21892247,9,1,0,8
21900000,8,0,0,8
21920000,8,0,0,8
21940000,8,0,0,8
21960000,8,0,0,8
21980000,8,0,0,8
22000000,8,0,0,8
22020000,8,0,0,8
22040000,8,0,0,8
22060000,8,0,0,8
22080000,8,0,0,8
22100000,8,0,0,8
22120000,8,0,0,8
22140000,8,0,0,8
22160000,8,0,0,8
22180000,8,0,0,8
22200000,8,0,0,8
22220000,8,0,0,8
22240000,8,0,0,8
22260000,8,0,0,8
22280000,8,0,0,8
22300000,8,0,0,8
22320000,8,0,0,8
22340000,8,0,0,8
22360000,8,0,0,8
22380000,8,0,0,8
22400000,8,0,0,8
22420000,8,0,0,8
22440000,8,0,0,8
22460000,8,0,0,8
22480000,8,0,0,8
22500000,8,0,0,8
22520000,8,0,0,8
22540000,8,0,0,8
22560000,8,0,0,8
22580000,8,0,0,8
22600000,8,0,0,8
22620000,8,0,0,8
22640000,8,0,0,8
22660000,8,0,0,8
22680000,8,0,0,8
22700000,8,0,0,8
22720000,8,0,0,8
22740000,8,0,0,8
22760000,8,0,0,8
22780000,8,0,0,8
22800000,8,0,0,8
22820000,8,0,0,8
22840000,8,0,0,8
22860000,8,0,0,8
22880000,8,0,0,8
22900000,8,0,0,8
22920000,8,0,0,8
22940000,8,0,0,8
22960000,8,0,0,8
22980000,8,0,0,8
23000000,8,0,0,8
23020000,8,0,0,8
23040000,8,0,0,8
23060000,8,0,0,8
23080000,8,0,0,8
23100000,8,0,0,8
23120000,8,0,0,8
23140000,8,0,0,8
23160000,8,0,0,8
23180000,8,0,0,8
23200000,8,0,0,8
23220000,8,0,0,8
23240000,8,0,0,8
23260000,8,0,0,8
23280000,8,0,0,8
23300000,8,0,0,8
23320000,8,0,0,8
23340000,8,0,0,8
23360000,8,0,0,8
23380000,8,0,0,8
23400000,8,0,0,8
23420000,8,0,0,8
23440000,8,0,0,8
23460000,8,0,0,8
23480000,8,0,0,8
23500000,8,0,0,8
23520000,8,0,0,8
23540000,8,0,0,8
23560000,8,0,0,8
23580000,8,0,0,8
23600000,8,0,0,8
23620000,8,0,0,8
23640000,8,0,0,8
23660000,8,0,0,8
23680000,8,0,0,8
23700000,8,0,0,8
23720000,8,0,0,8
23740000,8,0,0,8
23760000,8,0,0,8
23780000,8,0,0,8
23800000,8,0,0,8
23820000,8,0,0,8
23840000,8,0,0,8
23860000,8,0,0,8
23880000,8,0,0,8
23900000,8,0,0,8
23920000,8,0,0,8
23940000,8,0,0,8
23960000,8,0,0,8
23980000,8,0,0,8
24000000,8,0,0,8
24020000,8,0,0,8
24040000,8,0,0,8
24060000,8,0,0,8
24080000,8,0,0,8
24100000,8,0,0,8
24120000,8,0,0,8
24140000,8,0,0,8
24160000,8,0,0,8
24180000,8,0,0,8
24200000,8,0,0,8
24220000,8,0,0,8
24235501,8,1,0,7
24240000,7,0,0,7
24260000,7,0,0,7
24280000,7,0,0,7
24300000,7,0,0,7
24320000,7,0,0,7
24340000,7,0,0,7
24360000,7,0,0,7
24380000,7,0,0,7
24400000,7,0,0,7
24420000,7,0,0,7
24440000,7,0,0,7
24460000,7,0,0,7
24480000,7,0,0,7
24500000,7,0,0,7
24520000,7,0,0,7
24540000,7,0,0,7
24560000,7,0,0,7
24580000,7,0,0,7
24600000,7,0,0,7
24620000,7,0,0,7
24640000,7,0,0,7
24660000,7,0,0,7
24680000,7,0,0,7
24700000,7,0,0,7
24720000,7,0,0,7
24740000,7,0,0,7
24760000,7,0,0,7
24780000,7,0,0,7
24800000,7,0,0,7
24820000,7,0,0,7
24840000,7,0,0,7
24860000,7,0,0,7
24880000,7,0,0,7
24900000,7,0,0,7
24920000,7,0,0,7
24940000,7,0,0,7
24960000,7,0,0,7
24980000,7,0,0,7
25000000,7,0,0,7
25020000,7,0,0,7
25040000,7,0,0,7
25060000,7,0,0,7
25080000,7,0,0,7
25100000,7,0,0,7
25120000,7,0,0,7
25140000,7,0,0,7
25160000,7,0,0,7
25180000,7,0,0,7
25200000,7,0,0,7
25220000,7,0,0,7
25240000,7,0,0,7
25260000,7,0,0,7
25280000,7,0,0,7
25300000,7,0,0,7
25320000,7,0,0,7
25340000,7,0,0,7
25360000,7,0,0,7
25380000,7,0,0,7
25400000,7,0,0,7
25420000,7,0,0,7
25440000,7,0,0,7
25460000,7,0,0,7
25480000,7,0,0,7
25500000,7,0,0,7
25520000,7,0,0,7
25540000,7,0,0,7
25560000,7,0,0,7
25580000,7,0,0,7
25600000,7,0,0,7
25620000,7,0,0,7
25640000,7,0,0,7
25660000,7,0,0,7
25680000,7,0,0,7
25700000,7,0,0,7
25720000,7,0,0,7
25740000,7,0,0,7
25760000,7,0,0,7
25780000,7,0,0,7
25800000,7,0,0,7
25820000,7,0,0,7
25840000,7,0,0,7
25860000,7,0,0,7
25880000,7,0,0,7
25900000,7,0,0,7
25920000,7,0,0,7
25940000,7,0,0,7
25960000,7,0,0,7
25980000,7,0,0,7
26000000,7,0,0,7
26020000,7,0,0,7
26040000,7,0,0,7
26060000,7,0,0,7
26080000,7,0,0,7
26100000,7,0,0,7
26120000,7,0,0,7
26140000,7,0,0,7
26160000,7,0,0,7
26180000,7,0,0,7
26200000,7,0,0,7
26220000,7,0,0,7
26240000,7,0,0,7
26260000,7,0,0,7
26280000,7,0,0,7
26300000,7,0,0,7
26320000,7,0,0,7
26340000,7,0,0,7
26360000,7,0,0,7
26380000,7,0,0,7
26400000,7,0,0,7
26420000,7,0,0,7
26440000,7,0,0,7
26460000,7,0,0,7
26480000,7,0,0,7
26500000,7,0,0,7
26520000,7,0,0,7
26540000,7,0,0,7
26560000,7,0,0,7
26580000,7,0,0,7
26600000,7,0,0,7
26620000,7,0,0,7
26640000,7,0,0,7
26660000,7,0,0,7
26680000,7,0,0,7
26700000,7,0,0,7
26720000,7,0,0,7
26740000,7,0,0,7
26760000,7,0,0,7
26780000,7,0,0,7
26800000,7,0,0,7
26820000,7,0,0,7
26840000,7,0,0,7
26860000,7,0,0,7
26880000,7,0,0,7
26900000,7,0,0,7
26920000,7,0,0,7
26940000,7,0,0,7
26960000,7,0,0,7
26980000,7,0,0,7
27000000,7,0,0,7
27020000,7,0,0,7
27040000,7,0,0,7
27060000,7,0,0,7
27080000,7,0,0,7
27100000,7,0,0,7
27120000,7,0,0,7
27140000,7,0,0,7
27160000,7,0,0,7
27180000,7,0,0,7
27200000,7,0,0,7
27220000,7,0,0,7
27240000,7,0,0,7
27260000,7,0,0,7
27280000,7,0,0,7
27300000,7,0,0,7
27320000,7,0,0,7
27340000,7,0,0,7
27360000,7,0,0,7
27380000,7,0,0,7
27400000,7,0,0,7
27420000,7,0,0,7
27440000,7,0,0,7
27460000,7,0,0,7
27480000,7,0,0,7
27500000,7,0,0,7
27520000,7,0,0,7
27540000,7,0,0,7
27560000,7,0,0,7
27580000,7,0,0,7
27600000,7,0,0,7
27620000,7,0,0,7
27640000,7,0,0,7
27660000,7,0,0,7
27680000,7,0,0,7
27700000,7,0,0,7
27720000,7,0,0,7
27740000,7,0,0,7
27760000,7,0,0,7
27780000,7,0,0,7
27800000,7,0,0,7
27820000,7,0,0,7
27840000,7,0,0,7
27860000,7,0,0,7
27880000,7,0,0,7
27900000,7,0,0,7
27920000,7,0,0,7
27940000,7,0,0,7
27960000,7,0,0,7
27980000,7,0,0,7
28000000,7,0,0,7
28020000,7,0,0,7
28040000,7,0,0,7
28060000,7,0,0,7
28080000,7,0,0,7
28100000,7,0,0,7
28120000,7,0,0,7
28140000,7,0,0,7
28160000,7,0,0,7
28180000,7,0,0,7
28200000,7,0,0,7
28220000,7,0,0,7
28240000,7,0,0,7
28260000,7,0,0,7
28280000,7,0,0,7
28300000,7,0,0,7
28320000,7,0,0,7
28340000,7,0,0,7
28360000,7,0,0,7
28380000,7,0,0,7
28400000,7,0,0,7
28420000,7,0,0,7
28440000,7,0,0,7
28460000,7,0,0,7
28480000,7,0,0,7
28500000,7,0,0,7
28520000,7,0,0,7
28540000,7,0,0,7
28560000,7,0,0,7
28580000,7,0,0,7
28600000,7,0,0,7
28620000,7,0,0,7
28640000,7,0,0,7
28660000,7,0,0,7
28680000,7,0,0,7
28700000,7,0,0,7
28720000,7,0,0,7
28740000,7,0,0,7
28760000,7,0,0,7
28780000,7,0,0,7
28800000,7,0,0,7
28820000,7,0,0,7
28840000,7,0,0,7
28860000,7,0,0,7
28880000,7,0,0,7
28900000,7,0,0,7
28920000,7,0,0,7
28940000,7,0,0,7
28960000,7,0,0,7
28980000,7,0,0,7
29000000,7,0,0,7
29020000,7,0,0,7
29040000,7,0,0,7
29060000,7,0,0,7
29080000,7,0,0,7
29100000,7,0,0,7
29120000,7,0,0,7
29140000,7,0,0,7
29160000,7,0,0,7
29180000,7,0,0,7
29200000,7,0,0,7
29220000,7,0,0,7
29240000,7,0,0,7
29260000,7,0,0,7
29280000,7,0,0,7
29300000,7,0,0,7
29320000,7,0,0,7
29340000,7,0,0,7
29360000,7,0,0,7
29380000,7,0,0,7
29400000,7,0,0,7
29420000,7,0,0,7
29440000,7,0,0,7
29460000,7,0,0,7
29480000,7,0,0,7
29500000,7,0,0,7
29520000,7,0,0,7
29540000,7,0,0,7
29560000,7,0,0,7
29580000,7,0,0,7
29600000,7,0,0,7
29620000,7,0,0,7
29640000,7,0,0,7
29660000,7,0,0,7
29680000,7,0,0,7
29700000,7,0,0,7
29720000,7,0,0,7
29740000,7,0,0,7
29760000,7,0,0,7
29780000,7,0,0,7
29800000,7,0,0,7
29820000,7,0,0,7
29840000,7,0,0,7
29860000,7,0,0,7
29880000,7,0,0,7
29900000,7,0,0,7
29920000,7,0,0,7
29940000,7,0,0,7
29960000,7,0,0,7
29980000,7,0,0,7
30000000,7,0,0,7
30020000,7,0,0,7
30040000,7,0,0,7
30060000,7,0,0,7
30080000,7,0,0,7
30100000,7,0,0,7
30120000,7,0,0,7
30140000,7,0,0,7
30160000,7,0,0,7
30180000,7,0,0,7
30200000,7,0,0,7
30220000,7,0,0,7
30240000,7,0,0,7
30260000,7,0,0,7
30280000,7,0,0,7
30300000,7,0,0,7
30320000,7,0,0,7
30340000,7,0,0,7
30360000,7,0,0,7
30380000,7,0,0,7
30400000,7,0,0,7
30420000,7,0,0,7
30440000,7,0,0,7
30460000,7,0,0,7
30480000,7,0,0,7
30500000,7,0,0,7
30520000,7,0,0,7
30540000,7,0,0,7
30560000,7,0,0,7
30580000,7,0,0,7
30600000,7,0,0,7
30620000,7,0,0,7
30640000,7,0,0,7
30660000,7,0,0,7
30680000,7,0,0,7
30700000,7,0,0,7
30720000,7,0,0,7
30740000,7,0,0,7
30760000,7,0,0,7
30780000,7,0,0,7
30800000,7,0,0,7
30820000,7,0,0,7
30840000,7,0,0,7
30860000,7,0,0,7
30880000,7,0,0,7
30900000,7,0,0,7
30920000,7,0,0,7
30940000,7,0,0,7
30960000,7,0,0,7
30980000,7,0,0,7
31000000,7,0,0,7
31020000,7,0,0,7
31040000,7,0,0,7
31060000,7,0,0,7
31080000,7,0,0,7
31100000,7,0,0,7
31120000,7,0,0,7
31140000,7,0,0,7
31160000,7,0,0,7
31180000,7,0,0,7
31200000,7,0,0,7
31220000,7,0,0,7
31240000,7,0,0,7
31260000,7,0,0,7
31280000,7,0,0,7
31300000,7,0,0,7
31320000,7,0,0,7
31340000,7,0,0,7
31360000,7,0,0,7
31380000,7,0,0,7
31400000,7,0,0,7
31420000,7,0,0,7
31440000,7,0,0,7
31460000,7,0,0,7
31480000,7,0,0,7
31500000,7,0,0,7
31520000,7,0,0,7
31540000,7,0,0,7
31560000,7,0,0,7
31580000,7,0,0,7
31600000,7,0,0,7
31620000,7,0,0,7
31640000,7,0,0,7
31660000,7,0,0,7
31680000,7,0,0,7
31700000,7,0,0,7
31720000,7,0,0,7
31740000,7,0,0,7
31760000,7,0,0,7
31780000,7,0,0,7
31800000,7,0,0,7
31820000,7,0,0,7
31840000,7,0,0,7
31860000,7,0,0,7
31880000,7,0,0,7
31900000,7,0,0,7
31920000,7,0,0,7
31940000,7,0,0,7
31960000,7,0,0,7
31980000,7,0,0,7
32000000,7,0,0,7
32020000,7,0,0,7
32040000,7,0,0,7
32060000,7,0,0,7
32080000,7,0,0,7
32100000,7,0,0,7
32120000,7,0,0,7
32140000,7,0,0,7
32160000,7,0,0,7
32180000,7,0,0,7
32200000,7,0,0,7
32220000,7,0,0,7
32240000,7,0,0,7
32260000,7,0,0,7
32280000,7,0,0,7
32300000,7,0,0,7
32320000,7,0,0,7
32340000,7,0,0,7
32360000,7,0,0,7
32380000,7,0,0,7
32400000,7,0,0,7
32420000,7,0,0,7
32440000,7,0,0,7
32460000,7,0,0,7
32480000,7,0,0,7
32500000,7,0,0,7
32520000,7,0,0,7
32540000,7,0,0,7
32560000,7,0,0,7
32580000,7,0,0,7
32600000,7,0,0,7
32620000,7,0,0,7
32640000,7,0,0,7
32660000,7,0,0,7
32680000,7,0,0,7
32700000,7,0,0,7
32720000,7,0,0,7
32740000,7,0,0,7
32760000,7,0,0,7
32780000,7,0,0,7
32800000,7,0,0,7
32820000,7,0,0,7
32840000,7,0,0,7
32860000,7,0,0,7
32880000,7,0,0,7
32900000,7,0,0,7
32920000,7,0,0,7
32940000,7,0,0,7
32960000,7,0,0,7
32980000,7,0,0,7
33000000,7,0,0,7
33020000,7,0,0,7
33040000,7,0,0,7
33060000,7,0,0,7
33080000,7,0,0,7
33100000,7,0,0,7
33120000,7,0,0,7
33140000,7,0,0,7
33160000,7,0,0,7
33180000,7,0,0,7
33200000,7,0,0,7
33220000,7,0,0,7
33240000,7,0,0,7
33260000,7,0,0,7
33280000,7,0,0,7
33300000,7,0,0,7
33320000,7,0,0,7
33340000,7,0,0,7
33360000,7,0,0,7
33380000,7,0,0,7
33400000,7,0,0,7
33420000,7,0,0,7
33440000,7,0,0,7
33460000,7,0,0,7
33480000,7,0,0,7
33500000,7,0,0,7
33520000,7,0,0,7
33540000,7,0,0,7
33560000,7,0,0,7
33580000,7,0,0,7
33600000,7,0,0,7
33620000,7,0,0,7
33640000,7,0,0,7
33660000,7,0,0,7
33680000,7,0,0,7
33700000,7,0,0,7
33720000,7,0,0,7
33740000,7,0,0,7
33760000,7,0,0,7
33780000,7,0,0,7
33800000,7,0,0,7
33820000,7,0,0,7
33840000,7,0,0,7
33860000,7,0,0,7
33880000,7,0,0,7
33900000,7,0,0,7
33920000,7,0,0,7
33940000,7,0,0,7
33960000,7,0,0,7
33980000,7,0,0,7
34000000,7,0,0,7
34020000,7,0,0,7
34040000,7,0,0,7
34060000,7,0,0,7
34080000,7,0,0,7
34100000,7,0,0,7
34120000,7,0,0,7
34140000,7,0,0,7
34160000,7,0,0,7
34180000,7,0,0,7
34200000,7,0,0,7
34220000,7,0,0,7
34240000,7,0,0,7
34260000,7,0,0,7
34280000,7,0,0,7
34300000,7,0,0,7
34320000,7,0,0,7
34340000,7,0,0,7
34360000,7,0,0,7
34380000,7,0,0,7
34400000,7,0,0,7
34420000,7,0,0,7
34440000,7,0,0,7
34460000,7,0,0,7
34480000,7,0,0,7
34500000,7,0,0,7
34520000,7,0,0,7
34540000,7,0,0,7
34560000,7,0,0,7
34580000,7,0,0,7
34600000,7,0,0,7
34620000,7,0,0,7
34640000,7,0,0,7
34660000,7,0,0,7
34680000,7,0,0,7
34700000,7,0,0,7
34720000,7,0,0,7
34740000,7,0,0,7
34760000,7,0,0,7
34780000,7,0,0,7
34800000,7,0,0,7
34820000,7,0,0,7
34840000,7,0,0,7
34860000,7,0,0,7
34880000,7,0,0,7
34900000,7,0,0,7
34920000,7,0,0,7
34940000,7,0,0,7
34960000,7,0,0,7
34980000,7,0,0,7
35000000,7,0,0,7
35020000,7,0,0,7
35040000,7,0,0,7
35060000,7,0,0,7
35080000,7,0,0,7
35100000,7,0,0,7
35120000,7,0,0,7
35140000,7,0,0,7
35160000,7,0,0,7
35180000,7,0,0,7
35200000,7,0,0,7
35220000,7,0,0,7
35240000,7,0,0,7
35260000,7,0,0,7
35280000,7,0,0,7
35300000,7,0,0,7
35320000,7,0,0,7
35340000,7,0,0,7
35360000,7,0,0,7
35380000,7,0,0,7
35400000,7,0,0,7
35420000,7,0,0,7
35440000,7,0,0,7
35460000,7,0,0,7
35480000,7,0,0,7
35500000,7,0,0,7
35520000,7,0,0,7
35540000,7,0,0,7
35560000,7,0,0,7
35580000,7,0,0,7
35600000,7,0,0,7
35620000,7,0,0,7
35640000,7,0,0,7
35660000,7,0,0,7
35680000,7,0,0,7
35700000,7,0,0,7
35720000,7,0,0,7
35740000,7,0,0,7
35760000,7,0,0,7
35780000,7,0,0,7
35800000,7,0,0,7
35820000,7,0,0,7
35840000,7,0,0,7
35860000,7,0,0,7
35880000,7,0,0,7
35900000,7,0,0,7
35920000,7,0,0,7
35940000,7,0,0,7
35960000,7,0,0,7
35980000,7,0,0,7
36000000,7,0,0,7
36020000,7,0,0,7
36040000,7,0,0,7
36060000,7,0,0,7
36080000,7,0,0,7
36100000,7,0,0,7
36120000,7,0,0,7
36140000,7,0,0,7
36160000,7,0,0,7
36180000,7,0,0,7
36200000,7,0,0,7
36220000,7,0,0,7
36240000,7,0,0,7
36260000,7,0,0,7
36280000,7,0,0,7
36300000,7,0,0,7
36320000,7,0,0,7
36340000,7,0,0,7
36360000,7,0,0,7
36380000,7,0,0,7
36400000,7,0,0,7
36420000,7,0,0,7
36440000,7,0,0,7
36460000,7,0,0,7
36480000,7,0,0,7
36500000,7,0,0,7
36520000,7,0,0,7
36540000,7,0,0,7
36560000,7,0,0,7
36580000,7,0,0,7
36600000,7,0,0,7
36620000,7,0,0,7
36640000,7,0,0,7
36660000,7,0,0,7
36680000,7,0,0,7
36700000,7,0,0,7
36720000,7,0,0,7
36740000,7,0,0,7
36760000,7,0,0,7
36780000,7,0,0,7
36800000,7,0,0,7
36820000,7,0,0,7
36840000,7,0,0,7
36860000,7,0,0,7
36880000,7,0,0,7
36900000,7,0,0,7
36920000,7,0,0,7
36940000,7,0,0,7
36960000,7,0,0,7
36980000,7,0,0,7
37000000,7,0,0,7
37020000,7,0,0,7
37040000,7,0,0,7
37060000,7,0,0,7
37080000,7,0,0,7
37100000,7,0,0,7
37120000,7,0,0,7
37140000,7,0,0,7
37160000,7,0,0,7
37180000,7,0,0,7
37200000,7,0,0,7
37220000,7,0,0,7
37240000,7,0,0,7
37260000,7,0,0,7
37280000,7,0,0,7
37300000,7,0,0,7
37320000,7,0,0,7
37340000,7,0,0,7
37360000,7,0,0,7
37380000,7,0,0,7
37400000,7,0,0,7
37420000,7,0,0,7
37440000,7,0,0,7
37460000,7,0,0,7
37480000,7,0,0,7
37500000,7,0,0,7
37520000,7,0,0,7
37540000,7,0,0,7
37560000,7,0,0,7
37580000,7,0,0,7
37600000,7,0,0,7
37620000,7,0,0,7
37640000,7,0,0,7
37660000,7,0,0,7
37680000,7,0,0,7
37700000,7,0,0,7
37720000,7,0,0,7
37740000,7,0,0,7
37760000,7,0,0,7
37780000,7,0,0,7
37800000,7,0,0,7
37820000,7,0,0,7
37840000,7,0,0,7
37860000,7,0,0,7
37880000,7,0,0,7
37900000,7,0,0,7
37920000,7,0,0,7
37940000,7,0,0,7
37960000,7,0,0,7
37980000,7,0,0,7
38000000,7,0,0,7
38020000,7,0,0,7
38040000,7,0,0,7
38060000,7,0,0,7
38080000,7,0,0,7
38100000,7,0,0,7
38120000,7,0,0,7
38140000,7,0,0,7
38160000,7,0,0,7
38180000,7,0,0,7
38200000,7,0,0,7
38220000,7,0,0,7
38240000,7,0,0,7
38260000,7,0,0,7
38280000,7,0,0,7
38300000,7,0,0,7
38320000,7,0,0,7
38340000,7,0,0,7
38360000,7,0,0,7
38380000,7,0,0,7
38400000,7,0,0,7
38420000,7,0,0,7
38440000,7,0,0,7
38460000,7,0,0,7
38480000,7,0,0,7
38500000,7,0,0,7
38520000,7,0,0,7
38540000,7,0,0,7
38560000,7,0,0,7
38580000,7,0,0,7
38600000,7,0,0,7
38620000,7,0,0,7
38640000,7,0,0,7
38660000,7,0,0,7
38680000,7,0,0,7
38700000,7,0,0,7
38720000,7,0,0,7
38740000,7,0,0,7
38760000,7,0,0,7
38780000,7,0,0,7
38800000,7,0,0,7
38820000,7,0,0,7
38840000,7,0,0,7
38860000,7,0,0,7
38880000,7,0,0,7
38900000,7,0,0,7
38920000,7,0,0,7
38940000,7,0,0,7
38960000,7,0,0,7
38980000,7,0,0,7
39000000,7,0,0,7
39020000,7,0,0,7
39040000,7,0,0,7
39060000,7,0,0,7
39080000,7,0,0,7
39100000,7,0,0,7
39120000,7,0,0,7
39140000,7,0,0,7
39160000,7,0,0,7
39180000,7,0,0,7
39200000,7,0,0,7
39220000,7,0,0,7
39240000,7,0,0,7
39260000,7,0,0,7
39280000,7,0,0,7
39300000,7,0,0,7
39320000,7,0,0,7
39340000,7,0,0,7
39360000,7,0,0,7
39380000,7,0,0,7
39400000,7,0,0,7
39420000,7,0,0,7
39440000,7,0,0,7
39460000,7,0,0,7
39480000,7,0,0,7
39500000,7,0,0,7
39520000,7,0,0,7
39540000,7,0,0,7
39560000,7,0,0,7
39580000,7,0,0,7
39600000,7,0,0,7
39620000,7,0,0,7
39640000,7,0,0,7
39660000,7,0,0,7
39680000,7,0,0,7
39700000,7,0,0,7
39720000,7,0,0,7
39740000,7,0,0,7
39760000,7,0,0,7
39780000,7,0,0,7
39800000,7,0,0,7
39820000,7,0,0,7
39840000,7,0,0,7
39860000,7,0,0,7
39880000,7,0,0,7
39900000,7,0,0,7
39920000,7,0,0,7
39940000,7,0,0,7
39960000,7,0,0,7
39980000,7,0,0,7
40000000,7,0,0,7
40020000,7,0,0,7
40040000,7,0,0,7
40060000,7,0,0,7
40080000,7,0,0,7
40100000,7,0,0,7
40120000,7,0,0,7
40140000,7,0,0,7
40160000,7,0,0,7
40180000,7,0,0,7
40200000,7,0,0,7
40220000,7,0,0,7
40240000,7,0,0,7
40260000,7,0,0,7
40280000,7,0,0,7
40300000,7,0,0,7
40320000,7,0,0,7
40340000,7,0,0,7
40360000,7,0,0,7
40380000,7,0,0,7
40400000,7,0,0,7
40420000,7,0,0,7
40440000,7,0,0,7
40460000,7,0,0,7
40480000,7,0,0,7
40500000,7,0,0,7
40520000,7,0,0,7
40540000,7,0,0,7
40560000,7,0,0,7
40580000,7,0,0,7
40600000,7,0,0,7
40620000,7,0,0,7
40640000,7,0,0,7
40660000,7,0,0,7
40680000,7,0,0,7
40700000,7,0,0,7
40720000,7,0,0,7
40740000,7,0,0,7
40760000,7,0,0,7
40780000,7,0,0,7
40800000,7,0,0,7
40820000,7,0,0,7
40840000,7,0,0,7
40860000,7,0,0,7
40880000,7,0,0,7
40900000,7,0,0,7
40920000,7,0,0,7
40940000,7,0,0,7
40960000,7,0,0,7
40980000,7,0,0,7
41000000,7,0,0,7
41020000,7,0,0,7
41040000,7,0,0,7
41060000,7,0,0,7
41080000,7,0,0,7
41100000,7,0,0,7
41120000,7,0,0,7
41140000,7,0,0,7
41160000,7,0,0,7
41180000,7,0,0,7
41200000,7,0,0,7
41220000,7,0,0,7
41240000,7,0,0,7
41260000,7,0,0,7
41280000,7,0,0,7
41300000,7,0,0,7
41320000,7,0,0,7
41340000,7,0,0,7
41360000,7,0,0,7
41380000,7,0,0,7
41400000,7,0,0,7
41420000,7,0,0,7
41440000,7,0,0,7
41460000,7,0,0,7
41480000,7,0,0,7
41500000,7,0,0,7
41520000,7,0,0,7
41540000,7,0,0,7
41560000,7,0,0,7
41580000,7,0,0,7
41600000,7,0,0,7
41620000,7,0,0,7
41640000,7,0,0,7
41660000,7,0,0,7
41680000,7,0,0,7
41700000,7,0,0,7
41720000,7,0,0,7
41740000,7,0,0,7
41760000,7,0,0,7
41780000,7,0,0,7
41800000,7,0,0,7
41820000,7,0,0,7
41840000,7,0,0,7
41860000,7,0,0,7
41880000,7,0,0,7
41900000,7,0,0,7
41920000,7,0,0,7
41940000,7,0,0,7
41960000,7,0,0,7
41980000,7,0,0,7
42000000,7,0,0,7
42020000,7,0,0,7
42040000,7,0,0,7
42060000,7,0,0,7
42080000,7,0,0,7
42100000,7,0,0,7
42120000,7,0,0,7
42140000,7,0,0,7
42160000,7,0,0,7
42180000,7,0,0,7
42200000,7,0,0,7
42220000,7,0,0,7
42240000,7,0,0,7
42260000,7,0,0,7
42280000,7,0,0,7
42300000,7,0,0,7
42320000,7,0,0,7
42340000,7,0,0,7
42360000,7,0,0,7
42380000,7,0,0,7
42400000,7,0,0,7
42420000,7,0,0,7
42440000,7,0,0,7
42460000,7,0,0,7
42480000,7,0,0,7
42500000,7,0,0,7
42520000,7,0,0,7
42540000,7,0,0,7
42560000,7,0,0,7
42580000,7,0,0,7
42600000,7,0,0,7
42620000,7,0,0,7
42640000,7,0,0,7
42660000,7,0,0,7
42680000,7,0,0,7
42700000,7,0,0,7
42720000,7,0,0,7
42740000,7,0,0,7
42760000,7,0,0,7
42780000,7,0,0,7
42800000,7,0,0,7
42820000,7,0,0,7
42840000,7,0,0,7
42860000,7,0,0,7
42880000,7,0,0,7
42900000,7,0,0,7
42920000,7,0,0,7
42940000,7,0,0,7
42960000,7,0,0,7
42980000,7,0,0,7
43000000,7,0,0,7
43020000,7,0,0,7
43040000,7,0,0,7
43060000,7,0,0,7
43080000,7,0,0,7
43100000,7,0,0,7
43120000,7,0,0,7
43140000,7,0,0,7
43160000,7,0,0,7
43180000,7,0,0,7
43200000,7,0,0,7
43220000,7,0,0,7
43240000,7,0,0,7
43260000,7,0,0,7
43280000,7,0,0,7
43300000,7,0,0,7
43320000,7,0,0,7
43340000,7,0,0,7
43360000,7,0,0,7
43380000,7,0,0,7
43400000,7,0,0,7
43420000,7,0,0,7
43440000,7,0,0,7
43460000,7,0,0,7
43480000,7,0,0,7
43500000,7,0,0,7
43520000,7,0,0,7
43540000,7,0,0,7
43560000,7,0,0,7
43580000,7,0,0,7
43600000,7,0,0,7
43620000,7,0,0,7
43640000,7,0,0,7
43660000,7,0,0,7
43680000,7,0,0,7
43700000,7,0,0,7
43720000,7,0,0,7
43740000,7,0,0,7
43760000,7,0,0,7
43780000,7,0,0,7
43800000,7,0,0,7
43820000,7,0,0,7
43840000,7,0,0,7
43860000,7,0,0,7
43880000,7,0,0,7
43900000,7,0,0,7
43920000,7,0,0,7
43940000,7,0,0,7
43960000,7,0,0,7
43980000,7,0,0,7
44000000,7,0,0,7
44020000,7,0,0,7
44040000,7,0,0,7
44060000,7,0,0,7
44080000,7,0,0,7
44100000,7,0,0,7
44120000,7,0,0,7
44140000,7,0,0,7
44160000,7,0,0,7
44180000,7,0,0,7
44200000,7,0,0,7
44220000,7,0,0,7
44240000,7,0,0,7
44260000,7,0,0,7
44280000,7,0,0,7
44300000,7,0,0,7
44320000,7,0,0,7
44340000,7,0,0,7
44360000,7,0,0,7
44380000,7,0,0,7
44400000,7,0,0,7
44420000,7,0,0,7
44440000,7,0,0,7
44460000,7,0,0,7
44480000,7,0,0,7
44500000,7,0,0,7
44520000,7,0,0,7
44540000,7,0,0,7
44560000,7,0,0,7
44580000,7,0,0,7
44600000,7,0,0,7
44620000,7,0,0,7
44640000,7,0,0,7
44660000,7,0,0,7
44680000,7,0,0,7
44700000,7,0,0,7
44720000,7,0,0,7
44740000,7,0,0,7
44760000,7,0,0,7
44780000,7,0,0,7
44800000,7,0,0,7
44820000,7,0,0,7
44840000,7,0,0,7
44860000,7,0,0,7
44880000,7,0,0,7
44900000,7,0,0,7
44920000,7,0,0,7
44940000,7,0,0,7
44960000,7,0,0,7
44980000,7,0,0,7
45000000,7,0,0,7
45020000,7,0,0,7
45040000,7,0,0,7
45060000,7,0,0,7
45080000,7,0,0,7
45100000,7,0,0,7
45120000,7,0,0,7
45140000,7,0,0,7
45160000,7,0,0,7
45180000,7,0,0,7
45200000,7,0,0,7
45220000,7,0,0,7
45240000,7,0,0,7
45260000,7,0,0,7
45280000,7,0,0,7
45300000,7,0,0,7
45320000,7,0,0,7
45340000,7,0,0,7
45360000,7,0,0,7
45380000,7,0,0,7
45400000,7,0,0,7
45420000,7,0,0,7
45440000,7,0,0,7
45460000,7,0,0,7
45480000,7,0,0,7
45500000,7,0,0,7
45520000,7,0,0,7
45540000,7,0,0,7
45560000,7,0,0,7
45580000,7,0,0,7
45600000,7,0,0,7
45620000,7,0,0,7
45640000,7,0,0,7
45660000,7,0,0,7
45680000,7,0,0,7
45700000,7,0,0,7
45720000,7,0,0,7
45740000,7,0,0,7
45760000,7,0,0,7
45761407,7,1,0,6
45780000,6,0,0,6
45800000,6,0,0,6
45820000,6,0,0,6
45840000,6,0,0,6
45860000,6,0,0,6
45880000,6,0,0,6
45900000,6,0,0,6
45920000,6,0,0,6
45940000,6,0,0,6
45960000,6,0,0,6
45980000,6,0,0,6
46000000,6,0,0,6
46020000,6,0,0,6
46040000,6,0,0,6
46060000,6,0,0,6
46080000,6,0,0,6
46100000,6,0,0,6
46120000,6,0,0,6
46140000,6,0,0,6
46160000,6,0,0,6
46180000,6,0,0,6
46200000,6,0,0,6
46220000,6,0,0,6
46240000,6,0,0,6
46260000,6,0,0,6
46280000,6,0,0,6
46300000,6,0,0,6
46320000,6,0,0,6
46340000,6,0,0,6
46360000,6,0,0,6
46380000,6,0,0,6
46400000,6,0,0,6
46420000,6,0,0,6
46440000,6,0,0,6
46460000,6,0,0,6
46480000,6,0,0,6
46500000,6,0,0,6
46520000,6,0,0,6
46540000,6,0,0,6
46560000,6,0,0,6
46580000,6,0,0,6
46600000,6,0,0,6
46620000,6,0,0,6
46640000,6,0,0,6
46660000,6,0,0,6
46680000,6,0,0,6
46700000,6,0,0,6
46720000,6,0,0,6
46740000,6,0,0,6
46760000,6,0,0,6
46780000,6,0,0,6
46800000,6,0,0,6
46820000,6,0,0,6
46840000,6,0,0,6
46860000,6,0,0,6
46880000,6,0,0,6
46900000,6,0,0,6
46920000,6,0,0,6
46940000,6,0,0,6
46960000,6,0,0,6
46980000,6,0,0,6
47000000,6,0,0,6
47020000,6,0,0,6
47040000,6,0,0,6
47060000,6,0,0,6
47080000,6,0,0,6
47100000,6,0,0,6
47120000,6,0,0,6
47140000,6,0,0,6
47160000,6,0,0,6
47180000,6,0,0,6
47200000,6,0,0,6
47220000,6,0,0,6
47240000,6,0,0,6
47260000,6,0,0,6
47280000,6,0,0,6
47300000,6,0,0,6
47320000,6,0,0,6
47340000,6,0,0,6
47360000,6,0,0,6
47380000,6,0,0,6
47400000,6,0,0,6
47420000,6,0,0,6
47440000,6,0,0,6
47460000,6,0,0,6
47480000,6,0,0,6
47500000,6,0,0,6
47520000,6,0,0,6
47540000,6,0,0,6
47560000,6,0,0,6
47580000,6,0,0,6
47600000,6,0,0,6
47620000,6,0,0,6
47640000,6,0,0,6
47660000,6,0,0,6
47680000,6,0,0,6
47700000,6,0,0,6
47720000,6,0,0,6
47740000,6,0,0,6
47760000,6,0,0,6
47780000,6,0,0,6
47800000,6,0,0,6
47820000,6,0,0,6
47840000,6,0,0,6
47860000,6,0,0,6
47880000,6,0,0,6
47900000,6,0,0,6
47920000,6,0,0,6
47940000,6,0,0,6
47960000,6,0,0,6
47980000,6,0,0,6
48000000,6,0,0,6
48020000,6,0,0,6
48040000,6,0,0,6
48060000,6,0,0,6
48080000,6,0,0,6
48100000,6,0,0,6
48120000,6,0,0,6
48140000,6,0,0,6
48160000,6,0,0,6
48180000,6,0,0,6
48200000,6,0,0,6
48220000,6,0,0,6
48240000,6,0,0,6
48260000,6,0,0,6
48280000,6,0,0,6
48300000,6,0,0,6
48320000,6,0,0,6
48340000,6,0,0,6
48360000,6,0,0,6
48380000,6,0,0,6
48400000,6,0,0,6
48420000,6,0,0,6
48440000,6,0,0,6
48460000,6,0,0,6
48480000,6,0,0,6
48500000,6,0,0,6
48520000,6,0,0,6
48540000,6,0,0,6
48560000,6,0,0,6
48580000,6,0,0,6
48600000,6,0,0,6
48620000,6,0,0,6
48640000,6,0,0,6
48660000,6,0,0,6
48680000,6,0,0,6
48700000,6,0,0,6
48720000,6,0,0,6
48740000,6,0,0,6
48760000,6,0,0,6
48780000,6,0,0,6
48800000,6,0,0,6
48820000,6,0,0,6
48840000,6,0,0,6
48860000,6,0,0,6
48880000,6,0,0,6
48900000,6,0,0,6
48920000,6,0,0,6
48940000,6,0,0,6
48960000,6,0,0,6
48980000,6,0,0,6
49000000,6,0,0,6
49020000,6,0,0,6
49040000,6,0,0,6
49060000,6,0,0,6
49080000,6,0,0,6
49100000,6,0,0,6
49120000,6,0,0,6
49140000,6,0,0,6
49160000,6,0,0,6
49180000,6,0,0,6
49200000,6,0,0,6
49220000,6,0,0,6
49240000,6,0,0,6
49260000,6,0,0,6
49280000,6,0,0,6
49300000,6,0,0,6
49320000,6,0,0,6
49340000,6,0,0,6
49360000,6,0,0,6
49380000,6,0,0,6
49400000,6,0,0,6
49420000,6,0,0,6
49440000,6,0,0,6
49460000,6,0,0,6
49480000,6,0,0,6
49500000,6,0,0,6
49520000,6,0,0,6
49540000,6,0,0,6
49560000,6,0,0,6
49580000,6,0,0,6
49600000,6,0,0,6
49620000,6,0,0,6
49640000,6,0,0,6
49660000,6,0,0,6
49680000,6,0,0,6
49700000,6,0,0,6
49720000,6,0,0,6
49740000,6,0,0,6
49760000,6,0,0,6
49780000,6,0,0,6
49800000,6,0,0,6
49820000,6,0,0,6
49840000,6,0,0,6
49860000,6,0,0,6
49880000,6,0,0,6
49900000,6,0,0,6
49920000,6,0,0,6
49940000,6,0,0,6
49960000,6,0,0,6
49980000,6,0,0,6
50000000,6,0,0,6
50020000,6,0,0,6
50040000,6,0,0,6
50060000,6,0,0,6
50080000,6,0,0,6
50100000,6,0,0,6
50120000,6,0,0,6
50140000,6,0,0,6
50160000,6,0,0,6
50180000,6,0,0,6
50200000,6,0,0,6
50220000,6,0,0,6
50240000,6,0,0,6
50260000,6,0,0,6
50280000,6,0,0,6
50300000,6,0,0,6
50320000,6,0,0,6
50340000,6,0,0,6
50360000,6,0,0,6
50380000,6,0,0,6
50400000,6,0,0,6
50420000,6,0,0,6
50440000,6,0,0,6
50460000,6,0,0,6
50480000,6,0,0,6
50500000,6,0,0,6
50520000,6,0,0,6
50540000,6,0,0,6
50560000,6,0,0,6
50580000,6,0,0,6
50600000,6,0,0,6
50620000,6,0,0,6
50640000,6,0,0,6
50660000,6,0,0,6
50680000,6,0,0,6
50700000,6,0,0,6
50720000,6,0,0,6
50740000,6,0,0,6
50760000,6,0,0,6
50780000,6,0,0,6
50800000,6,0,0,6
50820000,6,0,0,6
50840000,6,0,0,6
50860000,6,0,0,6
50880000,6,0,0,6
50900000,6,0,0,6
50920000,6,0,0,6
50940000,6,0,0,6
50960000,6,0,0,6
50980000,6,0,0,6
51000000,6,0,0,6
51020000,6,0,0,6
51040000,6,0,0,6
51060000,6,0,0,6
51080000,6,0,0,6
51100000,6,0,0,6
51120000,6,0,0,6
51140000,6,0,0,6
51160000,6,0,0,6
51180000,6,0,0,6
51200000,6,0,0,6
51220000,6,0,0,6
51240000,6,0,0,6
51260000,6,0,0,6
51280000,6,0,0,6
51300000,6,0,0,6
51320000,6,0,0,6
51340000,6,0,0,6
51360000,6,0,0,6
51380000,6,0,0,6
51400000,6,0,0,6
51420000,6,0,0,6
51440000,6,0,0,6
51460000,6,0,0,6
51480000,6,0,0,6
51500000,6,0,0,6
51520000,6,0,0,6
51540000,6,0,0,6
51560000,6,0,0,6
51580000,6,0,0,6
51600000,6,0,0,6
51620000,6,0,0,6
51640000,6,0,0,6
51660000,6,0,0,6
51680000,6,0,0,6
51700000,6,0,0,6
51720000,6,0,0,6
51740000,6,0,0,6
51760000,6,0,0,6
51780000,6,0,0,6
51800000,6,0,0,6
51820000,6,0,0,6
51840000,6,0,0,6
51860000,6,0,0,6
51880000,6,0,0,6
51900000,6,0,0,6
51920000,6,0,0,6
51940000,6,0,0,6
51960000,6,0,0,6
51980000,6,0,0,6
52000000,6,0,0,6
52020000,6,0,0,6
52040000,6,0,0,6
52060000,6,0,0,6
52080000,6,0,0,6
52100000,6,0,0,6
52120000,6,0,0,6
52140000,6,0,0,6
52160000,6,0,0,6
52180000,6,0,0,6
52200000,6,0,0,6
52220000,6,0,0,6
52240000,6,0,0,6
52260000,6,0,0,6
52280000,6,0,0,6
52300000,6,0,0,6
52320000,6,0,0,6
52340000,6,0,0,6
52360000,6,0,0,6
52380000,6,0,0,6
52400000,6,0,0,6
52420000,6,0,0,6
52440000,6,0,0,6
52460000,6,0,0,6
52480000,6,0,0,6
52500000,6,0,0,6
52520000,6,0,0,6
52540000,6,0,0,6
52560000,6,0,0,6
52580000,6,0,0,6
52600000,6,0,0,6
52620000,6,0,0,6
52640000,6,0,0,6
52660000,6,0,0,6
52680000,6,0,0,6
52700000,6,0,0,6
52720000,6,0,0,6
52740000,6,0,0,6
52760000,6,0,0,6
52780000,6,0,0,6
52800000,6,0,0,6
52820000,6,0,0,6
52840000,6,0,0,6
52860000,6,0,0,6
52880000,6,0,0,6
52900000,6,0,0,6
52920000,6,0,0,6
52940000,6,0,0,6
52960000,6,0,0,6
52980000,6,0,0,6
53000000,6,0,0,6
53020000,6,0,0,6
53040000,6,0,0,6
53060000,6,0,0,6
53080000,6,0,0,6
53100000,6,0,0,6
53120000,6,0,0,6
53140000,6,0,0,6
53160000,6,0,0,6
53180000,6,0,0,6
53200000,6,0,0,6
53220000,6,0,0,6
53240000,6,0,0,6
53260000,6,0,0,6
53280000,6,0,0,6
53300000,6,0,0,6
53320000,6,0,0,6
53340000,6,0,0,6
53360000,6,0,0,6
53380000,6,0,0,6
53400000,6,0,0,6
53420000,6,0,0,6
53440000,6,0,0,6
53460000,6,0,0,6
53480000,6,0,0,6
53497613,6,1,0,5
53500000,5,0,0,5
53520000,5,0,0,5
53540000,5,0,0,5
53560000,5,0,0,5
53580000,5,0,0,5
53600000,5,0,0,5
53620000,5,0,0,5
53640000,5,0,0,5
53660000,5,0,0,5
53680000,5,0,0,5
53700000,5,0,0,5
53720000,5,0,0,5
53740000,5,0,0,5
53760000,5,0,0,5
53780000,5,0,0,5
53800000,5,0,0,5
53820000,5,0,0,5
53840000,5,0,0,5
53860000,5,0,0,5
53880000,5,0,0,5
53900000,5,0,0,5
53920000,5,0,0,5
53940000,5,0,0,5
53960000,5,0,0,5
53980000,5,0,0,5
54000000,5,0,0,5
54020000,5,0,0,5
54040000,5,0,0,5
54060000,5,0,0,5
54080000,5,0,0,5
54100000,5,0,0,5
54120000,5,0,0,5
54140000,5,0,0,5
54160000,5,0,0,5
54180000,5,0,0,5
54200000,5,0,0,5
54220000,5,0,0,5
54240000,5,0,0,5
54260000,5,0,0,5
54280000,5,0,0,5
54300000,5,0,0,5
54320000,5,0,0,5
54340000,5,0,0,5
54360000,5,0,0,5
54380000,5,0,0,5
54400000,5,0,0,5
54420000,5,0,0,5
54440000,5,0,0,5
54460000,5,0,0,5
54480000,5,0,0,5
54500000,5,0,0,5
54520000,5,0,0,5
54540000,5,0,0,5
54560000,5,0,0,5
54580000,5,0,0,5
54600000,5,0,0,5
54620000,5,0,0,5
54640000,5,0,0,5
54660000,5,0,0,5
54680000,5,0,0,5
54700000,5,0,0,5
54720000,5,0,0,5
54740000,5,0,0,5
54760000,5,0,0,5
54780000,5,0,0,5
54800000,5,0,0,5
54820000,5,0,0,5
54840000,5,0,0,5
54860000,5,0,0,5
54880000,5,0,0,5
54900000,5,0,0,5
54920000,5,0,0,5
54940000,5,0,0,5
54960000,5,0,0,5
54980000,5,0,0,5
55000000,5,0,0,5
55020000,5,0,0,5
55040000,5,0,0,5
55060000,5,0,0,5
55080000,5,0,0,5
55100000,5,0,0,5
55120000,5,0,0,5
55140000,5,0,0,5
55160000,5,0,0,5
55180000,5,0,0,5
55200000,5,0,0,5
55220000,5,0,0,5
55240000,5,0,0,5
55260000,5,0,0,5
55280000,5,0,0,5
55300000,5,0,0,5
55320000,5,0,0,5
55340000,5,0,0,5
55360000,5,0,0,5
55380000,5,0,0,5
55400000,5,0,0,5
55420000,5,0,0,5
55440000,5,0,0,5
55460000,5,0,0,5
55480000,5,0,0,5
55500000,5,0,0,5
55520000,5,0,0,5
55540000,5,0,0,5
55560000,5,0,0,5
55580000,5,0,0,5
55600000,5,0,0,5
55620000,5,0,0,5
55640000,5,0,0,5
55660000,5,0,0,5
55680000,5,0,0,5
55700000,5,0,0,5
55720000,5,0,0,5
55740000,5,0,0,5
55760000,5,0,0,5
55780000,5,0,0,5
55800000,5,0,0,5
55820000,5,0,0,5
55840000,5,0,0,5
55860000,5,0,0,5
55880000,5,0,0,5
55900000,5,0,0,5
55920000,5,0,0,5
55940000,5,0,0,5
55960000,5,0,0,5
55980000,5,0,0,5
56000000,5,0,0,5
56020000,5,0,0,5
56040000,5,0,0,5
56060000,5,0,0,5
56080000,5,0,0,5
56100000,5,0,0,5
56120000,5,0,0,5
56140000,5,0,0,5
56160000,5,0,0,5
56180000,5,0,0,5
56200000,5,0,0,5
56220000,5,0,0,5
56240000,5,0,0,5
56260000,5,0,0,5
56280000,5,0,0,5
56300000,5,0,0,5
56320000,5,0,0,5
56340000,5,0,0,5
56360000,5,0,0,5
56380000,5,0,0,5
56400000,5,0,0,5
56420000,5,0,0,5
56440000,5,0,0,5
56460000,5,0,0,5
56480000,5,0,0,5
56500000,5,0,0,5
56520000,5,0,0,5
56540000,5,0,0,5
56560000,5,0,0,5
56580000,5,0,0,5
56600000,5,0,0,5
56620000,5,0,0,5
56640000,5,0,0,5
56660000,5,0,0,5
56680000,5,0,0,5
56700000,5,0,0,5
56720000,5,0,0,5
56740000,5,0,0,5
56760000,5,0,0,5
56780000,5,0,0,5
56800000,5,0,0,5
56820000,5,0,0,5
56840000,5,0,0,5
56860000,5,0,0,5
56880000,5,0,0,5
56900000,5,0,0,5
56920000,5,0,0,5
56940000,5,0,0,5
56960000,5,0,0,5
56980000,5,0,0,5
57000000,5,0,0,5
57020000,5,0,0,5
57040000,5,0,0,5
57060000,5,0,0,5
57080000,5,0,0,5
57100000,5,0,0,5
57120000,5,0,0,5
57140000,5,0,0,5
57160000,5,0,0,5
57180000,5,0,0,5
57200000,5,0,0,5
57220000,5,0,0,5
57240000,5,0,0,5
57260000,5,0,0,5
57280000,5,0,0,5
57300000,5,0,0,5
57320000,5,0,0,5
57340000,5,0,0,5
57360000,5,0,0,5
57380000,5,0,0,5
57400000,5,0,0,5
57420000,5,0,0,5
57440000,5,0,0,5
57460000,5,0,0,5
57480000,5,0,0,5
57500000,5,0,0,5
57520000,5,0,0,5
57540000,5,0,0,5
57560000,5,0,0,5
57580000,5,0,0,5
57600000,5,0,0,5
57620000,5,0,0,5
57640000,5,0,0,5
57660000,5,0,0,5
57680000,5,0,0,5
57700000,5,0,0,5
57720000,5,0,0,5
57740000,5,0,0,5
57760000,5,0,0,5
57780000,5,0,0,5
57800000,5,0,0,5
57820000,5,0,0,5
57840000,5,0,0,5
57860000,5,0,0,5
57880000,5,0,0,5
57900000,5,0,0,5
57920000,5,0,0,5
57940000,5,0,0,5
57960000,5,0,0,5
57980000,5,0,0,5
58000000,5,0,0,5
58020000,5,0,0,5
58040000,5,0,0,5
58060000,5,0,0,5
58080000,5,0,0,5
58100000,5,0,0,5
58120000,5,0,0,5
58140000,5,0,0,5
58160000,5,0,0,5
58180000,5,0,0,5
58200000,5,0,0,5
58220000,5,0,0,5
58240000,5,0,0,5
58260000,5,0,0,5
58280000,5,0,0,5
58300000,5,0,0,5
58320000,5,0,0,5
58340000,5,0,0,5
58360000,5,0,0,5
58380000,5,0,0,5
58400000,5,0,0,5
58420000,5,0,0,5
58440000,5,0,0,5
58460000,5,0,0,5
58480000,5,0,0,5
58500000,5,0,0,5
58520000,5,0,0,5
58540000,5,0,0,5
58560000,5,0,0,5
58580000,5,0,0,5
58600000,5,0,0,5
58620000,5,0,0,5
58640000,5,0,0,5
58660000,5,0,0,5
58680000,5,0,0,5
58700000,5,0,0,5
58720000,5,0,0,5
58740000,5,0,0,5
58760000,5,0,0,5
58780000,5,0,0,5
58800000,5,0,0,5
58820000,5,0,0,5
58840000,5,0,0,5
58860000,5,0,0,5
58880000,5,0,0,5
58900000,5,0,0,5
58920000,5,0,0,5
58940000,5,0,0,5
58960000,5,0,0,5
58980000,5,0,0,5
59000000,5,0,0,5
59020000,5,0,0,5
59040000,5,0,0,5
59060000,5,0,0,5
59080000,5,0,0,5
59100000,5,0,0,5
59120000,5,0,0,5
59140000,5,0,0,5
59160000,5,0,0,5
59180000,5,0,0,5
59200000,5,0,0,5
59220000,5,0,0,5
59240000,5,0,0,5
59260000,5,0,0,5
59280000,5,0,0,5
59300000,5,0,0,5
59320000,5,0,0,5
59340000,5,0,0,5
59360000,5,0,0,5
59380000,5,0,0,5
59400000,5,0,0,5
59420000,5,0,0,5
59440000,5,0,0,5
59460000,5,0,0,5
59480000,5,0,0,5
59500000,5,0,0,5
59520000,5,0,0,5
59540000,5,0,0,5
59560000,5,0,0,5
59580000,5,0,0,5
59600000,5,0,0,5
59620000,5,0,0,5
59640000,5,0,0,5
59660000,5,0,0,5
59680000,5,0,0,5
59700000,5,0,0,5
59720000,5,0,0,5
59740000,5,0,0,5
59760000,5,0,0,5
59780000,5,0,0,5
59800000,5,0,0,5
59820000,5,0,0,5
59840000,5,0,0,5
59860000,5,0,0,5
59880000,5,0,0,5
59900000,5,0,0,5
59920000,5,0,0,5
59940000,5,0,0,5
59960000,5,0,0,5
59980000,5,0,0,5
60000000,5,0,0,5
60020000,5,0,0,5
60040000,5,0,0,5
60060000,5,0,0,5
60080000,5,0,0,5
60100000,5,0,0,5
60120000,5,0,0,5
60140000,5,0,0,5
60160000,5,0,0,5
60180000,5,0,0,5
60200000,5,0,0,5
60220000,5,0,0,5
60240000,5,0,0,5
60260000,5,0,0,5
60280000,5,0,0,5
60300000,5,0,0,5
60320000,5,0,0,5
60340000,5,0,0,5
60360000,5,0,0,5
60380000,5,0,0,5
60400000,5,0,0,5
60420000,5,0,0,5
60440000,5,0,0,5
60460000,5,0,0,5
60480000,5,0,0,5
60500000,5,0,0,5
60520000,5,0,0,5
60540000,5,0,0,5
60560000,5,0,0,5
60580000,5,0,0,5
60600000,5,0,0,5
60620000,5,0,0,5
60640000,5,0,0,5
60660000,5,0,0,5
60680000,5,0,0,5
60700000,5,0,0,5
60720000,5,0,0,5
60740000,5,0,0,5
60760000,5,0,0,5
60780000,5,0,0,5
60800000,5,0,0,5
60820000,5,0,0,5
60840000,5,0,0,5
60860000,5,0,0,5
60880000,5,0,0,5
60900000,5,0,0,5
60920000,5,0,0,5
60940000,5,0,0,5
60960000,5,0,0,5
60980000,5,0,0,5
61000000,5,0,0,5
61020000,5,0,0,5
61040000,5,0,0,5
61060000,5,0,0,5
61080000,5,0,0,5
61100000,5,0,0,5
61120000,5,0,0,5
61140000,5,0,0,5
61160000,5,0,0,5
61180000,5,0,0,5
61200000,5,0,0,5
61220000,5,0,0,5
61240000,5,0,0,5
61260000,5,0,0,5
61280000,5,0,0,5
61300000,5,0,0,5
61320000,5,0,0,5
61340000,5,0,0,5
61360000,5,0,0,5
61380000,5,0,0,5
61400000,5,0,0,5
61420000,5,0,0,5
61440000,5,0,0,5
61460000,5,0,0,5
61480000,5,0,0,5
61500000,5,0,0,5
61520000,5,0,0,5
61540000,5,0,0,5
61560000,5,0,0,5
61580000,5,0,0,5
61600000,5,0,0,5
61620000,5,0,0,5
61640000,5,0,0,5
61660000,5,0,0,5
61680000,5,0,0,5
61700000,5,0,0,5
61720000,5,0,0,5
61740000,5,0,0,5
61760000,5,0,0,5
61780000,5,0,0,5
61800000,5,0,0,5
61820000,5,0,0,5
61840000,5,0,0,5
61860000,5,0,0,5
61880000,5,0,0,5
61900000,5,0,0,5
61920000,5,0,0,5
61940000,5,0,0,5
61960000,5,0,0,5
61980000,5,0,0,5
62000000,5,0,0,5
62020000,5,0,0,5
62040000,5,0,0,5
62060000,5,0,0,5
62080000,5,0,0,5
62100000,5,0,0,5
62120000,5,0,0,5
62140000,5,0,0,5
62160000,5,0,0,5
62180000,5,0,0,5
62200000,5,0,0,5
62220000,5,0,0,5
62240000,5,0,0,5
62260000,5,0,0,5
62280000,5,0,0,5
62300000,5,0,0,5
62320000,5,0,0,5
62340000,5,0,0,5
62360000,5,0,0,5
62380000,5,0,0,5
62400000,5,0,0,5
62420000,5,0,0,5
62440000,5,0,0,5
62460000,5,0,0,5
62480000,5,0,0,5
62500000,5,0,0,5
62520000,5,0,0,5
62540000,5,0,0,5
62560000,5,0,0,5
62580000,5,0,0,5
62600000,5,0,0,5
62620000,5,0,0,5
62640000,5,0,0,5
62660000,5,0,0,5
62680000,5,0,0,5
62700000,5,0,0,5
62720000,5,0,0,5
62740000,5,0,0,5
62760000,5,0,0,5
62780000,5,0,0,5
62800000,5,0,0,5
62820000,5,0,0,5
62840000,5,0,0,5
62860000,5,0,0,5
62880000,5,0,0,5
62900000,5,0,0,5
62920000,5,0,0,5
62940000,5,0,0,5
62960000,5,0,0,5
62980000,5,0,0,5
63000000,5,0,0,5
63020000,5,0,0,5
63040000,5,0,0,5
63060000,5,0,0,5
63080000,5,0,0,5
63100000,5,0,0,5
63120000,5,0,0,5
63140000,5,0,0,5
63160000,5,0,0,5
63180000,5,0,0,5
63200000,5,0,0,5
63220000,5,0,0,5
63240000,5,0,0,5
63260000,5,0,0,5
63280000,5,0,0,5
63300000,5,0,0,5
63320000,5,0,0,5
63340000,5,0,0,5
63360000,5,0,0,5
63380000,5,0,0,5
63400000,5,0,0,5
63420000,5,0,0,5
63440000,5,0,0,5
63460000,5,0,0,5
63480000,5,0,0,5
63500000,5,0,0,5
63520000,5,0,0,5
63540000,5,0,0,5
63560000,5,0,0,5
63580000,5,0,0,5
63600000,5,0,0,5
63620000,5,0,0,5
63640000,5,0,0,5
63660000,5,0,0,5
63680000,5,0,0,5
63700000,5,0,0,5
63720000,5,0,0,5
63740000,5,0,0,5
63760000,5,0,0,5
63780000,5,0,0,5
63800000,5,0,0,5
63820000,5,0,0,5
63840000,5,0,0,5
63860000,5,0,0,5
63880000,5,0,0,5
63900000,5,0,0,5
63920000,5,0,0,5
63940000,5,0,0,5
63960000,5,0,0,5
63980000,5,0,0,5
64000000,5,0,0,5
64020000,5,0,0,5
64040000,5,0,0,5
64060000,5,0,0,5
64080000,5,0,0,5
64100000,5,0,0,5
64120000,5,0,0,5
64140000,5,0,0,5
64160000,5,0,0,5
64180000,5,0,0,5
64200000,5,0,0,5
64220000,5,0,0,5
64240000,5,0,0,5
64260000,5,0,0,5
64280000,5,0,0,5
64300000,5,0,0,5
64320000,5,0,0,5
64340000,5,0,0,5
64360000,5,0,0,5
64380000,5,0,0,5
64400000,5,0,0,5
64420000,5,0,0,5
64440000,5,0,0,5
64460000,5,0,0,5
64480000,5,0,0,5
64500000,5,0,0,5
64520000,5,0,0,5
64540000,5,0,0,5
64560000,5,0,0,5
64580000,5,0,0,5
64600000,5,0,0,5
64620000,5,0,0,5
64640000,5,0,0,5
64660000,5,0,0,5
64680000,5,0,0,5
64700000,5,0,0,5
64720000,5,0,0,5
64740000,5,0,0,5
64760000,5,0,0,5
64780000,5,0,0,5
64800000,5,0,0,5
64820000,5,0,0,5
64840000,5,0,0,5
64860000,5,0,0,5
64880000,5,0,0,5
64900000,5,0,0,5
64920000,5,0,0,5
64940000,5,0,0,5
64960000,5,0,0,5
64980000,5,0,0,5
65000000,5,0,0,5
65020000,5,0,0,5
65040000,5,0,0,5
65060000,5,0,0,5
65080000,5,0,0,5
65100000,5,0,0,5
65120000,5,0,0,5
65140000,5,0,0,5
65160000,5,0,0,5
65180000,5,0,0,5
65200000,5,0,0,5
65220000,5,0,0,5
65240000,5,0,0,5
65260000,5,0,0,5
65280000,5,0,0,5
65300000,5,0,0,5
65320000,5,0,0,5
65340000,5,0,0,5
65360000,5,0,0,5
65380000,5,0,0,5
65400000,5,0,0,5
65420000,5,0,0,5
65440000,5,0,0,5
65460000,5,0,0,5
65480000,5,0,0,5
65500000,5,0,0,5
65520000,5,0,0,5
65540000,5,0,0,5
65560000,5,0,0,5
65580000,5,0,0,5
65600000,5,0,0,5
65620000,5,0,0,5
65640000,5,0,0,5
65660000,5,0,0,5
65680000,5,0,0,5
65700000,5,0,0,5
65720000,5,0,0,5
65740000,5,0,0,5
65760000,5,0,0,5
65780000,5,0,0,5
65800000,5,0,0,5
65820000,5,0,0,5
65840000,5,0,0,5
65860000,5,0,0,5
65880000,5,0,0,5
65900000,5,0,0,5
65920000,5,0,0,5
65940000,5,0,0,5
65960000,5,0,0,5
65980000,5,0,0,5
66000000,5,0,0,5
66020000,5,0,0,5
66040000,5,0,0,5
66060000,5,0,0,5
66080000,5,0,0,5
66100000,5,0,0,5
66120000,5,0,0,5
66140000,5,0,0,5
66160000,5,0,0,5
66180000,5,0,0,5
66200000,5,0,0,5
66220000,5,0,0,5
66240000,5,0,0,5
66260000,5,0,0,5
66280000,5,0,0,5
66300000,5,0,0,5
66320000,5,0,0,5
66340000,5,0,0,5
66360000,5,0,0,5
66380000,5,0,0,5
66400000,5,0,0,5
66420000,5,0,0,5
66440000,5,0,0,5
66460000,5,0,0,5
66480000,5,0,0,5
66500000,5,0,0,5
66520000,5,0,0,5
66540000,5,0,0,5
66560000,5,0,0,5
66580000,5,0,0,5
66600000,5,0,0,5
66620000,5,0,0,5
66640000,5,0,0,5
66660000,5,0,0,5
66680000,5,0,0,5
66700000,5,0,0,5
66720000,5,0,0,5
66740000,5,0,0,5
66760000,5,0,0,5
66780000,5,0,0,5
66800000,5,0,0,5
66820000,5,0,0,5
66840000,5,0,0,5
66860000,5,0,0,5
66880000,5,0,0,5
66900000,5,0,0,5
66920000,5,0,0,5
66940000,5,0,0,5
66960000,5,0,0,5
66980000,5,0,0,5
67000000,5,0,0,5
67020000,5,0,0,5
67040000,5,0,0,5
67060000,5,0,0,5
67080000,5,0,0,5
67100000,5,0,0,5
67120000,5,0,0,5
67140000,5,0,0,5
67160000,5,0,0,5
67180000,5,0,0,5
67200000,5,0,0,5
67220000,5,0,0,5
67240000,5,0,0,5
67260000,5,0,0,5
67280000,5,0,0,5
67300000,5,0,0,5
67320000,5,0,0,5
67340000,5,0,0,5
67360000,5,0,0,5
67380000,5,0,0,5
67400000,5,0,0,5
67420000,5,0,0,5
67440000,5,0,0,5
67460000,5,0,0,5
67480000,5,0,0,5
67500000,5,0,0,5
67520000,5,0,0,5
67540000,5,0,0,5
67560000,5,0,0,5
67580000,5,0,0,5
67600000,5,0,0,5
67620000,5,0,0,5
67640000,5,0,0,5
67660000,5,0,0,5
67680000,5,0,0,5
67700000,5,0,0,5
67720000,5,0,0,5
67740000,5,0,0,5
67760000,5,0,0,5
67780000,5,0,0,5
67800000,5,0,0,5
67820000,5,0,0,5
67840000,5,0,0,5
67860000,5,0,0,5
67880000,5,0,0,5
67900000,5,0,0,5
67920000,5,0,0,5
67940000,5,0,0,5
67960000,5,0,0,5
67980000,5,0,0,5
68000000,5,0,0,5
68020000,5,0,0,5
68040000,5,0,0,5
68060000,5,0,0,5
68080000,5,0,0,5
68100000,5,0,0,5
68120000,5,0,0,5
68140000,5,0,0,5
68160000,5,0,0,5
68180000,5,0,0,5
68200000,5,0,0,5
68220000,5,0,0,5
68240000,5,0,0,5
68260000,5,0,0,5
68280000,5,0,0,5
68300000,5,0,0,5
68320000,5,0,0,5
68340000,5,0,0,5
68360000,5,0,0,5
68380000,5,0,0,5
68400000,5,0,0,5
68420000,5,0,0,5
68440000,5,0,0,5
68460000,5,0,0,5
68480000,5,0,0,5
68500000,5,0,0,5
68520000,5,0,0,5
68540000,5,0,0,5
68560000,5,0,0,5
68580000,5,0,0,5
68600000,5,0,0,5
68620000,5,0,0,5
68640000,5,0,0,5
68660000,5,0,0,5
68680000,5,0,0,5
68700000,5,0,0,5
68720000,5,0,0,5
68740000,5,0,0,5
68760000,5,0,0,5
68780000,5,0,0,5
68800000,5,0,0,5
68820000,5,0,0,5
68840000,5,0,0,5
68860000,5,0,0,5
68880000,5,0,0,5
68900000,5,0,0,5
68920000,5,0,0,5
68940000,5,0,0,5
68960000,5,0,0,5
68980000,5,0,0,5
69000000,5,0,0,5
69020000,5,0,0,5
69040000,5,0,0,5
69060000,5,0,0,5
69080000,5,0,0,5
69100000,5,0,0,5
69120000,5,0,0,5
69140000,5,0,0,5
69160000,5,0,0,5
69180000,5,0,0,5
69200000,5,0,0,5
69220000,5,0,0,5
69240000,5,0,0,5
69260000,5,0,0,5
69280000,5,0,0,5
69300000,5,0,0,5
69320000,5,0,0,5
69340000,5,0,0,5
69360000,5,0,0,5
69380000,5,0,0,5
69400000,5,0,0,5
69420000,5,0,0,5
69440000,5,0,0,5
69460000,5,0,0,5
69480000,5,0,0,5
69500000,5,0,0,5
69520000,5,0,0,5
69540000,5,0,0,5
69560000,5,0,0,5
69580000,5,0,0,5
69600000,5,0,0,5
69620000,5,0,0,5
69640000,5,0,0,5
69660000,5,0,0,5
69680000,5,0,0,5
69700000,5,0,0,5
69720000,5,0,0,5
69740000,5,0,0,5
69760000,5,0,0,5
69780000,5,0,0,5
69800000,5,0,0,5
69820000,5,0,0,5
69840000,5,0,0,5
69860000,5,0,0,5
69880000,5,0,0,5
69900000,5,0,0,5
69920000,5,0,0,5
69940000,5,0,0,5
69960000,5,0,0,5
69980000,5,0,0,5
70000000,5,0,0,5
70020000,5,0,0,5
70040000,5,0,0,5
70060000,5,0,0,5
70080000,5,0,0,5
70100000,5,0,0,5
70120000,5,0,0,5
70140000,5,0,0,5
70160000,5,0,0,5
70180000,5,0,0,5
70200000,5,0,0,5
70220000,5,0,0,5
70240000,5,0,0,5
70260000,5,0,0,5
70280000,5,0,0,5
70300000,5,0,0,5
70320000,5,0,0,5
70340000,5,0,0,5
70360000,5,0,0,5
70380000,5,0,0,5
70400000,5,0,0,5
70420000,5,0,0,5
70440000,5,0,0,5
70460000,5,0,0,5
70480000,5,0,0,5
70500000,5,0,0,5
70520000,5,0,0,5
70540000,5,0,0,5
70560000,5,0,0,5
70580000,5,0,0,5
70600000,5,0,0,5
70620000,5,0,0,5
70640000,5,0,0,5
70660000,5,0,0,5
70680000,5,0,0,5
70700000,5,0,0,5
70720000,5,0,0,5
70740000,5,0,0,5
70760000,5,0,0,5
70780000,5,0,0,5
70800000,5,0,0,5
70820000,5,0,0,5
70840000,5,0,0,5
70860000,5,0,0,5
70880000,5,0,0,5
70900000,5,0,0,5
70920000,5,0,0,5
70940000,5,0,0,5
70960000,5,0,0,5
70980000,5,0,0,5
71000000,5,0,0,5
71020000,5,0,0,5
71040000,5,0,0,5
71060000,5,0,0,5
71080000,5,0,0,5
71100000,5,0,0,5
71120000,5,0,0,5
71140000,5,0,0,5
71160000,5,0,0,5
71180000,5,0,0,5
71200000,5,0,0,5
71220000,5,0,0,5
71240000,5,0,0,5
71260000,5,0,0,5
71280000,5,0,0,5
71300000,5,0,0,5
71320000,5,0,0,5
71340000,5,0,0,5
71360000,5,0,0,5
71380000,5,0,0,5
71400000,5,0,0,5
71420000,5,0,0,5
71440000,5,0,0,5
71460000,5,0,0,5
71480000,5,0,0,5
71500000,5,0,0,5
71520000,5,0,0,5
71540000,5,0,0,5
71560000,5,0,0,5
71580000,5,0,0,5
71600000,5,0,0,5
71620000,5,0,0,5
71640000,5,0,0,5
71660000,5,0,0,5
71680000,5,0,0,5
71700000,5,0,0,5
71720000,5,0,0,5
71740000,5,0,0,5
71760000,5,0,0,5
71780000,5,0,0,5
71800000,5,0,0,5
71820000,5,0,0,5
71840000,5,0,0,5
71860000,5,0,0,5
71880000,5,0,0,5
71900000,5,0,0,5
71920000,5,0,0,5
71940000,5,0,0,5
71960000,5,0,0,5
71980000,5,0,0,5
72000000,5,0,0,5
72020000,5,0,0,5
72040000,5,0,0,5
72060000,5,0,0,5
72080000,5,0,0,5
72100000,5,0,0,5
72120000,5,0,0,5
72140000,5,0,0,5
72160000,5,0,0,5
72180000,5,0,0,5
72200000,5,0,0,5
72220000,5,0,0,5
72240000,5,0,0,5
72260000,5,0,0,5
72280000,5,0,0,5
72300000,5,0,0,5
72320000,5,0,0,5
72340000,5,0,0,5
72360000,5,0,0,5
72380000,5,0,0,5
72400000,5,0,0,5
72420000,5,0,0,5
72440000,5,0,0,5
72460000,5,0,0,5
72480000,5,0,0,5
72500000,5,0,0,5
72520000,5,0,0,5
72540000,5,0,0,5
72560000,5,0,0,5
72580000,5,0,0,5
72600000,5,0,0,5
72620000,5,0,0,5
72640000,5,0,0,5
72660000,5,0,0,5
72680000,5,0,0,5
72700000,5,0,0,5
72720000,5,0,0,5
72740000,5,0,0,5
72760000,5,0,0,5
72780000,5,0,0,5
72800000,5,0,0,5
72820000,5,0,0,5
72840000,5,0,0,5
72860000,5,0,0,5
72880000,5,0,0,5
72900000,5,0,0,5
72920000,5,0,0,5
72940000,5,0,0,5
72960000,5,0,0,5
72980000,5,0,0,5
73000000,5,0,0,5
73020000,5,0,0,5
73040000,5,0,0,5
73060000,5,0,0,5
73080000,5,0,0,5
73100000,5,0,0,5
73120000,5,0,0,5
73140000,5,0,0,5
73160000,5,0,0,5
73180000,5,0,0,5
73200000,5,0,0,5
73220000,5,0,0,5
73240000,5,0,0,5
73260000,5,0,0,5
73280000,5,0,0,5
73300000,5,0,0,5
73320000,5,0,0,5
73340000,5,0,0,5
73360000,5,0,0,5
73380000,5,0,0,5
73400000,5,0,0,5
73420000,5,0,0,5
73440000,5,0,0,5
73460000,5,0,0,5
73480000,5,0,0,5
73500000,5,0,0,5
73520000,5,0,0,5
73540000,5,0,0,5
73560000,5,0,0,5
73580000,5,0,0,5
73600000,5,0,0,5
73620000,5,0,0,5
73640000,5,0,0,5
73660000,5,0,0,5
73680000,5,0,0,5
73700000,5,0,0,5
73720000,5,0,0,5
73740000,5,0,0,5
73760000,5,0,0,5
73780000,5,0,0,5
73800000,5,0,0,5
73820000,5,0,0,5
73840000,5,0,0,5
73860000,5,0,0,5
73880000,5,0,0,5
73900000,5,0,0,5
73920000,5,0,0,5
73940000,5,0,0,5
73960000,5,0,0,5
73980000,5,0,0,5
74000000,5,0,0,5
74020000,5,0,0,5
74040000,5,0,0,5
74060000,5,0,0,5
74080000,5,0,0,5
74100000,5,0,0,5
74120000,5,0,0,5
74140000,5,0,0,5
74160000,5,0,0,5
74180000,5,0,0,5
74200000,5,0,0,5
74220000,5,0,0,5
74240000,5,0,0,5
74260000,5,0,0,5
74280000,5,0,0,5
74300000,5,0,0,5
74320000,5,0,0,5
74340000,5,0,0,5
74360000,5,0,0,5
74380000,5,0,0,5
74400000,5,0,0,5
74420000,5,0,0,5
74440000,5,0,0,5
74460000,5,0,0,5
74480000,5,0,0,5
74500000,5,0,0,5
74520000,5,0,0,5
74540000,5,0,0,5
74560000,5,0,0,5
74580000,5,0,0,5
74600000,5,0,0,5
74620000,5,0,0,5
74640000,5,0,0,5
74660000,5,0,0,5
74680000,5,0,0,5
74700000,5,0,0,5
74720000,5,0,0,5
74740000,5,0,0,5
74760000,5,0,0,5
74780000,5,0,0,5
74800000,5,0,0,5
74820000,5,0,0,5
74840000,5,0,0,5
74860000,5,0,0,5
74880000,5,0,0,5
74900000,5,0,0,5
74920000,5,0,0,5
74940000,5,0,0,5
74960000,5,0,0,5
74980000,5,0,0,5
75000000,5,0,0,5
75020000,5,0,0,5
75040000,5,0,0,5
75060000,5,0,0,5
75080000,5,0,0,5
75100000,5,0,0,5
75120000,5,0,0,5
75140000,5,0,0,5
75160000,5,0,0,5
75180000,5,0,0,5
75200000,5,0,0,5
75220000,5,0,0,5
75240000,5,0,0,5
75260000,5,0,0,5
75280000,5,0,0,5
75300000,5,0,0,5
75320000,5,0,0,5
75340000,5,0,0,5
75360000,5,0,0,5
75380000,5,0,0,5
75400000,5,0,0,5
75420000,5,0,0,5
75440000,5,0,0,5
75460000,5,0,0,5
75480000,5,0,0,5
75500000,5,0,0,5
75520000,5,0,0,5
75540000,5,0,0,5
75560000,5,0,0,5
75580000,5,0,0,5
75600000,5,0,0,5
75620000,5,0,0,5
75640000,5,0,0,5
75660000,5,0,0,5
75680000,5,0,0,5
75700000,5,0,0,5
75720000,5,0,0,5
75740000,5,0,0,5
75760000,5,0,0,5
75780000,5,0,0,5
75800000,5,0,0,5
75820000,5,0,0,5
75840000,5,0,0,5
75860000,5,0,0,5
75880000,5,0,0,5
75900000,5,0,0,5
75920000,5,0,0,5
75940000,5,0,0,5
75960000,5,0,0,5
75980000,5,0,0,5
76000000,5,0,0,5
76020000,5,0,0,5
76040000,5,0,0,5
76060000,5,0,0,5
76080000,5,0,0,5
76100000,5,0,0,5
76120000,5,0,0,5
76140000,5,0,0,5
76160000,5,0,0,5
76180000,5,0,0,5
76200000,5,0,0,5
76220000,5,0,0,5
76240000,5,0,0,5
76260000,5,0,0,5
76280000,5,0,0,5
76300000,5,0,0,5
76320000,5,0,0,5
76340000,5,0,0,5
76360000,5,0,0,5
76380000,5,0,0,5
76400000,5,0,0,5
76420000,5,0,0,5
76440000,5,0,0,5
76460000,5,0,0,5
76480000,5,0,0,5
76500000,5,0,0,5
76520000,5,0,0,5
76540000,5,0,0,5
76560000,5,0,0,5
76580000,5,0,0,5
76600000,5,0,0,5
76620000,5,0,0,5
76640000,5,0,0,5
76660000,5,0,0,5
76680000,5,0,0,5
76700000,5,0,0,5
76720000,5,0,0,5
76740000,5,0,0,5
76760000,5,0,0,5
76780000,5,0,0,5
76800000,5,0,0,5
76820000,5,0,0,5
76840000,5,0,0,5
76860000,5,0,0,5
76880000,5,0,0,5
76900000,5,0,0,5
76920000,5,0,0,5
76940000,5,0,0,5
76960000,5,0,0,5
76980000,5,0,0,5
77000000,5,0,0,5
77020000,5,0,0,5
77040000,5,0,0,5
77060000,5,0,0,5
77080000,5,0,0,5
77100000,5,0,0,5
77120000,5,0,0,5
77140000,5,0,0,5
77160000,5,0,0,5
77180000,5,0,0,5
77200000,5,0,0,5
77220000,5,0,0,5
77240000,5,0,0,5
77260000,5,0,0,5
77280000,5,0,0,5
77300000,5,0,0,5
77320000,5,0,0,5
77340000,5,0,0,5
77360000,5,0,0,5
77380000,5,0,0,5
77400000,5,0,0,5
77420000,5,0,0,5
77440000,5,0,0,5
77460000,5,0,0,5
77480000,5,0,0,5
77500000,5,0,0,5
77520000,5,0,0,5
77540000,5,0,0,5
77560000,5,0,0,5
77580000,5,0,0,5
77600000,5,0,0,5
77620000,5,0,0,5
77640000,5,0,0,5
77660000,5,0,0,5
77680000,5,0,0,5
77700000,5,0,0,5
77720000,5,0,0,5
77740000,5,0,0,5
77760000,5,0,0,5
77780000,5,0,0,5
77800000,5,0,0,5
77820000,5,0,0,5
77840000,5,0,0,5
77860000,5,0,0,5
77880000,5,0,0,5
77900000,5,0,0,5
77920000,5,0,0,5
77940000,5,0,0,5
77960000,5,0,0,5
77980000,5,0,0,5
78000000,5,0,0,5
78020000,5,0,0,5
78040000,5,0,0,5
78060000,5,0,0,5
78080000,5,0,0,5
78100000,5,0,0,5
78120000,5,0,0,5
78140000,5,0,0,5
78160000,5,0,0,5
78180000,5,0,0,5
78200000,5,0,0,5
78220000,5,0,0,5
78240000,5,0,0,5
78260000,5,0,0,5
78280000,5,0,0,5
78300000,5,0,0,5
78320000,5,0,0,5
78340000,5,0,0,5
78360000,5,0,0,5
78380000,5,0,0,5
78400000,5,0,0,5
78420000,5,0,0,5
78440000,5,0,0,5
78460000,5,0,0,5
78480000,5,0,0,5
78500000,5,0,0,5
78520000,5,0,0,5
78540000,5,0,0,5
78560000,5,0,0,5
78580000,5,0,0,5
78600000,5,0,0,5
78620000,5,0,0,5
78640000,5,0,0,5
78660000,5,0,0,5
78680000,5,0,0,5
78700000,5,0,0,5
78720000,5,0,0,5
78740000,5,0,0,5
78760000,5,0,0,5
78780000,5,0,0,5
78800000,5,0,0,5
78820000,5,0,0,5
78840000,5,0,0,5
78860000,5,0,0,5
78880000,5,0,0,5
78900000,5,0,0,5
78920000,5,0,0,5
78940000,5,0,0,5
78960000,5,0,0,5
78980000,5,0,0,5
79000000,5,0,0,5
79020000,5,0,0,5
79040000,5,0,0,5
79060000,5,0,0,5
79080000,5,0,0,5
79100000,5,0,0,5
79120000,5,0,0,5
79140000,5,0,0,5
79160000,5,0,0,5
79180000,5,0,0,5
79200000,5,0,0,5
79220000,5,0,0,5
79240000,5,0,0,5
79260000,5,0,0,5
79280000,5,0,0,5
79300000,5,0,0,5
79320000,5,0,0,5
79340000,5,0,0,5
79360000,5,0,0,5
79380000,5,0,0,5
79400000,5,0,0,5
79420000,5,0,0,5
79440000,5,0,0,5
79460000,5,0,0,5
79480000,5,0,0,5
79500000,5,0,0,5
79520000,5,0,0,5
79540000,5,0,0,5
79560000,5,0,0,5
79580000,5,0,0,5
79600000,5,0,0,5
79620000,5,0,0,5
79640000,5,0,0,5
79660000,5,0,0,5
79680000,5,0,0,5
79700000,5,0,0,5
79720000,5,0,0,5
79740000,5,0,0,5
79760000,5,0,0,5
79780000,5,0,0,5
79800000,5,0,0,5
79820000,5,0,0,5
79840000,5,0,0,5
79860000,5,0,0,5
79880000,5,0,0,5
79900000,5,0,0,5
79920000,5,0,0,5
79940000,5,0,0,5
79960000,5,0,0,5
79980000,5,0,0,5
80000000,5,0,0,5
80020000,5,0,0,5
80040000,5,0,0,5
80060000,5,0,0,5
80080000,5,0,0,5
80100000,5,0,0,5
80120000,5,0,0,5
80140000,5,0,0,5
80160000,5,0,0,5
80180000,5,0,0,5
80200000,5,0,0,5
80220000,5,0,0,5
80240000,5,0,0,5
80260000,5,0,0,5
80280000,5,0,0,5
80300000,5,0,0,5
80320000,5,0,0,5
80340000,5,0,0,5
80360000,5,0,0,5
80380000,5,0,0,5
80400000,5,0,0,5
80420000,5,0,0,5
80440000,5,0,0,5
80460000,5,0,0,5
80480000,5,0,0,5
80500000,5,0,0,5
80520000,5,0,0,5
80540000,5,0,0,5
80560000,5,0,0,5
80580000,5,0,0,5
80600000,5,0,0,5
80620000,5,0,0,5
80640000,5,0,0,5
80660000,5,0,0,5
80680000,5,0,0,5
80700000,5,0,0,5
80720000,5,0,0,5
80740000,5,0,0,5
80760000,5,0,0,5
80780000,5,0,0,5
80800000,5,0,0,5
80820000,5,0,0,5
80840000,5,0,0,5
80860000,5,0,0,5
80880000,5,0,0,5
80900000,5,0,0,5
80920000,5,0,0,5
80940000,5,0,0,5
80960000,5,0,0,5
80980000,5,0,0,5
81000000,5,0,0,5
81020000,5,0,0,5
81040000,5,0,0,5
81060000,5,0,0,5
81080000,5,0,0,5
81100000,5,0,0,5
81120000,5,0,0,5
81140000,5,0,0,5
81160000,5,0,0,5
81180000,5,0,0,5
81200000,5,0,0,5
81220000,5,0,0,5
81240000,5,0,0,5
81260000,5,0,0,5
81280000,5,0,0,5
81300000,5,0,0,5
81320000,5,0,0,5
81340000,5,0,0,5
81360000,5,0,0,5
81380000,5,0,0,5
81400000,5,0,0,5
81420000,5,0,0,5
81440000,5,0,0,5
81460000,5,0,0,5
81480000,5,0,0,5
81500000,5,0,0,5
81520000,5,0,0,5
81540000,5,0,0,5
81560000,5,0,0,5
81580000,5,0,0,5
81600000,5,0,0,5
81620000,5,0,0,5
81640000,5,0,0,5
81660000,5,0,0,5
81680000,5,0,0,5
81700000,5,0,0,5
81720000,5,0,0,5
81740000,5,0,0,5
81760000,5,0,0,5
81780000,5,0,0,5
81800000,5,0,0,5
81820000,5,0,0,5
81840000,5,0,0,5
81860000,5,0,0,5
81880000,5,0,0,5
81900000,5,0,0,5
81920000,5,0,0,5
81940000,5,0,0,5
81960000,5,0,0,5
81980000,5,0,0,5
82000000,5,0,0,5
82020000,5,0,0,5
82040000,5,0,0,5
82060000,5,0,0,5
82080000,5,0,0,5
82100000,5,0,0,5
82120000,5,0,0,5
82140000,5,0,0,5
82160000,5,0,0,5
82180000,5,0,0,5
82200000,5,0,0,5
82220000,5,0,0,5
82240000,5,0,0,5
82260000,5,0,0,5
82280000,5,0,0,5
82300000,5,0,0,5
82320000,5,0,0,5
82340000,5,0,0,5
82360000,5,0,0,5
82380000,5,0,0,5
82400000,5,0,0,5
82420000,5,0,0,5
82440000,5,0,0,5
82460000,5,0,0,5
82480000,5,0,0,5
82500000,5,0,0,5
82520000,5,0,0,5
82540000,5,0,0,5
82560000,5,0,0,5
82580000,5,0,0,5
82600000,5,0,0,5
82620000,5,0,0,5
82640000,5,0,0,5
82660000,5,0,0,5
82680000,5,0,0,5
82700000,5,0,0,5
82720000,5,0,0,5
82740000,5,0,0,5
82760000,5,0,0,5
82780000,5,0,0,5
82800000,5,0,0,5
82820000,5,0,0,5
82840000,5,0,0,5
82860000,5,0,0,5
82880000,5,0,0,5
82900000,5,0,0,5
82920000,5,0,0,5
82940000,5,0,0,5
82960000,5,0,0,5
82980000,5,0,0,5
83000000,5,0,0,5
83020000,5,0,0,5
83040000,5,0,0,5
83060000,5,0,0,5
83080000,5,0,0,5
83100000,5,0,0,5
83120000,5,0,0,5
83140000,5,0,0,5
83160000,5,0,0,5
83180000,5,0,0,5
83200000,5,0,0,5
83220000,5,0,0,5
83240000,5,0,0,5
83260000,5,0,0,5
83280000,5,0,0,5
83300000,5,0,0,5
83320000,5,0,0,5
83340000,5,0,0,5
83360000,5,0,0,5
83380000,5,0,0,5
83400000,5,0,0,5
83420000,5,0,0,5
83440000,5,0,0,5
83460000,5,0,0,5
83480000,5,0,0,5
83500000,5,0,0,5
83520000,5,0,0,5
83540000,5,0,0,5
83560000,5,0,0,5
83580000,5,0,0,5
83600000,5,0,0,5
83620000,5,0,0,5
83640000,5,0,0,5
83660000,5,0,0,5
83680000,5,0,0,5
83700000,5,0,0,5
83720000,5,0,0,5
83740000,5,0,0,5
83760000,5,0,0,5
83780000,5,0,0,5
83800000,5,0,0,5
83820000,5,0,0,5
83840000,5,0,0,5
83860000,5,0,0,5
83880000,5,0,0,5
83900000,5,0,0,5
83920000,5,0,0,5
83940000,5,0,0,5
83960000,5,0,0,5
83980000,5,0,0,5
84000000,5,0,0,5
84020000,5,0,0,5
84040000,5,0,0,5
84060000,5,0,0,5
84080000,5,0,0,5
84100000,5,0,0,5
84120000,5,0,0,5
84140000,5,0,0,5
84160000,5,0,0,5
84180000,5,0,0,5
84200000,5,0,0,5
84220000,5,0,0,5
84240000,5,0,0,5
84260000,5,0,0,5
84280000,5,0,0,5
84300000,5,0,0,5
84320000,5,0,0,5
84340000,5,0,0,5
84360000,5,0,0,5
84380000,5,0,0,5
84400000,5,0,0,5
84420000,5,0,0,5
84440000,5,0,0,5
84460000,5,0,0,5
84480000,5,0,0,5
84500000,5,0,0,5
84520000,5,0,0,5
84540000,5,0,0,5
84560000,5,0,0,5
84580000,5,0,0,5
84600000,5,0,0,5
84620000,5,0,0,5
84640000,5,0,0,5
84660000,5,0,0,5
84680000,5,0,0,5
84700000,5,0,0,5
84720000,5,0,0,5
84740000,5,0,0,5
84760000,5,0,0,5
84780000,5,0,0,5
84800000,5,0,0,5
84820000,5,0,0,5
84840000,5,0,0,5
84860000,5,0,0,5
84880000,5,0,0,5
84900000,5,0,0,5
84920000,5,0,0,5
84940000,5,0,0,5
84960000,5,0,0,5
84980000,5,0,0,5
85000000,5,0,0,5
85020000,5,0,0,5
85040000,5,0,0,5
85060000,5,0,0,5
85080000,5,0,0,5
85100000,5,0,0,5
85120000,5,0,0,5
85140000,5,0,0,5
85160000,5,0,0,5
85180000,5,0,0,5
85200000,5,0,0,5
85220000,5,0,0,5
85240000,5,0,0,5
85260000,5,0,0,5
85280000,5,0,0,5
85300000,5,0,0,5
85320000,5,0,0,5
85340000,5,0,0,5
85360000,5,0,0,5
85380000,5,0,0,5
85400000,5,0,0,5
85420000,5,0,0,5
85440000,5,0,0,5
85460000,5,0,0,5
85480000,5,0,0,5
85500000,5,0,0,5
85520000,5,0,0,5
85540000,5,0,0,5
85560000,5,0,0,5
85580000,5,0,0,5
85600000,5,0,0,5
85620000,5,0,0,5
85640000,5,0,0,5
85660000,5,0,0,5
85680000,5,0,0,5
85700000,5,0,0,5
85720000,5,0,0,5
85740000,5,0,0,5
85760000,5,0,0,5
85780000,5,0,0,5
85800000,5,0,0,5
85820000,5,0,0,5
85840000,5,0,0,5
85860000,5,0,0,5
85880000,5,0,0,5
85900000,5,0,0,5
85920000,5,0,0,5
85940000,5,0,0,5
85960000,5,0,0,5
85980000,5,0,0,5
86000000,5,0,0,5
86020000,5,0,0,5
86040000,5,0,0,5
86060000,5,0,0,5
86080000,5,0,0,5
86100000,5,0,0,5
86120000,5,0,0,5
86140000,5,0,0,5
86160000,5,0,0,5
86180000,5,0,0,5
86200000,5,0,0,5
86220000,5,0,0,5
86240000,5,0,0,5
86260000,5,0,0,5
86280000,5,0,0,5
86300000,5,0,0,5
86320000,5,0,0,5
86340000,5,0,0,5
86360000,5,0,0,5
86380000,5,0,0,5
86400000,5,0,0,5
86420000,5,0,0,5
86440000,5,0,0,5
86460000,5,0,0,5
86480000,5,0,0,5
86500000,5,0,0,5
86520000,5,0,0,5
86540000,5,0,0,5
86560000,5,0,0,5
86580000,5,0,0,5
86600000,5,0,0,5
86620000,5,0,0,5
86640000,5,0,0,5
86660000,5,0,0,5
86680000,5,0,0,5
86700000,5,0,0,5
86720000,5,0,0,5
86740000,5,0,0,5
86760000,5,0,0,5
86780000,5,0,0,5
86800000,5,0,0,5
86820000,5,0,0,5
86840000,5,0,0,5
86860000,5,0,0,5
86880000,5,0,0,5
86900000,5,0,0,5
86920000,5,0,0,5
86940000,5,0,0,5
86960000,5,0,0,5
86980000,5,0,0,5
87000000,5,0,0,5
87020000,5,0,0,5
87040000,5,0,0,5
87060000,5,0,0,5
87080000,5,0,0,5
87100000,5,0,0,5
87120000,5,0,0,5
87140000,5,0,0,5
87160000,5,0,0,5
87180000,5,0,0,5
87200000,5,0,0,5
87220000,5,0,0,5
87240000,5,0,0,5
87260000,5,0,0,5
87280000,5,0,0,5
87300000,5,0,0,5
87320000,5,0,0,5
87340000,5,0,0,5
87360000,5,0,0,5
87380000,5,0,0,5
87400000,5,0,0,5
87420000,5,0,0,5
87440000,5,0,0,5
87460000,5,0,0,5
87480000,5,0,0,5
87500000,5,0,0,5
87520000,5,0,0,5
87540000,5,0,0,5
87560000,5,0,0,5
87580000,5,0,0,5
87600000,5,0,0,5
87620000,5,0,0,5
87640000,5,0,0,5
87660000,5,0,0,5
87680000,5,0,0,5
87700000,5,0,0,5
87720000,5,0,0,5
87740000,5,0,0,5
87760000,5,0,0,5
87780000,5,0,0,5
87800000,5,0,0,5
87820000,5,0,0,5
87840000,5,0,0,5
87860000,5,0,0,5
87880000,5,0,0,5
87900000,5,0,0,5
87920000,5,0,0,5
87940000,5,0,0,5
87960000,5,0,0,5
87980000,5,0,0,5
88000000,5,0,0,5
88020000,5,0,0,5
88040000,5,0,0,5
88060000,5,0,0,5
88080000,5,0,0,5
88100000,5,0,0,5
88120000,5,0,0,5
88140000,5,0,0,5
88160000,5,0,0,5
88180000,5,0,0,5
88200000,5,0,0,5
88220000,5,0,0,5
88240000,5,0,0,5
88260000,5,0,0,5
88280000,5,0,0,5
88300000,5,0,0,5
88320000,5,0,0,5
88340000,5,0,0,5
88360000,5,0,0,5
88380000,5,0,0,5
88400000,5,0,0,5
88420000,5,0,0,5
88440000,5,0,0,5
88460000,5,0,0,5
88480000,5,0,0,5
88500000,5,0,0,5
88520000,5,0,0,5
88540000,5,0,0,5
88560000,5,0,0,5
88580000,5,0,0,5
88600000,5,0,0,5
88620000,5,0,0,5
88640000,5,0,0,5
88660000,5,0,0,5
88680000,5,0,0,5
88700000,5,0,0,5
88720000,5,0,0,5
88740000,5,0,0,5
88760000,5,0,0,5
88780000,5,0,0,5
88800000,5,0,0,5
88820000,5,0,0,5
88840000,5,0,0,5
88860000,5,0,0,5
88880000,5,0,0,5
88900000,5,0,0,5
88920000,5,0,0,5
88940000,5,0,0,5
88960000,5,0,0,5
88980000,5,0,0,5
89000000,5,0,0,5
89020000,5,0,0,5
89040000,5,0,0,5
89060000,5,0,0,5
89080000,5,0,0,5
89100000,5,0,0,5
89120000,5,0,0,5
89140000,5,0,0,5
89160000,5,0,0,5
89180000,5,0,0,5
89200000,5,0,0,5
89220000,5,0,0,5
89240000,5,0,0,5
89260000,5,0,0,5
89280000,5,0,0,5
89300000,5,0,0,5
89320000,5,0,0,5
89340000,5,0,0,5
89360000,5,0,0,5
89380000,5,0,0,5
89400000,5,0,0,5
89420000,5,0,0,5
89440000,5,0,0,5
89460000,5,0,0,5
89480000,5,0,0,5
89500000,5,0,0,5
89520000,5,0,0,5
89540000,5,0,0,5
89560000,5,0,0,5
89580000,5,0,0,5
89600000,5,0,0,5
89620000,5,0,0,5
89640000,5,0,0,5
89660000,5,0,0,5
89680000,5,0,0,5
89700000,5,0,0,5
89720000,5,0,0,5
89740000,5,0,0,5
89760000,5,0,0,5
89780000,5,0,0,5
89800000,5,0,0,5
89820000,5,0,0,5
89840000,5,0,0,5
89860000,5,0,0,5
89880000,5,0,0,5
89900000,5,0,0,5
89913893,5,1,0,4
89920000,4,0,0,4
89940000,4,0,0,4
89960000,4,0,0,4
89980000,4,0,0,4
90000000,4,0,0,4
90020000,4,0,0,4
90040000,4,0,0,4
90060000,4,0,0,4
90080000,4,0,0,4
90100000,4,0,0,4
90120000,4,0,0,4
90140000,4,0,0,4
90160000,4,0,0,4
90180000,4,0,0,4
90200000,4,0,0,4
90220000,4,0,0,4
90240000,4,0,0,4
90260000,4,0,0,4
90280000,4,0,0,4
90300000,4,0,0,4
90320000,4,0,0,4
90340000,4,0,0,4
90360000,4,0,0,4
90380000,4,0,0,4
90400000,4,0,0,4
90420000,4,0,0,4
90440000,4,0,0,4
90460000,4,0,0,4
90480000,4,0,0,4
90500000,4,0,0,4
90502807,4,1,0,3
90520000,3,0,0,3
90540000,3,0,0,3
90560000,3,0,0,3
90580000,3,0,0,3
90600000,3,0,0,3
90620000,3,0,0,3
90640000,3,0,0,3
90660000,3,0,0,3
90680000,3,0,0,3
90700000,3,0,0,3
90720000,3,0,0,3
90740000,3,0,0,3
90760000,3,0,0,3
90780000,3,0,0,3
90800000,3,0,0,3
90820000,3,0,0,3
90840000,3,0,0,3
90860000,3,0,0,3
90880000,3,0,0,3
90900000,3,0,0,3
90920000,3,0,0,3
90940000,3,0,0,3
90960000,3,0,0,3
90980000,3,0,0,3
91000000,3,0,0,3
91020000,3,0,0,3
91040000,3,0,0,3
91060000,3,0,0,3
91080000,3,0,0,3
91100000,3,0,0,3
91120000,3,0,0,3
91140000,3,0,0,3
91160000,3,0,0,3
91180000,3,0,0,3
91200000,3,0,0,3
91220000,3,0,0,3
91240000,3,0,0,3
91260000,3,0,0,3
91280000,3,0,0,3
91300000,3,0,0,3
91320000,3,0,0,3
91340000,3,0,0,3
91360000,3,0,0,3
91380000,3,0,0,3
91400000,3,0,0,3
91420000,3,0,0,3
91440000,3,0,0,3
91460000,3,0,0,3
91480000,3,0,0,3
91500000,3,0,0,3
91520000,3,0,0,3
91540000,3,0,0,3
91560000,3,0,0,3
91580000,3,0,0,3
91600000,3,0,0,3
91620000,3,0,0,3
91640000,3,0,0,3
91660000,3,0,0,3
91680000,3,0,0,3
91700000,3,0,0,3
91720000,3,0,0,3
91740000,3,0,0,3
91760000,3,0,0,3
91780000,3,0,0,3
91800000,3,0,0,3
91820000,3,0,0,3
91840000,3,0,0,3
91860000,3,0,0,3
91880000,3,0,0,3
91900000,3,0,0,3
91920000,3,0,0,3
91940000,3,0,0,3
91960000,3,0,0,3
91980000,3,0,0,3
92000000,3,0,0,3
92020000,3,0,0,3
92040000,3,0,0,3
92060000,3,0,0,3
92080000,3,0,0,3
92100000,3,0,0,3
92120000,3,0,0,3
92140000,3,0,0,3
92160000,3,0,0,3
92180000,3,0,0,3
92200000,3,0,0,3
92220000,3,0,0,3
92240000,3,0,0,3
92260000,3,0,0,3
92280000,3,0,0,3
92300000,3,0,0,3
92320000,3,0,0,3
92340000,3,0,0,3
92360000,3,0,0,3
92380000,3,0,0,3
92400000,3,0,0,3
92420000,3,0,0,3
92440000,3,0,0,3
92460000,3,0,0,3
92480000,3,0,0,3
92500000,3,0,0,3
92520000,3,0,0,3
92540000,3,0,0,3
92560000,3,0,0,3
92580000,3,0,0,3
92600000,3,0,0,3
92620000,3,0,0,3
92640000,3,0,0,3
92660000,3,0,0,3
92680000,3,0,0,3
92700000,3,0,0,3
92720000,3,0,0,3
92740000,3,0,0,3
92760000,3,0,0,3
92780000,3,0,0,3
92800000,3,0,0,3
92820000,3,0,0,3
92840000,3,0,0,3
92860000,3,0,0,3
92880000,3,0,0,3
92900000,3,0,0,3
92920000,3,0,0,3
92940000,3,0,0,3
92960000,3,0,0,3
92980000,3,0,0,3
93000000,3,0,0,3
93020000,3,0,0,3
93040000,3,0,0,3
93060000,3,0,0,3
93080000,3,0,0,3
93100000,3,0,0,3
93120000,3,0,0,3
93140000,3,0,0,3
93160000,3,0,0,3
93180000,3,0,0,3
93200000,3,0,0,3
93220000,3,0,0,3
93240000,3,0,0,3
93260000,3,0,0,3
93280000,3,0,0,3
93300000,3,0,0,3
93320000,3,0,0,3
93340000,3,0,0,3
93360000,3,0,0,3
93380000,3,0,0,3
93400000,3,0,0,3
93420000,3,0,0,3
93440000,3,0,0,3
93460000,3,0,0,3
93480000,3,0,0,3
93500000,3,0,0,3
93520000,3,0,0,3
93540000,3,0,0,3
93560000,3,0,0,3
93580000,3,0,0,3
93600000,3,0,0,3
93620000,3,0,0,3
93640000,3,0,0,3
93660000,3,0,0,3
93680000,3,0,0,3
93700000,3,0,0,3
93720000,3,0,0,3
93740000,3,0,0,3
93760000,3,0,0,3
93780000,3,0,0,3
93800000,3,0,0,3
93820000,3,0,0,3
93840000,3,0,0,3
93860000,3,0,0,3
93880000,3,0,0,3
93900000,3,0,0,3
93920000,3,0,0,3
93940000,3,0,0,3
93960000,3,0,0,3
93980000,3,0,0,3
94000000,3,0,0,3
94020000,3,0,0,3
94040000,3,0,0,3
94060000,3,0,0,3
94080000,3,0,0,3
94100000,3,0,0,3
94120000,3,0,0,3
94140000,3,0,0,3
94160000,3,0,0,3
94180000,3,0,0,3
94200000,3,0,0,3
94220000,3,0,0,3
94240000,3,0,0,3
94260000,3,0,0,3
94280000,3,0,0,3
94300000,3,0,0,3
94320000,3,0,0,3
94340000,3,0,0,3
94360000,3,0,0,3
94380000,3,0,0,3
94400000,3,0,0,3
94420000,3,0,0,3
94440000,3,0,0,3
94460000,3,0,0,3
94480000,3,0,0,3
94500000,3,0,0,3
94520000,3,0,0,3
94540000,3,0,0,3
94560000,3,0,0,3
94580000,3,0,0,3
94600000,3,0,0,3
94620000,3,0,0,3
94640000,3,0,0,3
94660000,3,0,0,3
94680000,3,0,0,3
94700000,3,0,0,3
94720000,3,0,0,3
94740000,3,0,0,3
94760000,3,0,0,3
94780000,3,0,0,3
94800000,3,0,0,3
94820000,3,0,0,3
94840000,3,0,0,3
94860000,3,0,0,3
94880000,3,0,0,3
94900000,3,0,0,3
94920000,3,0,0,3
94940000,3,0,0,3
94960000,3,0,0,3
94980000,3,0,0,3
95000000,3,0,0,3
95020000,3,0,0,3
95040000,3,0,0,3
95060000,3,0,0,3
95080000,3,0,0,3
95100000,3,0,0,3
95120000,3,0,0,3
95140000,3,0,0,3
95160000,3,0,0,3
95180000,3,0,0,3
95200000,3,0,0,3
95220000,3,0,0,3
95240000,3,0,0,3
95260000,3,0,0,3
95280000,3,0,0,3
95300000,3,0,0,3
95320000,3,0,0,3
95340000,3,0,0,3
95360000,3,0,0,3
95380000,3,0,0,3
95400000,3,0,0,3
95420000,3,0,0,3
95440000,3,0,0,3
95460000,3,0,0,3
95480000,3,0,0,3
95500000,3,0,0,3
95520000,3,0,0,3
95540000,3,0,0,3
95560000,3,0,0,3
95580000,3,0,0,3
95600000,3,0,0,3
95620000,3,0,0,3
95640000,3,0,0,3
95660000,3,0,0,3
95680000,3,0,0,3
95700000,3,0,0,3
95720000,3,0,0,3
95740000,3,0,0,3
95760000,3,0,0,3
95780000,3,0,0,3
95800000,3,0,0,3
95820000,3,0,0,3
95840000,3,0,0,3
95860000,3,0,0,3
95880000,3,0,0,3
95900000,3,0,0,3
95920000,3,0,0,3
95940000,3,0,0,3
95960000,3,0,0,3
95980000,3,0,0,3
96000000,3,0,0,3
96020000,3,0,0,3
96040000,3,0,0,3
96060000,3,0,0,3
96080000,3,0,0,3
96100000,3,0,0,3
96120000,3,0,0,3
96140000,3,0,0,3
96160000,3,0,0,3
96180000,3,0,0,3
96200000,3,0,0,3
96220000,3,0,0,3
96240000,3,0,0,3
96260000,3,0,0,3
96280000,3,0,0,3
96300000,3,0,0,3
96320000,3,0,0,3
96340000,3,0,0,3
96360000,3,0,0,3
96380000,3,0,0,3
96400000,3,0,0,3
96420000,3,0,0,3
96440000,3,0,0,3
96460000,3,0,0,3
96480000,3,0,0,3
96500000,3,0,0,3
96520000,3,0,0,3
96540000,3,0,0,3
96560000,3,0,0,3
96580000,3,0,0,3
96600000,3,0,0,3
96620000,3,0,0,3
96640000,3,0,0,3
96660000,3,0,0,3
96680000,3,0,0,3
96700000,3,0,0,3
96720000,3,0,0,3
96740000,3,0,0,3
96760000,3,0,0,3
96780000,3,0,0,3
96800000,3,0,0,3
96820000,3,0,0,3
96840000,3,0,0,3
96860000,3,0,0,3
96880000,3,0,0,3
96900000,3,0,0,3
96920000,3,0,0,3
96940000,3,0,0,3
96960000,3,0,0,3
96980000,3,0,0,3
97000000,3,0,0,3
97020000,3,0,0,3
97040000,3,0,0,3
97060000,3,0,0,3
97080000,3,0,0,3
97100000,3,0,0,3
97120000,3,0,0,3
97140000,3,0,0,3
97160000,3,0,0,3
97180000,3,0,0,3
97200000,3,0,0,3
97220000,3,0,0,3
97240000,3,0,0,3
97260000,3,0,0,3
97280000,3,0,0,3
97300000,3,0,0,3
97320000,3,0,0,3
97340000,3,0,0,3
97360000,3,0,0,3
97380000,3,0,0,3
97400000,3,0,0,3
97420000,3,0,0,3
97440000,3,0,0,3
97460000,3,0,0,3
97480000,3,0,0,3
97500000,3,0,0,3
97520000,3,0,0,3
97540000,3,0,0,3
97560000,3,0,0,3
97580000,3,0,0,3
97600000,3,0,0,3
97620000,3,0,0,3
97640000,3,0,0,3
97660000,3,0,0,3
97680000,3,0,0,3
97700000,3,0,0,3
97720000,3,0,0,3
97740000,3,0,0,3
97760000,3,0,0,3
97780000,3,0,0,3
97800000,3,0,0,3
97820000,3,0,0,3
97840000,3,0,0,3
97860000,3,0,0,3
97880000,3,0,0,3
97900000,3,0,0,3
97920000,3,0,0,3
97940000,3,0,0,3
97960000,3,0,0,3
97980000,3,0,0,3
98000000,3,0,0,3
98020000,3,0,0,3
98040000,3,0,0,3
98060000,3,0,0,3
98080000,3,0,0,3
98100000,3,0,0,3
98120000,3,0,0,3
98140000,3,0,0,3
98160000,3,0,0,3
98180000,3,0,0,3
98200000,3,0,0,3
98220000,3,0,0,3
98240000,3,0,0,3
98260000,3,0,0,3
98280000,3,0,0,3
98300000,3,0,0,3
98320000,3,0,0,3
98340000,3,0,0,3
98360000,3,0,0,3
98380000,3,0,0,3
98400000,3,0,0,3
98420000,3,0,0,3
98440000,3,0,0,3
98460000,3,0,0,3
98480000,3,0,0,3
98500000,3,0,0,3
98520000,3,0,0,3
98540000,3,0,0,3
98560000,3,0,0,3
98580000,3,0,0,3
98600000,3,0,0,3
98620000,3,0,0,3
98640000,3,0,0,3
98660000,3,0,0,3
98680000,3,0,0,3
98700000,3,0,0,3
98720000,3,0,0,3
98740000,3,0,0,3
98760000,3,0,0,3
98780000,3,0,0,3
98800000,3,0,0,3
98820000,3,0,0,3
98840000,3,0,0,3
98860000,3,0,0,3
98880000,3,0,0,3
98900000,3,0,0,3
98920000,3,0,0,3
98940000,3,0,0,3
98960000,3,0,0,3
98980000,3,0,0,3
99000000,3,0,0,3
99020000,3,0,0,3
99040000,3,0,0,3
99060000,3,0,0,3
99080000,3,0,0,3
99100000,3,0,0,3
99120000,3,0,0,3
99140000,3,0,0,3
99160000,3,0,0,3
99180000,3,0,0,3
99200000,3,0,0,3
99220000,3,0,0,3
99240000,3,0,0,3
99260000,3,0,0,3
99280000,3,0,0,3
99300000,3,0,0,3
99320000,3,0,0,3
99340000,3,0,0,3
99360000,3,0,0,3
99380000,3,0,0,3
99400000,3,0,0,3
99420000,3,0,0,3
99440000,3,0,0,3
99460000,3,0,0,3
99480000,3,0,0,3
99500000,3,0,0,3
99520000,3,0,0,3
99540000,3,0,0,3
99560000,3,0,0,3
99580000,3,0,0,3
99600000,3,0,0,3
99620000,3,0,0,3
99640000,3,0,0,3
99660000,3,0,0,3
99680000,3,0,0,3
99700000,3,0,0,3
99720000,3,0,0,3
99740000,3,0,0,3
99760000,3,0,0,3
99780000,3,0,0,3
99800000,3,0,0,3
99820000,3,0,0,3
99840000,3,0,0,3
99860000,3,0,0,3
99880000,3,0,0,3
99900000,3,0,0,3
99920000,3,0,0,3
99940000,3,0,0,3
99960000,3,0,0,3
99980000,3,0,0,3
100000000,3,0,0,3
100020000,3,0,0,3
100040000,3,0,0,3
100060000,3,0,0,3
100080000,3,0,0,3
100100000,3,0,0,3
100120000,3,0,0,3
100140000,3,0,0,3
100160000,3,0,0,3
100180000,3,0,0,3
100200000,3,0,0,3
100220000,3,0,0,3
100240000,3,0,0,3
100260000,3,0,0,3
100280000,3,0,0,3
100300000,3,0,0,3
100320000,3,0,0,3
100340000,3,0,0,3
100360000,3,0,0,3
100380000,3,0,0,3
100400000,3,0,0,3
100420000,3,0,0,3
100440000,3,0,0,3
100460000,3,0,0,3
100480000,3,0,0,3
100500000,3,0,0,3
100520000,3,0,0,3
100540000,3,0,0,3
100560000,3,0,0,3
100580000,3,0,0,3
100600000,3,0,0,3
100620000,3,0,0,3
100640000,3,0,0,3
100660000,3,0,0,3
100680000,3,0,0,3
100700000,3,0,0,3
100720000,3,0,0,3
100740000,3,0,0,3
100760000,3,0,0,3
100780000,3,0,0,3
100800000,3,0,0,3
100820000,3,0,0,3
100840000,3,0,0,3
100860000,3,0,0,3
100880000,3,0,0,3
100900000,3,0,0,3
100920000,3,0,0,3
100940000,3,0,0,3
100960000,3,0,0,3
100980000,3,0,0,3
101000000,3,0,0,3
101020000,3,0,0,3
101040000,3,0,0,3
101060000,3,0,0,3
101080000,3,0,0,3
101100000,3,0,0,3
101120000,3,0,0,3
101140000,3,0,0,3
101160000,3,0,0,3
101180000,3,0,0,3
101200000,3,0,0,3
101220000,3,0,0,3
101240000,3,0,0,3
101260000,3,0,0,3
101280000,3,0,0,3
101300000,3,0,0,3
101320000,3,0,0,3
101340000,3,0,0,3
101360000,3,0,0,3
101380000,3,0,0,3
101400000,3,0,0,3
101420000,3,0,0,3
101440000,3,0,0,3
101460000,3,0,0,3
101480000,3,0,0,3
101500000,3,0,0,3
101520000,3,0,0,3
101540000,3,0,0,3
101560000,3,0,0,3
101580000,3,0,0,3
101600000,3,0,0,3
101620000,3,0,0,3
101640000,3,0,0,3
101660000,3,0,0,3
101680000,3,0,0,3
101700000,3,0,0,3
101720000,3,0,0,3
101740000,3,0,0,3
101760000,3,0,0,3
101780000,3,0,0,3
101800000,3,0,0,3
101820000,3,0,0,3
101840000,3,0,0,3
101860000,3,0,0,3
101880000,3,0,0,3
101900000,3,0,0,3
101920000,3,0,0,3
101940000,3,0,0,3
101960000,3,0,0,3
101980000,3,0,0,3
102000000,3,0,0,3
102020000,3,0,0,3
102040000,3,0,0,3
102060000,3,0,0,3
102080000,3,0,0,3
102100000,3,0,0,3
102120000,3,0,0,3
102140000,3,0,0,3
102160000,3,0,0,3
102180000,3,0,0,3
102200000,3,0,0,3
102220000,3,0,0,3
102240000,3,0,0,3
102260000,3,0,0,3
102280000,3,0,0,3
102300000,3,0,0,3
102320000,3,0,0,3
102340000,3,0,0,3
102360000,3,0,0,3
102380000,3,0,0,3
102400000,3,0,0,3
102420000,3,0,0,3
102440000,3,0,0,3
102460000,3,0,0,3
102480000,3,0,0,3
102500000,3,0,0,3
102520000,3,0,0,3
102540000,3,0,0,3
102560000,3,0,0,3
102580000,3,0,0,3
102600000,3,0,0,3
102620000,3,0,0,3
102640000,3,0,0,3
102660000,3,0,0,3
102680000,3,0,0,3
102700000,3,0,0,3
102720000,3,0,0,3
102740000,3,0,0,3
102760000,3,0,0,3
102780000,3,0,0,3
102800000,3,0,0,3
102820000,3,0,0,3
102840000,3,0,0,3
102860000,3,0,0,3
102880000,3,0,0,3
102900000,3,0,0,3
102920000,3,0,0,3
102940000,3,0,0,3
102960000,3,0,0,3
102980000,3,0,0,3
103000000,3,0,0,3
103020000,3,0,0,3
103040000,3,0,0,3
103060000,3,0,0,3
103080000,3,0,0,3
103100000,3,0,0,3
103120000,3,0,0,3
103140000,3,0,0,3
103160000,3,0,0,3
103180000,3,0,0,3
103200000,3,0,0,3
103220000,3,0,0,3
103240000,3,0,0,3
103260000,3,0,0,3
103280000,3,0,0,3
103300000,3,0,0,3
103320000,3,0,0,3
103340000,3,0,0,3
103360000,3,0,0,3
103380000,3,0,0,3
103400000,3,0,0,3
103420000,3,0,0,3
103440000,3,0,0,3
103460000,3,0,0,3
103480000,3,0,0,3
103500000,3,0,0,3
103520000,3,0,0,3
103540000,3,0,0,3
103560000,3,0,0,3
103580000,3,0,0,3
103600000,3,0,0,3
103620000,3,0,0,3
103640000,3,0,0,3
103660000,3,0,0,3
103680000,3,0,0,3
103700000,3,0,0,3
103720000,3,0,0,3
103740000,3,0,0,3
103760000,3,0,0,3
103780000,3,0,0,3
103800000,3,0,0,3
103820000,3,0,0,3
103840000,3,0,0,3
103860000,3,0,0,3
103880000,3,0,0,3
103900000,3,0,0,3
103920000,3,0,0,3
103940000,3,0,0,3
103960000,3,0,0,3
103980000,3,0,0,3
104000000,3,0,0,3
104020000,3,0,0,3
104040000,3,0,0,3
104060000,3,0,0,3
104080000,3,0,0,3
104100000,3,0,0,3
104120000,3,0,0,3
104140000,3,0,0,3
104160000,3,0,0,3
104180000,3,0,0,3
104200000,3,0,0,3
104220000,3,0,0,3
104240000,3,0,0,3
104260000,3,0,0,3
104280000,3,0,0,3
104300000,3,0,0,3
104320000,3,0,0,3
104340000,3,0,0,3
104360000,3,0,0,3
104380000,3,0,0,3
104400000,3,0,0,3
104420000,3,0,0,3
104440000,3,0,0,3
104460000,3,0,0,3
104480000,3,0,0,3
104500000,3,0,0,3
104520000,3,0,0,3
104540000,3,0,0,3
104560000,3,0,0,3
104580000,3,0,0,3
104600000,3,0,0,3
104620000,3,0,0,3
104640000,3,0,0,3
104660000,3,0,0,3
104680000,3,0,0,3
104700000,3,0,0,3
104720000,3,0,0,3
104740000,3,0,0,3
104760000,3,0,0,3
104780000,3,0,0,3
104800000,3,0,0,3
104820000,3,0,0,3
104840000,3,0,0,3
104860000,3,0,0,3
104880000,3,0,0,3
104900000,3,0,0,3
104920000,3,0,0,3
104940000,3,0,0,3
104960000,3,0,0,3
104980000,3,0,0,3
105000000,3,0,0,3
105020000,3,0,0,3
105040000,3,0,0,3
105060000,3,0,0,3
105080000,3,0,0,3
105100000,3,0,0,3
105120000,3,0,0,3
105140000,3,0,0,3
105160000,3,0,0,3
105180000,3,0,0,3
105200000,3,0,0,3
105220000,3,0,0,3
105240000,3,0,0,3
105260000,3,0,0,3
105280000,3,0,0,3
105300000,3,0,0,3
105320000,3,0,0,3
105340000,3,0,0,3
105360000,3,0,0,3
105380000,3,0,0,3
105400000,3,0,0,3
105420000,3,0,0,3
105440000,3,0,0,3
105460000,3,0,0,3
105480000,3,0,0,3
105500000,3,0,0,3
105520000,3,0,0,3
105540000,3,0,0,3
105560000,3,0,0,3
105580000,3,0,0,3
105600000,3,0,0,3
105620000,3,0,0,3
105640000,3,0,0,3
105660000,3,0,0,3
105680000,3,0,0,3
105700000,3,0,0,3
105720000,3,0,0,3
105740000,3,0,0,3
105760000,3,0,0,3
105780000,3,0,0,3
105800000,3,0,0,3
105820000,3,0,0,3
105840000,3,0,0,3
105860000,3,0,0,3
105880000,3,0,0,3
105900000,3,0,0,3
105920000,3,0,0,3
105940000,3,0,0,3
105960000,3,0,0,3
105980000,3,0,0,3
106000000,3,0,0,3
106020000,3,0,0,3
106040000,3,0,0,3
106060000,3,0,0,3
106080000,3,0,0,3
106100000,3,0,0,3
106120000,3,0,0,3
106140000,3,0,0,3
106160000,3,0,0,3
106180000,3,0,0,3
106200000,3,0,0,3
106220000,3,0,0,3
106240000,3,0,0,3
106260000,3,0,0,3
106280000,3,0,0,3
106300000,3,0,0,3
106320000,3,0,0,3
106340000,3,0,0,3
106360000,3,0,0,3
106380000,3,0,0,3
106400000,3,0,0,3
106420000,3,0,0,3
106440000,3,0,0,3
106460000,3,0,0,3
106480000,3,0,0,3
106500000,3,0,0,3
106520000,3,0,0,3
106540000,3,0,0,3
106560000,3,0,0,3
106580000,3,0,0,3
106600000,3,0,0,3
106620000,3,0,0,3
106640000,3,0,0,3
106660000,3,0,0,3
106680000,3,0,0,3
106700000,3,0,0,3
106720000,3,0,0,3
106740000,3,0,0,3
106760000,3,0,0,3
106780000,3,0,0,3
106800000,3,0,0,3
106820000,3,0,0,3
106840000,3,0,0,3
106860000,3,0,0,3
106880000,3,0,0,3
106900000,3,0,0,3
106920000,3,0,0,3
106940000,3,0,0,3
106960000,3,0,0,3
106980000,3,0,0,3
107000000,3,0,0,3
107020000,3,0,0,3
107040000,3,0,0,3
107060000,3,0,0,3
107080000,3,0,0,3
107100000,3,0,0,3
107120000,3,0,0,3
107140000,3,0,0,3
107160000,3,0,0,3
107180000,3,0,0,3
107200000,3,0,0,3
107220000,3,0,0,3
107240000,3,0,0,3
107260000,3,0,0,3
107280000,3,0,0,3
107300000,3,0,0,3
107320000,3,0,0,3
107340000,3,0,0,3
107360000,3,0,0,3
107380000,3,0,0,3
107400000,3,0,0,3
107420000,3,0,0,3
107440000,3,0,0,3
107460000,3,0,0,3
107480000,3,0,0,3
107500000,3,0,0,3
107520000,3,0,0,3
107540000,3,0,0,3
107560000,3,0,0,3
107580000,3,0,0,3
107600000,3,0,0,3
107620000,3,0,0,3
107640000,3,0,0,3
107660000,3,0,0,3
107680000,3,0,0,3
107700000,3,0,0,3
107720000,3,0,0,3
107740000,3,0,0,3
107760000,3,0,0,3
107780000,3,0,0,3
107800000,3,0,0,3
107820000,3,0,0,3
107840000,3,0,0,3
107860000,3,0,0,3
107880000,3,0,0,3
107900000,3,0,0,3
107920000,3,0,0,3
107940000,3,0,0,3
107960000,3,0,0,3
107980000,3,0,0,3
108000000,3,0,0,3
108020000,3,0,0,3
108040000,3,0,0,3
108060000,3,0,0,3
108080000,3,0,0,3
108100000,3,0,0,3
108120000,3,0,0,3
108140000,3,0,0,3
108160000,3,0,0,3
108180000,3,0,0,3
108200000,3,0,0,3
108220000,3,0,0,3
108240000,3,0,0,3
108260000,3,0,0,3
108280000,3,0,0,3
108300000,3,0,0,3
108320000,3,0,0,3
108340000,3,0,0,3
108360000,3,0,0,3
108380000,3,0,0,3
108400000,3,0,0,3
108420000,3,0,0,3
108440000,3,0,0,3
108460000,3,0,0,3
108480000,3,0,0,3
108500000,3,0,0,3
108520000,3,0,0,3
108540000,3,0,0,3
108560000,3,0,0,3
108580000,3,0,0,3
108600000,3,0,0,3
108620000,3,0,0,3
108640000,3,0,0,3
108660000,3,0,0,3
108680000,3,0,0,3
108700000,3,0,0,3
108720000,3,0,0,3
108740000,3,0,0,3
108760000,3,0,0,3
108780000,3,0,0,3
108800000,3,0,0,3
108820000,3,0,0,3
108840000,3,0,0,3
108860000,3,0,0,3
108880000,3,0,0,3
108900000,3,0,0,3
108920000,3,0,0,3
108940000,3,0,0,3
108960000,3,0,0,3
108980000,3,0,0,3
109000000,3,0,0,3
109020000,3,0,0,3
109040000,3,0,0,3
109060000,3,0,0,3
109080000,3,0,0,3
109100000,3,0,0,3
109120000,3,0,0,3
109140000,3,0,0,3
109160000,3,0,0,3
109180000,3,0,0,3
109200000,3,0,0,3
109220000,3,0,0,3
109240000,3,0,0,3
109260000,3,0,0,3
109280000,3,0,0,3
109300000,3,0,0,3
109320000,3,0,0,3
109340000,3,0,0,3
109360000,3,0,0,3
109380000,3,0,0,3
109400000,3,0,0,3
109420000,3,0,0,3
109440000,3,0,0,3
109460000,3,0,0,3
109480000,3,0,0,3
109500000,3,0,0,3
109520000,3,0,0,3
109540000,3,0,0,3
109560000,3,0,0,3
109580000,3,0,0,3
109600000,3,0,0,3
109620000,3,0,0,3
109640000,3,0,0,3
109660000,3,0,0,3
109680000,3,0,0,3
109700000,3,0,0,3
109720000,3,0,0,3
109740000,3,0,0,3
109760000,3,0,0,3
109780000,3,0,0,3
109800000,3,0,0,3
109820000,3,0,0,3
109840000,3,0,0,3
109860000,3,0,0,3
109880000,3,0,0,3
109900000,3,0,0,3
109920000,3,0,0,3
109940000,3,0,0,3
109960000,3,0,0,3
109980000,3,0,0,3
110000000,3,0,0,3
110020000,3,0,0,3
110040000,3,0,0,3
110060000,3,0,0,3
110080000,3,0,0,3
110100000,3,0,0,3
110120000,3,0,0,3
110140000,3,0,0,3
110160000,3,0,0,3
110180000,3,0,0,3
110200000,3,0,0,3
110220000,3,0,0,3
110240000,3,0,0,3
110260000,3,0,0,3
110280000,3,0,0,3
110300000,3,0,0,3
110320000,3,0,0,3
110340000,3,0,0,3
110360000,3,0,0,3
110380000,3,0,0,3
110400000,3,0,0,3
110420000,3,0,0,3
110440000,3,0,0,3
110460000,3,0,0,3
110480000,3,0,0,3
110500000,3,0,0,3
110520000,3,0,0,3
110540000,3,0,0,3
110560000,3,0,0,3
110580000,3,0,0,3
110600000,3,0,0,3
110620000,3,0,0,3
110640000,3,0,0,3
110660000,3,0,0,3
110680000,3,0,0,3
110700000,3,0,0,3
110720000,3,0,0,3
110740000,3,0,0,3
110760000,3,0,0,3
110780000,3,0,0,3
110800000,3,0,0,3
110820000,3,0,0,3
110840000,3,0,0,3
110860000,3,0,0,3
110880000,3,0,0,3
110900000,3,0,0,3
110920000,3,0,0,3
110940000,3,0,0,3
110960000,3,0,0,3
110980000,3,0,0,3
111000000,3,0,0,3
111020000,3,0,0,3
111040000,3,0,0,3
111060000,3,0,0,3
111080000,3,0,0,3
111100000,3,0,0,3
111120000,3,0,0,3
111140000,3,0,0,3
111160000,3,0,0,3
111180000,3,0,0,3
111200000,3,0,0,3
111220000,3,0,0,3
111240000,3,0,0,3
111260000,3,0,0,3
111280000,3,0,0,3
111300000,3,0,0,3
111320000,3,0,0,3
111340000,3,0,0,3
111360000,3,0,0,3
111380000,3,0,0,3
111400000,3,0,0,3
111420000,3,0,0,3
111440000,3,0,0,3
111460000,3,0,0,3
111480000,3,0,0,3
111500000,3,0,0,3
111520000,3,0,0,3
111540000,3,0,0,3
111560000,3,0,0,3
111580000,3,0,0,3
111600000,3,0,0,3
111620000,3,0,0,3
111640000,3,0,0,3
111660000,3,0,0,3
111680000,3,0,0,3
111700000,3,0,0,3
111720000,3,0,0,3
111740000,3,0,0,3
111760000,3,0,0,3
111780000,3,0,0,3
111800000,3,0,0,3
111820000,3,0,0,3
111840000,3,0,0,3
111860000,3,0,0,3
111880000,3,0,0,3
111900000,3,0,0,3
111920000,3,0,0,3
111940000,3,0,0,3
111960000,3,0,0,3
111980000,3,0,0,3
112000000,3,0,0,3
112020000,3,0,0,3
112040000,3,0,0,3
112060000,3,0,0,3
112080000,3,0,0,3
112100000,3,0,0,3
112120000,3,0,0,3
112140000,3,0,0,3
112160000,3,0,0,3
112180000,3,0,0,3
112200000,3,0,0,3
112220000,3,0,0,3
112240000,3,0,0,3
112260000,3,0,0,3
112280000,3,0,0,3
112300000,3,0,0,3
112320000,3,0,0,3
112340000,3,0,0,3
112360000,3,0,0,3
112380000,3,0,0,3
112400000,3,0,0,3
112420000,3,0,0,3
112440000,3,0,0,3
112460000,3,0,0,3
112480000,3,0,0,3
112500000,3,0,0,3
112520000,3,0,0,3
112540000,3,0,0,3
112560000,3,0,0,3
112580000,3,0,0,3
112600000,3,0,0,3
112620000,3,0,0,3
112640000,3,0,0,3
112660000,3,0,0,3
112680000,3,0,0,3
112700000,3,0,0,3
112720000,3,0,0,3
112740000,3,0,0,3
112760000,3,0,0,3
112780000,3,0,0,3
112800000,3,0,0,3
112820000,3,0,0,3
112840000,3,0,0,3
112860000,3,0,0,3
112880000,3,0,0,3
112900000,3,0,0,3
112920000,3,0,0,3
112940000,3,0,0,3
112960000,3,0,0,3
112980000,3,0,0,3
113000000,3,0,0,3
113020000,3,0,0,3
113040000,3,0,0,3
113060000,3,0,0,3
113080000,3,0,0,3
113100000,3,0,0,3
113120000,3,0,0,3
113140000,3,0,0,3
113160000,3,0,0,3
113180000,3,0,0,3
113200000,3,0,0,3
113220000,3,0,0,3
113240000,3,0,0,3
113260000,3,0,0,3
113280000,3,0,0,3
113300000,3,0,0,3
113320000,3,0,0,3
113340000,3,0,0,3
113360000,3,0,0,3
113380000,3,0,0,3
113400000,3,0,0,3
113420000,3,0,0,3
113440000,3,0,0,3
113460000,3,0,0,3
113480000,3,0,0,3
113500000,3,0,0,3
113520000,3,0,0,3
113540000,3,0,0,3
113560000,3,0,0,3
113580000,3,0,0,3
113600000,3,0,0,3
113620000,3,0,0,3
113640000,3,0,0,3
113660000,3,0,0,3
113680000,3,0,0,3
113700000,3,0,0,3
113720000,3,0,0,3
113740000,3,0,0,3
113760000,3,0,0,3
113780000,3,0,0,3
113800000,3,0,0,3
113820000,3,0,0,3
113840000,3,0,0,3
113860000,3,0,0,3
113880000,3,0,0,3
113900000,3,0,0,3
113920000,3,0,0,3
113940000,3,0,0,3
113960000,3,0,0,3
113980000,3,0,0,3
114000000,3,0,0,3
114020000,3,0,0,3
114040000,3,0,0,3
114060000,3,0,0,3
114080000,3,0,0,3
114100000,3,0,0,3
114120000,3,0,0,3
114140000,3,0,0,3
114160000,3,0,0,3
114180000,3,0,0,3
114200000,3,0,0,3
114220000,3,0,0,3
114240000,3,0,0,3
114260000,3,0,0,3
114280000,3,0,0,3
114300000,3,0,0,3
114320000,3,0,0,3
114340000,3,0,0,3
114360000,3,0,0,3
114380000,3,0,0,3
114400000,3,0,0,3
114420000,3,0,0,3
114440000,3,0,0,3
114460000,3,0,0,3
114480000,3,0,0,3
114500000,3,0,0,3
114520000,3,0,0,3
114540000,3,0,0,3
114560000,3,0,0,3
114580000,3,0,0,3
114600000,3,0,0,3
114620000,3,0,0,3
114640000,3,0,0,3
114660000,3,0,0,3
114680000,3,0,0,3
114700000,3,0,0,3
114720000,3,0,0,3
114740000,3,0,0,3
114760000,3,0,0,3
114780000,3,0,0,3
114800000,3,0,0,3
114820000,3,0,0,3
114840000,3,0,0,3
114860000,3,0,0,3
114880000,3,0,0,3
114900000,3,0,0,3
114920000,3,0,0,3
114940000,3,0,0,3
114960000,3,0,0,3
114980000,3,0,0,3
115000000,3,0,0,3
115020000,3,0,0,3
115040000,3,0,0,3
115060000,3,0,0,3
115080000,3,0,0,3
115100000,3,0,0,3
115120000,3,0,0,3
115140000,3,0,0,3
115160000,3,0,0,3
115180000,3,0,0,3
115200000,3,0,0,3
115220000,3,0,0,3
115240000,3,0,0,3
115260000,3,0,0,3
115280000,3,0,0,3
115300000,3,0,0,3
115320000,3,0,0,3
115340000,3,0,0,3
115360000,3,0,0,3
115380000,3,0,0,3
115400000,3,0,0,3
115420000,3,0,0,3
115440000,3,0,0,3
115460000,3,0,0,3
115480000,3,0,0,3
115500000,3,0,0,3
115520000,3,0,0,3
115540000,3,0,0,3
115560000,3,0,0,3
115580000,3,0,0,3
115600000,3,0,0,3
115620000,3,0,0,3
115640000,3,0,0,3
115660000,3,0,0,3
115680000,3,0,0,3
115700000,3,0,0,3
115720000,3,0,0,3
115740000,3,0,0,3
115760000,3,0,0,3
115780000,3,0,0,3
115800000,3,0,0,3
115820000,3,0,0,3
115840000,3,0,0,3
115860000,3,0,0,3
115880000,3,0,0,3
115900000,3,0,0,3
115920000,3,0,0,3
115940000,3,0,0,3
115960000,3,0,0,3
115980000,3,0,0,3
116000000,3,0,0,3
116020000,3,0,0,3
116040000,3,0,0,3
116060000,3,0,0,3
116080000,3,0,0,3
116100000,3,0,0,3
116120000,3,0,0,3
116140000,3,0,0,3
116160000,3,0,0,3
116180000,3,0,0,3
116200000,3,0,0,3
116220000,3,0,0,3
116240000,3,0,0,3
116260000,3,0,0,3
116280000,3,0,0,3
116300000,3,0,0,3
116320000,3,0,0,3
116340000,3,0,0,3
116360000,3,0,0,3
116380000,3,0,0,3
116400000,3,0,0,3
116420000,3,0,0,3
116440000,3,0,0,3
116460000,3,0,0,3
116480000,3,0,0,3
116500000,3,0,0,3
116520000,3,0,0,3
116540000,3,0,0,3
116560000,3,0,0,3
116580000,3,0,0,3
116600000,3,0,0,3
116620000,3,0,0,3
116640000,3,0,0,3
116660000,3,0,0,3
116680000,3,0,0,3
116700000,3,0,0,3
116720000,3,0,0,3
116740000,3,0,0,3
116760000,3,0,0,3
116780000,3,0,0,3
116800000,3,0,0,3
116820000,3,0,0,3
116840000,3,0,0,3
116860000,3,0,0,3
116880000,3,0,0,3
116900000,3,0,0,3
116920000,3,0,0,3
116940000,3,0,0,3
116960000,3,0,0,3
116980000,3,0,0,3
117000000,3,0,0,3
117020000,3,0,0,3
117040000,3,0,0,3
117060000,3,0,0,3
117080000,3,0,0,3
117100000,3,0,0,3
117120000,3,0,0,3
117140000,3,0,0,3
117160000,3,0,0,3
117180000,3,0,0,3
117200000,3,0,0,3
117220000,3,0,0,3
117240000,3,0,0,3
117260000,3,0,0,3
117280000,3,0,0,3
117300000,3,0,0,3
117320000,3,0,0,3
117340000,3,0,0,3
117360000,3,0,0,3
117380000,3,0,0,3
117400000,3,0,0,3
117420000,3,0,0,3
117440000,3,0,0,3
117460000,3,0,0,3
117480000,3,0,0,3
117500000,3,0,0,3
117520000,3,0,0,3
117540000,3,0,0,3
117560000,3,0,0,3
117580000,3,0,0,3
117600000,3,0,0,3
117620000,3,0,0,3
117640000,3,0,0,3
117660000,3,0,0,3
117680000,3,0,0,3
117700000,3,0,0,3
117720000,3,0,0,3
117740000,3,0,0,3
117760000,3,0,0,3
117780000,3,0,0,3
117800000,3,0,0,3
117820000,3,0,0,3
117840000,3,0,0,3
117860000,3,0,0,3
117880000,3,0,0,3
117900000,3,0,0,3
117920000,3,0,0,3
117940000,3,0,0,3
117960000,3,0,0,3
117980000,3,0,0,3
118000000,3,0,0,3
118020000,3,0,0,3
118040000,3,0,0,3
118060000,3,0,0,3
118080000,3,0,0,3
118100000,3,0,0,3
118120000,3,0,0,3
118140000,3,0,0,3
118160000,3,0,0,3
118180000,3,0,0,3
118200000,3,0,0,3
118220000,3,0,0,3
118240000,3,0,0,3
118260000,3,0,0,3
118280000,3,0,0,3
118300000,3,0,0,3
118320000,3,0,0,3
118340000,3,0,0,3
118360000,3,0,0,3
118380000,3,0,0,3
118400000,3,0,0,3
118420000,3,0,0,3
118440000,3,0,0,3
118460000,3,0,0,3
118480000,3,0,0,3
118500000,3,0,0,3
118520000,3,0,0,3
118540000,3,0,0,3
118560000,3,0,0,3
118580000,3,0,0,3
118600000,3,0,0,3
118620000,3,0,0,3
118640000,3,0,0,3
118660000,3,0,0,3
118680000,3,0,0,3
118700000,3,0,0,3
118720000,3,0,0,3
118740000,3,0,0,3
118760000,3,0,0,3
118780000,3,0,0,3
118800000,3,0,0,3
118820000,3,0,0,3
118840000,3,0,0,3
118860000,3,0,0,3
118880000,3,0,0,3
118900000,3,0,0,3
118920000,3,0,0,3
118940000,3,0,0,3
118960000,3,0,0,3
118980000,3,0,0,3
119000000,3,0,0,3
119020000,3,0,0,3
119040000,3,0,0,3
119060000,3,0,0,3
119080000,3,0,0,3
119100000,3,0,0,3
119120000,3,0,0,3
119140000,3,0,0,3
119160000,3,0,0,3
119180000,3,0,0,3
119200000,3,0,0,3
119220000,3,0,0,3
119240000,3,0,0,3
119260000,3,0,0,3
119280000,3,0,0,3
119300000,3,0,0,3
119320000,3,0,0,3
119340000,3,0,0,3
119360000,3,0,0,3
119380000,3,0,0,3
119400000,3,0,0,3
119420000,3,0,0,3
119440000,3,0,0,3
119460000,3,0,0,3
119480000,3,0,0,3
119500000,3,0,0,3
119520000,3,0,0,3
119540000,3,0,0,3
119560000,3,0,0,3
119580000,3,0,0,3
119600000,3,0,0,3
119620000,3,0,0,3
119640000,3,0,0,3
119660000,3,0,0,3
119680000,3,0,0,3
119700000,3,0,0,3
119720000,3,0,0,3
119740000,3,0,0,3
119760000,3,0,0,3
119780000,3,0,0,3
119800000,3,0,0,3
119820000,3,0,0,3
119840000,3,0,0,3
119860000,3,0,0,3
119880000,3,0,0,3
119900000,3,0,0,3
119920000,3,0,0,3
119940000,3,0,0,3
119960000,3,0,0,3
119980000,3,0,0,3
120000000,3,0,0,3
120020000,3,0,0,3
120040000,3,0,0,3
120060000,3,0,0,3
120080000,3,0,0,3
120100000,3,0,0,3
120120000,3,0,0,3
120140000,3,0,0,3
120160000,3,0,0,3
120180000,3,0,0,3
120200000,3,0,0,3
120220000,3,0,0,3
120240000,3,0,0,3
120260000,3,0,0,3
120280000,3,0,0,3
120300000,3,0,0,3
120320000,3,0,0,3
120340000,3,0,0,3
120360000,3,0,0,3
120380000,3,0,0,3
120400000,3,0,0,3
120420000,3,0,0,3
120440000,3,0,0,3
120460000,3,0,0,3
120480000,3,0,0,3
120500000,3,0,0,3
120520000,3,0,0,3
120540000,3,0,0,3
120560000,3,0,0,3
120580000,3,0,0,3
120600000,3,0,0,3
120620000,3,0,0,3
120640000,3,0,0,3
120660000,3,0,0,3
120680000,3,0,0,3
120700000,3,0,0,3
120720000,3,0,0,3
120740000,3,0,0,3
120760000,3,0,0,3
120780000,3,0,0,3
120800000,3,0,0,3
120820000,3,0,0,3
120840000,3,0,0,3
120860000,3,0,0,3
120880000,3,0,0,3
120900000,3,0,0,3
120920000,3,0,0,3
120940000,3,0,0,3
120960000,3,0,0,3
120980000,3,0,0,3
121000000,3,0,0,3
121020000,3,0,0,3
121040000,3,0,0,3
121060000,3,0,0,3
121080000,3,0,0,3
121100000,3,0,0,3
121120000,3,0,0,3
121140000,3,0,0,3
121160000,3,0,0,3
121180000,3,0,0,3
121200000,3,0,0,3
121220000,3,0,0,3
121240000,3,0,0,3
121260000,3,0,0,3
121280000,3,0,0,3
121300000,3,0,0,3
121320000,3,0,0,3
121340000,3,0,0,3
121360000,3,0,0,3
121380000,3,0,0,3
121400000,3,0,0,3
121420000,3,0,0,3
121440000,3,0,0,3
121460000,3,0,0,3
121480000,3,0,0,3
121500000,3,0,0,3
121520000,3,0,0,3
121540000,3,0,0,3
121560000,3,0,0,3
121580000,3,0,0,3
121600000,3,0,0,3
121620000,3,0,0,3
121640000,3,0,0,3
121660000,3,0,0,3
121680000,3,0,0,3
121700000,3,0,0,3
121720000,3,0,0,3
121740000,3,0,0,3
121760000,3,0,0,3
121780000,3,0,0,3
121800000,3,0,0,3
121820000,3,0,0,3
121840000,3,0,0,3
121860000,3,0,0,3
121880000,3,0,0,3
121900000,3,0,0,3
121920000,3,0,0,3
121940000,3,0,0,3
121960000,3,0,0,3
121980000,3,0,0,3
122000000,3,0,0,3
122020000,3,0,0,3
122040000,3,0,0,3
122060000,3,0,0,3
122080000,3,0,0,3
122100000,3,0,0,3
122120000,3,0,0,3
122140000,3,0,0,3
122160000,3,0,0,3
122180000,3,0,0,3
122200000,3,0,0,3
122220000,3,0,0,3
122240000,3,0,0,3
122260000,3,0,0,3
122280000,3,0,0,3
122300000,3,0,0,3
122320000,3,0,0,3
122340000,3,0,0,3
122360000,3,0,0,3
122380000,3,0,0,3
122400000,3,0,0,3
122420000,3,0,0,3
122440000,3,0,0,3
122460000,3,0,0,3
122480000,3,0,0,3
122500000,3,0,0,3
122520000,3,0,0,3
122540000,3,0,0,3
122560000,3,0,0,3
122580000,3,0,0,3
122600000,3,0,0,3
122620000,3,0,0,3
122640000,3,0,0,3
122660000,3,0,0,3
122680000,3,0,0,3
122700000,3,0,0,3
122720000,3,0,0,3
122740000,3,0,0,3
122760000,3,0,0,3
122780000,3,0,0,3
122800000,3,0,0,3
122820000,3,0,0,3
122840000,3,0,0,3
122860000,3,0,0,3
122880000,3,0,0,3
122900000,3,0,0,3
122920000,3,0,0,3
122940000,3,0,0,3
122960000,3,0,0,3
122980000,3,0,0,3
123000000,3,0,0,3
123020000,3,0,0,3
123040000,3,0,0,3
123060000,3,0,0,3
123080000,3,0,0,3
123100000,3,0,0,3
123120000,3,0,0,3
123140000,3,0,0,3
123160000,3,0,0,3
123180000,3,0,0,3
123200000,3,0,0,3
123220000,3,0,0,3
123240000,3,0,0,3
123260000,3,0,0,3
123280000,3,0,0,3
123300000,3,0,0,3
123320000,3,0,0,3
123340000,3,0,0,3
123360000,3,0,0,3
123380000,3,0,0,3
123400000,3,0,0,3
123420000,3,0,0,3
123440000,3,0,0,3
123460000,3,0,0,3
123480000,3,0,0,3
123500000,3,0,0,3
123520000,3,0,0,3
123540000,3,0,0,3
123560000,3,0,0,3
123580000,3,0,0,3
123600000,3,0,0,3
123620000,3,0,0,3
123640000,3,0,0,3
123660000,3,0,0,3
123680000,3,0,0,3
123700000,3,0,0,3
123720000,3,0,0,3
123740000,3,0,0,3
123760000,3,0,0,3
123780000,3,0,0,3
123800000,3,0,0,3
123820000,3,0,0,3
123840000,3,0,0,3
123860000,3,0,0,3
123880000,3,0,0,3
123900000,3,0,0,3
123920000,3,0,0,3
123940000,3,0,0,3
123960000,3,0,0,3
123980000,3,0,0,3
124000000,3,0,0,3
124020000,3,0,0,3
124040000,3,0,0,3
124060000,3,0,0,3
124080000,3,0,0,3
124100000,3,0,0,3
124120000,3,0,0,3
124140000,3,0,0,3
124160000,3,0,0,3
124180000,3,0,0,3
124200000,3,0,0,3
124220000,3,0,0,3
124240000,3,0,0,3
124260000,3,0,0,3
124280000,3,0,0,3
124300000,3,0,0,3
124320000,3,0,0,3
124340000,3,0,0,3
124360000,3,0,0,3
124380000,3,0,0,3
124400000,3,0,0,3
124420000,3,0,0,3
124440000,3,0,0,3
124460000,3,0,0,3
124480000,3,0,0,3
124500000,3,0,0,3
124520000,3,0,0,3
124540000,3,0,0,3
124560000,3,0,0,3
124580000,3,0,0,3
124600000,3,0,0,3
124620000,3,0,0,3
124640000,3,0,0,3
124660000,3,0,0,3
124680000,3,0,0,3
124700000,3,0,0,3
124720000,3,0,0,3
124740000,3,0,0,3
124760000,3,0,0,3
124780000,3,0,0,3
124800000,3,0,0,3
124820000,3,0,0,3
124840000,3,0,0,3
124860000,3,0,0,3
124880000,3,0,0,3
124900000,3,0,0,3
124920000,3,0,0,3
124940000,3,0,0,3
124960000,3,0,0,3
124980000,3,0,0,3
125000000,3,0,0,3
125020000,3,0,0,3
125040000,3,0,0,3
125060000,3,0,0,3
125080000,3,0,0,3
125100000,3,0,0,3
125120000,3,0,0,3
125140000,3,0,0,3
125160000,3,0,0,3
125180000,3,0,0,3
125200000,3,0,0,3
125220000,3,0,0,3
125240000,3,0,0,3
125260000,3,0,0,3
125280000,3,0,0,3
125300000,3,0,0,3
125320000,3,0,0,3
125340000,3,0,0,3
125360000,3,0,0,3
125380000,3,0,0,3
125400000,3,0,0,3
125420000,3,0,0,3
125440000,3,0,0,3
125460000,3,0,0,3
125480000,3,0,0,3
125500000,3,0,0,3
125520000,3,0,0,3
125540000,3,0,0,3
125560000,3,0,0,3
125580000,3,0,0,3
125600000,3,0,0,3
125620000,3,0,0,3
125640000,3,0,0,3
125660000,3,0,0,3
125680000,3,0,0,3
125700000,3,0,0,3
125720000,3,0,0,3
125740000,3,0,0,3
125760000,3,0,0,3
125780000,3,0,0,3
125800000,3,0,0,3
125820000,3,0,0,3
125840000,3,0,0,3
125860000,3,0,0,3
125880000,3,0,0,3
125900000,3,0,0,3
125920000,3,0,0,3
125940000,3,0,0,3
125960000,3,0,0,3
125980000,3,0,0,3
126000000,3,0,0,3
126020000,3,0,0,3
126040000,3,0,0,3
126060000,3,0,0,3
126080000,3,0,0,3
126100000,3,0,0,3
126120000,3,0,0,3
126140000,3,0,0,3
126160000,3,0,0,3
126180000,3,0,0,3
126200000,3,0,0,3
126220000,3,0,0,3
126240000,3,0,0,3
126260000,3,0,0,3
126280000,3,0,0,3
126300000,3,0,0,3
126320000,3,0,0,3
126340000,3,0,0,3
126360000,3,0,0,3
126380000,3,0,0,3
126400000,3,0,0,3
126420000,3,0,0,3
126440000,3,0,0,3
126460000,3,0,0,3
126480000,3,0,0,3
126500000,3,0,0,3
126520000,3,0,0,3
126540000,3,0,0,3
126560000,3,0,0,3
126580000,3,0,0,3
126600000,3,0,0,3
126620000,3,0,0,3
126640000,3,0,0,3
126660000,3,0,0,3
126680000,3,0,0,3
126700000,3,0,0,3
126720000,3,0,0,3
126740000,3,0,0,3
126760000,3,0,0,3
126780000,3,0,0,3
126800000,3,0,0,3
126820000,3,0,0,3
126840000,3,0,0,3
126860000,3,0,0,3
126880000,3,0,0,3
126900000,3,0,0,3
126920000,3,0,0,3
126940000,3,0,0,3
126960000,3,0,0,3
126980000,3,0,0,3
127000000,3,0,0,3
127020000,3,0,0,3
127040000,3,0,0,3
127060000,3,0,0,3
127080000,3,0,0,3
127100000,3,0,0,3
127120000,3,0,0,3
127140000,3,0,0,3
127160000,3,0,0,3
127180000,3,0,0,3
127200000,3,0,0,3
127220000,3,0,0,3
127240000,3,0,0,3
127260000,3,0,0,3
127280000,3,0,0,3
127300000,3,0,0,3
127320000,3,0,0,3
127340000,3,0,0,3
127360000,3,0,0,3
127380000,3,0,0,3
127400000,3,0,0,3
127420000,3,0,0,3
127440000,3,0,0,3
127460000,3,0,0,3
127480000,3,0,0,3
127500000,3,0,0,3
127520000,3,0,0,3
127540000,3,0,0,3
127560000,3,0,0,3
127580000,3,0,0,3
127600000,3,0,0,3
127620000,3,0,0,3
127640000,3,0,0,3
127660000,3,0,0,3
127680000,3,0,0,3
127700000,3,0,0,3
127720000,3,0,0,3
127740000,3,0,0,3
127760000,3,0,0,3
127780000,3,0,0,3
127800000,3,0,0,3
127820000,3,0,0,3
127840000,3,0,0,3
127860000,3,0,0,3
127880000,3,0,0,3
127900000,3,0,0,3
127920000,3,0,0,3
127940000,3,0,0,3
127960000,3,0,0,3
127980000,3,0,0,3
128000000,3,0,0,3
128020000,3,0,0,3
128040000,3,0,0,3
128060000,3,0,0,3
128080000,3,0,0,3
128100000,3,0,0,3
128120000,3,0,0,3
128140000,3,0,0,3
128160000,3,0,0,3
128180000,3,0,0,3
128200000,3,0,0,3
128220000,3,0,0,3
128240000,3,0,0,3
128260000,3,0,0,3
128280000,3,0,0,3
128300000,3,0,0,3
128320000,3,0,0,3
128340000,3,0,0,3
128360000,3,0,0,3
128380000,3,0,0,3
128400000,3,0,0,3
128420000,3,0,0,3
128440000,3,0,0,3
128460000,3,0,0,3
128480000,3,0,0,3
128500000,3,0,0,3
128520000,3,0,0,3
128540000,3,0,0,3
128560000,3,0,0,3
128580000,3,0,0,3
128600000,3,0,0,3
128620000,3,0,0,3
128640000,3,0,0,3
128660000,3,0,0,3
128680000,3,0,0,3
128700000,3,0,0,3
128720000,3,0,0,3
128740000,3,0,0,3
128760000,3,0,0,3
128780000,3,0,0,3
128800000,3,0,0,3
128820000,3,0,0,3
128840000,3,0,0,3
128860000,3,0,0,3
128880000,3,0,0,3
128900000,3,0,0,3
128920000,3,0,0,3
128940000,3,0,0,3
128960000,3,0,0,3
128980000,3,0,0,3
129000000,3,0,0,3
129020000,3,0,0,3
129040000,3,0,0,3
129060000,3,0,0,3
129080000,3,0,0,3
129100000,3,0,0,3
129120000,3,0,0,3
129140000,3,0,0,3
129160000,3,0,0,3
129180000,3,0,0,3
129200000,3,0,0,3
129220000,3,0,0,3
129240000,3,0,0,3
129260000,3,0,0,3
129280000,3,0,0,3
129300000,3,0,0,3
129320000,3,0,0,3
129340000,3,0,0,3
129360000,3,0,0,3
129380000,3,0,0,3
129400000,3,0,0,3
129420000,3,0,0,3
129440000,3,0,0,3
129460000,3,0,0,3
129480000,3,0,0,3
129500000,3,0,0,3
129520000,3,0,0,3
129540000,3,0,0,3
129560000,3,0,0,3
129580000,3,0,0,3
129600000,3,0,0,3
129620000,3,0,0,3
129640000,3,0,0,3
129660000,3,0,0,3
129680000,3,0,0,3
129700000,3,0,0,3
129720000,3,0,0,3
129740000,3,0,0,3
129760000,3,0,0,3
129780000,3,0,0,3
129800000,3,0,0,3
129820000,3,0,0,3
129840000,3,0,0,3
129860000,3,0,0,3
129880000,3,0,0,3
129900000,3,0,0,3
129920000,3,0,0,3
129940000,3,0,0,3
129960000,3,0,0,3
129980000,3,0,0,3
130000000,3,0,0,3
130020000,3,0,0,3
130040000,3,0,0,3
130060000,3,0,0,3
130080000,3,0,0,3
130100000,3,0,0,3
130120000,3,0,0,3
130140000,3,0,0,3
130160000,3,0,0,3
130180000,3,0,0,3
130200000,3,0,0,3
130220000,3,0,0,3
130240000,3,0,0,3
130260000,3,0,0,3
130280000,3,0,0,3
130300000,3,0,0,3
130320000,3,0,0,3
130340000,3,0,0,3
130360000,3,0,0,3
130380000,3,0,0,3
130400000,3,0,0,3
130420000,3,0,0,3
130440000,3,0,0,3
130460000,3,0,0,3
130480000,3,0,0,3
130500000,3,0,0,3
130520000,3,0,0,3
130540000,3,0,0,3
130560000,3,0,0,3
130580000,3,0,0,3
130600000,3,0,0,3
130620000,3,0,0,3
130640000,3,0,0,3
130660000,3,0,0,3
130680000,3,0,0,3
130700000,3,0,0,3
130720000,3,0,0,3
130740000,3,0,0,3
130760000,3,0,0,3
130780000,3,0,0,3
130800000,3,0,0,3
130820000,3,0,0,3
130840000,3,0,0,3
130860000,3,0,0,3
130880000,3,0,0,3
130900000,3,0,0,3
130920000,3,0,0,3
130940000,3,0,0,3
130960000,3,0,0,3
130980000,3,0,0,3
131000000,3,0,0,3
131020000,3,0,0,3
131040000,3,0,0,3
131060000,3,0,0,3
131080000,3,0,0,3
131100000,3,0,0,3
131120000,3,0,0,3
131140000,3,0,0,3
131160000,3,0,0,3
131180000,3,0,0,3
131200000,3,0,0,3
131220000,3,0,0,3
131240000,3,0,0,3
131260000,3,0,0,3
131280000,3,0,0,3
131300000,3,0,0,3
131320000,3,0,0,3
131340000,3,0,0,3
131360000,3,0,0,3
131380000,3,0,0,3
131400000,3,0,0,3
131420000,3,0,0,3
131440000,3,0,0,3
131460000,3,0,0,3
131480000,3,0,0,3
131500000,3,0,0,3
131520000,3,0,0,3
131540000,3,0,0,3
131560000,3,0,0,3
131580000,3,0,0,3
131600000,3,0,0,3
131620000,3,0,0,3
131640000,3,0,0,3
131660000,3,0,0,3
131680000,3,0,0,3
131700000,3,0,0,3
131720000,3,0,0,3
131740000,3,0,0,3
131760000,3,0,0,3
131780000,3,0,0,3
131800000,3,0,0,3
131820000,3,0,0,3
131840000,3,0,0,3
131860000,3,0,0,3
131880000,3,0,0,3
131900000,3,0,0,3
131920000,3,0,0,3
131940000,3,0,0,3
131960000,3,0,0,3
131980000,3,0,0,3
132000000,3,0,0,3
132020000,3,0,0,3
132040000,3,0,0,3
132060000,3,0,0,3
132080000,3,0,0,3
132100000,3,0,0,3
132120000,3,0,0,3
132140000,3,0,0,3
132160000,3,0,0,3
132180000,3,0,0,3
132200000,3,0,0,3
132220000,3,0,0,3
132240000,3,0,0,3
132260000,3,0,0,3
132280000,3,0,0,3
132300000,3,0,0,3
132320000,3,0,0,3
132340000,3,0,0,3
132360000,3,0,0,3
132380000,3,0,0,3
132400000,3,0,0,3
132420000,3,0,0,3
132440000,3,0,0,3
132460000,3,0,0,3
132480000,3,0,0,3
132500000,3,0,0,3
132520000,3,0,0,3
132540000,3,0,0,3
132560000,3,0,0,3
132580000,3,0,0,3
132600000,3,0,0,3
132620000,3,0,0,3
132640000,3,0,0,3
132660000,3,0,0,3
132680000,3,0,0,3
132700000,3,0,0,3
132720000,3,0,0,3
132740000,3,0,0,3
132760000,3,0,0,3
132780000,3,0,0,3
132800000,3,0,0,3
132820000,3,0,0,3
132840000,3,0,0,3
132860000,3,0,0,3
132880000,3,0,0,3
132900000,3,0,0,3
132920000,3,0,0,3
132940000,3,0,0,3
132960000,3,0,0,3
132980000,3,0,0,3
133000000,3,0,0,3
133020000,3,0,0,3
133040000,3,0,0,3
133060000,3,0,0,3
133080000,3,0,0,3
133100000,3,0,0,3
133120000,3,0,0,3
133140000,3,0,0,3
133160000,3,0,0,3
133180000,3,0,0,3
133200000,3,0,0,3
133220000,3,0,0,3
133240000,3,0,0,3
133260000,3,0,0,3
133280000,3,0,0,3
133300000,3,0,0,3
133301871,3,1,0,2
133320000,2,0,0,2
133340000,2,0,0,2
133360000,2,0,0,2
133380000,2,0,0,2
133400000,2,0,0,2
133420000,2,0,0,2
133440000,2,0,0,2
133460000,2,0,0,2
133480000,2,0,0,2
133500000,2,0,0,2
133520000,2,0,0,2
133540000,2,0,0,2
133560000,2,0,0,2
133580000,2,0,0,2
133600000,2,0,0,2
133620000,2,0,0,2
133640000,2,0,0,2
133660000,2,0,0,2
133680000,2,0,0,2
133700000,2,0,0,2
133720000,2,0,0,2
133740000,2,0,0,2
133760000,2,0,0,2
133780000,2,0,0,2
133800000,2,0,0,2
133820000,2,0,0,2
133840000,2,0,0,2
133860000,2,0,0,2
133880000,2,0,0,2
133900000,2,0,0,2
133920000,2,0,0,2
133940000,2,0,0,2
133960000,2,0,0,2
133980000,2,0,0,2
134000000,2,0,0,2
134020000,2,0,0,2
134040000,2,0,0,2
134060000,2,0,0,2
134080000,2,0,0,2
134100000,2,0,0,2
134120000,2,0,0,2
134140000,2,0,0,2
134160000,2,0,0,2
134180000,2,0,0,2
134200000,2,0,0,2
134220000,2,0,0,2
134240000,2,0,0,2
134260000,2,0,0,2
134280000,2,0,0,2
134300000,2,0,0,2
134320000,2,0,0,2
134340000,2,0,0,2
134360000,2,0,0,2
134380000,2,0,0,2
134400000,2,0,0,2
134420000,2,0,0,2
134440000,2,0,0,2
134460000,2,0,0,2
134480000,2,0,0,2
134500000,2,0,0,2
134520000,2,0,0,2
134540000,2,0,0,2
134560000,2,0,0,2
134580000,2,0,0,2
134600000,2,0,0,2
134620000,2,0,0,2
134640000,2,0,0,2
134660000,2,0,0,2
134680000,2,0,0,2
134700000,2,0,0,2
134720000,2,0,0,2
134740000,2,0,0,2
134760000,2,0,0,2
134780000,2,0,0,2
134800000,2,0,0,2
134820000,2,0,0,2
134840000,2,0,0,2
134860000,2,0,0,2
134880000,2,0,0,2
134900000,2,0,0,2
134920000,2,0,0,2
134940000,2,0,0,2
134960000,2,0,0,2
134980000,2,0,0,2
135000000,2,0,0,2
135020000,2,0,0,2
135040000,2,0,0,2
135060000,2,0,0,2
135080000,2,0,0,2
135100000,2,0,0,2
135120000,2,0,0,2
135140000,2,0,0,2
135160000,2,0,0,2
135180000,2,0,0,2
135200000,2,0,0,2
135220000,2,0,0,2
135240000,2,0,0,2
135260000,2,0,0,2
135280000,2,0,0,2
135300000,2,0,0,2
135320000,2,0,0,2
135340000,2,0,0,2
135360000,2,0,0,2
135380000,2,0,0,2
135400000,2,0,0,2
135420000,2,0,0,2
135440000,2,0,0,2
135460000,2,0,0,2
135480000,2,0,0,2
135500000,2,0,0,2
135520000,2,0,0,2
135540000,2,0,0,2
135560000,2,0,0,2
135580000,2,0,0,2
135600000,2,0,0,2
135620000,2,0,0,2
135640000,2,0,0,2
135660000,2,0,0,2
135680000,2,0,0,2
135700000,2,0,0,2
135720000,2,0,0,2
135740000,2,0,0,2
135760000,2,0,0,2
135780000,2,0,0,2
135800000,2,0,0,2
135820000,2,0,0,2
135840000,2,0,0,2
135860000,2,0,0,2
135880000,2,0,0,2
135900000,2,0,0,2
135920000,2,0,0,2
135940000,2,0,0,2
135960000,2,0,0,2
135980000,2,0,0,2
136000000,2,0,0,2
136020000,2,0,0,2
136040000,2,0,0,2
136060000,2,0,0,2
136080000,2,0,0,2
136100000,2,0,0,2
136120000,2,0,0,2
136140000,2,0,0,2
136160000,2,0,0,2
136180000,2,0,0,2
136200000,2,0,0,2
136220000,2,0,0,2
136240000,2,0,0,2
136260000,2,0,0,2
136280000,2,0,0,2
136300000,2,0,0,2
136320000,2,0,0,2
136340000,2,0,0,2
136360000,2,0,0,2
136380000,2,0,0,2
136400000,2,0,0,2
136420000,2,0,0,2
136440000,2,0,0,2
136460000,2,0,0,2
136480000,2,0,0,2
136500000,2,0,0,2
136520000,2,0,0,2
136540000,2,0,0,2
136560000,2,0,0,2
136580000,2,0,0,2
136600000,2,0,0,2
136620000,2,0,0,2
136640000,2,0,0,2
136660000,2,0,0,2
136680000,2,0,0,2
136700000,2,0,0,2
136720000,2,0,0,2
136740000,2,0,0,2
136760000,2,0,0,2
136780000,2,0,0,2
136800000,2,0,0,2
136820000,2,0,0,2
136840000,2,0,0,2
136860000,2,0,0,2
136880000,2,0,0,2
136900000,2,0,0,2
136920000,2,0,0,2
136940000,2,0,0,2
136960000,2,0,0,2
136980000,2,0,0,2
137000000,2,0,0,2
137020000,2,0,0,2
137040000,2,0,0,2
137060000,2,0,0,2
137080000,2,0,0,2
137100000,2,0,0,2
137120000,2,0,0,2
137140000,2,0,0,2
137160000,2,0,0,2
137180000,2,0,0,2
137200000,2,0,0,2
137220000,2,0,0,2
137240000,2,0,0,2
137260000,2,0,0,2
137280000,2,0,0,2
137300000,2,0,0,2
137320000,2,0,0,2
137340000,2,0,0,2
137360000,2,0,0,2
137380000,2,0,0,2
137400000,2,0,0,2
137420000,2,0,0,2
137440000,2,0,0,2
137460000,2,0,0,2
137480000,2,0,0,2
137500000,2,0,0,2
137520000,2,0,0,2
137540000,2,0,0,2
137560000,2,0,0,2
137580000,2,0,0,2
137600000,2,0,0,2
137620000,2,0,0,2
137640000,2,0,0,2
137660000,2,0,0,2
137680000,2,0,0,2
137700000,2,0,0,2
137720000,2,0,0,2
137740000,2,0,0,2
137760000,2,0,0,2
137780000,2,0,0,2
137800000,2,0,0,2
137820000,2,0,0,2
137840000,2,0,0,2
137860000,2,0,0,2
137880000,2,0,0,2
137900000,2,0,0,2
137920000,2,0,0,2
137940000,2,0,0,2
137960000,2,0,0,2
137980000,2,0,0,2
138000000,2,0,0,2
138020000,2,0,0,2
138040000,2,0,0,2
138060000,2,0,0,2
138080000,2,0,0,2
138100000,2,0,0,2
138120000,2,0,0,2
138140000,2,0,0,2
138160000,2,0,0,2
138180000,2,0,0,2
138200000,2,0,0,2
138220000,2,0,0,2
138240000,2,0,0,2
138260000,2,0,0,2
138280000,2,0,0,2
138300000,2,0,0,2
138320000,2,0,0,2
138340000,2,0,0,2
138360000,2,0,0,2
138380000,2,0,0,2
138400000,2,0,0,2
138420000,2,0,0,2
138440000,2,0,0,2
138460000,2,0,0,2
138480000,2,0,0,2
138500000,2,0,0,2
138520000,2,0,0,2
138540000,2,0,0,2
138560000,2,0,0,2
138580000,2,0,0,2
138600000,2,0,0,2
138620000,2,0,0,2
138640000,2,0,0,2
138660000,2,0,0,2
138680000,2,0,0,2
138700000,2,0,0,2
138720000,2,0,0,2
138740000,2,0,0,2
138760000,2,0,0,2
138780000,2,0,0,2
138800000,2,0,0,2
138820000,2,0,0,2
138840000,2,0,0,2
138860000,2,0,0,2
138880000,2,0,0,2
138900000,2,0,0,2
138920000,2,0,0,2
138940000,2,0,0,2
138960000,2,0,0,2
138980000,2,0,0,2
139000000,2,0,0,2
139020000,2,0,0,2
139040000,2,0,0,2
139060000,2,0,0,2
139080000,2,0,0,2
139100000,2,0,0,2
139120000,2,0,0,2
139140000,2,0,0,2
139160000,2,0,0,2
139180000,2,0,0,2
139200000,2,0,0,2
139220000,2,0,0,2
139240000,2,0,0,2
139260000,2,0,0,2
139280000,2,0,0,2
139300000,2,0,0,2
139320000,2,0,0,2
139340000,2,0,0,2
139360000,2,0,0,2
139380000,2,0,0,2
139400000,2,0,0,2
139420000,2,0,0,2
139440000,2,0,0,2
139460000,2,0,0,2
139480000,2,0,0,2
139500000,2,0,0,2
139520000,2,0,0,2
139540000,2,0,0,2
139560000,2,0,0,2
139580000,2,0,0,2
139600000,2,0,0,2
139620000,2,0,0,2
139640000,2,0,0,2
139660000,2,0,0,2
139680000,2,0,0,2
139700000,2,0,0,2
139720000,2,0,0,2
139740000,2,0,0,2
139760000,2,0,0,2
139780000,2,0,0,2
139800000,2,0,0,2
139820000,2,0,0,2
139840000,2,0,0,2
139860000,2,0,0,2
139880000,2,0,0,2
139900000,2,0,0,2
139920000,2,0,0,2
139940000,2,0,0,2
139960000,2,0,0,2
139980000,2,0,0,2
140000000,2,0,0,2
140020000,2,0,0,2
140040000,2,0,0,2
140060000,2,0,0,2
140080000,2,0,0,2
140100000,2,0,0,2
140120000,2,0,0,2
140140000,2,0,0,2
140160000,2,0,0,2
140180000,2,0,0,2
140200000,2,0,0,2
140220000,2,0,0,2
140240000,2,0,0,2
140260000,2,0,0,2
140280000,2,0,0,2
140300000,2,0,0,2
140320000,2,0,0,2
140340000,2,0,0,2
140360000,2,0,0,2
140380000,2,0,0,2
140400000,2,0,0,2
140420000,2,0,0,2
140440000,2,0,0,2
140460000,2,0,0,2
140480000,2,0,0,2
140500000,2,0,0,2
140520000,2,0,0,2
140540000,2,0,0,2
140560000,2,0,0,2
140580000,2,0,0,2
140600000,2,0,0,2
140620000,2,0,0,2
140640000,2,0,0,2
140660000,2,0,0,2
140680000,2,0,0,2
140700000,2,0,0,2
140720000,2,0,0,2
140740000,2,0,0,2
140760000,2,0,0,2
140780000,2,0,0,2
140800000,2,0,0,2
140820000,2,0,0,2
140840000,2,0,0,2
140860000,2,0,0,2
140880000,2,0,0,2
140900000,2,0,0,2
140920000,2,0,0,2
140940000,2,0,0,2
140960000,2,0,0,2
140980000,2,0,0,2
141000000,2,0,0,2
141020000,2,0,0,2
141040000,2,0,0,2
141060000,2,0,0,2
141080000,2,0,0,2
141100000,2,0,0,2
141120000,2,0,0,2
141140000,2,0,0,2
141160000,2,0,0,2
141180000,2,0,0,2
141200000,2,0,0,2
141220000,2,0,0,2
141240000,2,0,0,2
141260000,2,0,0,2
141280000,2,0,0,2
141300000,2,0,0,2
141320000,2,0,0,2
141340000,2,0,0,2
141360000,2,0,0,2
141380000,2,0,0,2
141400000,2,0,0,2
141420000,2,0,0,2
141440000,2,0,0,2
141460000,2,0,0,2
141480000,2,0,0,2
141500000,2,0,0,2
141520000,2,0,0,2
141540000,2,0,0,2
141560000,2,0,0,2
141580000,2,0,0,2
141600000,2,0,0,2
141620000,2,0,0,2
141640000,2,0,0,2
141660000,2,0,0,2
141680000,2,0,0,2
141700000,2,0,0,2
141720000,2,0,0,2
141740000,2,0,0,2
141760000,2,0,0,2
141780000,2,0,0,2
141800000,2,0,0,2
141820000,2,0,0,2
141840000,2,0,0,2
141860000,2,0,0,2
141880000,2,0,0,2
141900000,2,0,0,2
141920000,2,0,0,2
141940000,2,0,0,2
141960000,2,0,0,2
141980000,2,0,0,2
142000000,2,0,0,2
142020000,2,0,0,2
142040000,2,0,0,2
142060000,2,0,0,2
142080000,2,0,0,2
142100000,2,0,0,2
142120000,2,0,0,2
142140000,2,0,0,2
142160000,2,0,0,2
142180000,2,0,0,2
142200000,2,0,0,2
142220000,2,0,0,2
142240000,2,0,0,2
142260000,2,0,0,2
142280000,2,0,0,2
142300000,2,0,0,2
142320000,2,0,0,2
142340000,2,0,0,2
142360000,2,0,0,2
142380000,2,0,0,2
142400000,2,0,0,2
142420000,2,0,0,2
142440000,2,0,0,2
142460000,2,0,0,2
142480000,2,0,0,2
142500000,2,0,0,2
142520000,2,0,0,2
142540000,2,0,0,2
142560000,2,0,0,2
142580000,2,0,0,2
142600000,2,0,0,2
142620000,2,0,0,2
142640000,2,0,0,2
142660000,2,0,0,2
142680000,2,0,0,2
142700000,2,0,0,2
142720000,2,0,0,2
142740000,2,0,0,2
142760000,2,0,0,2
142780000,2,0,0,2
142800000,2,0,0,2
142820000,2,0,0,2
142840000,2,0,0,2
142860000,2,0,0,2
142880000,2,0,0,2
142900000,2,0,0,2
142920000,2,0,0,2
142940000,2,0,0,2
142960000,2,0,0,2
142980000,2,0,0,2
143000000,2,0,0,2
143020000,2,0,0,2
143040000,2,0,0,2
143060000,2,0,0,2
143080000,2,0,0,2
143100000,2,0,0,2
143120000,2,0,0,2
143140000,2,0,0,2
143160000,2,0,0,2
143180000,2,0,0,2
143200000,2,0,0,2
143220000,2,0,0,2
143240000,2,0,0,2
143260000,2,0,0,2
143280000,2,0,0,2
143300000,2,0,0,2
143320000,2,0,0,2
143340000,2,0,0,2
143360000,2,0,0,2
143380000,2,0,0,2
143400000,2,0,0,2
143420000,2,0,0,2
143440000,2,0,0,2
143460000,2,0,0,2
143480000,2,0,0,2
143500000,2,0,0,2
143520000,2,0,0,2
143540000,2,0,0,2
143560000,2,0,0,2
143580000,2,0,0,2
143600000,2,0,0,2
143620000,2,0,0,2
143640000,2,0,0,2
143660000,2,0,0,2
143680000,2,0,0,2
143700000,2,0,0,2
143720000,2,0,0,2
143740000,2,0,0,2
143760000,2,0,0,2
143780000,2,0,0,2
143800000,2,0,0,2
143820000,2,0,0,2
143840000,2,0,0,2
143860000,2,0,0,2
143880000,2,0,0,2
143900000,2,0,0,2
143920000,2,0,0,2
143940000,2,0,0,2
143960000,2,0,0,2
143980000,2,0,0,2
144000000,2,0,0,2
144020000,2,0,0,2
144040000,2,0,0,2
144060000,2,0,0,2
144080000,2,0,0,2
144100000,2,0,0,2
144120000,2,0,0,2
144140000,2,0,0,2
144160000,2,0,0,2
144180000,2,0,0,2
144200000,2,0,0,2
144220000,2,0,0,2
144240000,2,0,0,2
144260000,2,0,0,2
144280000,2,0,0,2
144300000,2,0,0,2
144320000,2,0,0,2
144340000,2,0,0,2
144360000,2,0,0,2
144380000,2,0,0,2
144400000,2,0,0,2
144420000,2,0,0,2
144440000,2,0,0,2
144460000,2,0,0,2
144480000,2,0,0,2
144500000,2,0,0,2
144520000,2,0,0,2
144540000,2,0,0,2
144560000,2,0,0,2
144580000,2,0,0,2
144600000,2,0,0,2
144620000,2,0,0,2
144640000,2,0,0,2
144660000,2,0,0,2
144680000,2,0,0,2
144700000,2,0,0,2
144720000,2,0,0,2
144740000,2,0,0,2
144760000,2,0,0,2
144780000,2,0,0,2
144800000,2,0,0,2
144820000,2,0,0,2
144840000,2,0,0,2
144860000,2,0,0,2
144880000,2,0,0,2
144900000,2,0,0,2
144920000,2,0,0,2
144940000,2,0,0,2
144960000,2,0,0,2
144980000,2,0,0,2
145000000,2,0,0,2
145020000,2,0,0,2
145040000,2,0,0,2
145060000,2,0,0,2
145080000,2,0,0,2
145100000,2,0,0,2
145120000,2,0,0,2
145140000,2,0,0,2
145160000,2,0,0,2
145180000,2,0,0,2
145200000,2,0,0,2
145220000,2,0,0,2
145240000,2,0,0,2
145260000,2,0,0,2
145280000,2,0,0,2
145300000,2,0,0,2
145320000,2,0,0,2
145340000,2,0,0,2
145360000,2,0,0,2
145380000,2,0,0,2
145400000,2,0,0,2
145420000,2,0,0,2
145440000,2,0,0,2
145460000,2,0,0,2
145480000,2,0,0,2
145500000,2,0,0,2
145520000,2,0,0,2
145540000,2,0,0,2
145560000,2,0,0,2
145580000,2,0,0,2
145600000,2,0,0,2
145620000,2,0,0,2
145640000,2,0,0,2
145660000,2,0,0,2
145680000,2,0,0,2
145700000,2,0,0,2
145720000,2,0,0,2
145740000,2,0,0,2
145760000,2,0,0,2
145780000,2,0,0,2
145800000,2,0,0,2
145820000,2,0,0,2
145840000,2,0,0,2
145860000,2,0,0,2
145880000,2,0,0,2
145900000,2,0,0,2
145920000,2,0,0,2
145940000,2,0,0,2
145960000,2,0,0,2
145980000,2,0,0,2
146000000,2,0,0,2
146020000,2,0,0,2
146040000,2,0,0,2
146060000,2,0,0,2
146080000,2,0,0,2
146100000,2,0,0,2
146120000,2,0,0,2
146140000,2,0,0,2
146160000,2,0,0,2
146180000,2,0,0,2
146200000,2,0,0,2
146220000,2,0,0,2
146240000,2,0,0,2
146260000,2,0,0,2
146280000,2,0,0,2
146300000,2,0,0,2
146320000,2,0,0,2
146340000,2,0,0,2
146360000,2,0,0,2
146380000,2,0,0,2
146400000,2,0,0,2
146420000,2,0,0,2
146440000,2,0,0,2
146460000,2,0,0,2
146480000,2,0,0,2
146500000,2,0,0,2
146520000,2,0,0,2
146540000,2,0,0,2
146560000,2,0,0,2
146580000,2,0,0,2
146600000,2,0,0,2
146620000,2,0,0,2
146640000,2,0,0,2
146660000,2,0,0,2
146680000,2,0,0,2
146700000,2,0,0,2
146720000,2,0,0,2
146740000,2,0,0,2
146760000,2,0,0,2
146780000,2,0,0,2
146800000,2,0,0,2
146820000,2,0,0,2
146840000,2,0,0,2
146860000,2,0,0,2
146880000,2,0,0,2
146900000,2,0,0,2
146920000,2,0,0,2
146940000,2,0,0,2
146960000,2,0,0,2
146980000,2,0,0,2
147000000,2,0,0,2
147020000,2,0,0,2
147040000,2,0,0,2
147060000,2,0,0,2
147080000,2,0,0,2
147100000,2,0,0,2
147120000,2,0,0,2
147140000,2,0,0,2
147160000,2,0,0,2
147180000,2,0,0,2
147200000,2,0,0,2
147220000,2,0,0,2
147240000,2,0,0,2
147260000,2,0,0,2
147280000,2,0,0,2
147300000,2,0,0,2
147320000,2,0,0,2
147340000,2,0,0,2
147360000,2,0,0,2
147380000,2,0,0,2
147400000,2,0,0,2
147420000,2,0,0,2
147440000,2,0,0,2
147460000,2,0,0,2
147480000,2,0,0,2
147500000,2,0,0,2
147520000,2,0,0,2
147540000,2,0,0,2
147560000,2,0,0,2
147580000,2,0,0,2
147600000,2,0,0,2
147620000,2,0,0,2
147640000,2,0,0,2
147660000,2,0,0,2
147680000,2,0,0,2
147700000,2,0,0,2
147720000,2,0,0,2
147740000,2,0,0,2
147760000,2,0,0,2
147780000,2,0,0,2
147800000,2,0,0,2
147820000,2,0,0,2
147840000,2,0,0,2
147860000,2,0,0,2
147880000,2,0,0,2
147900000,2,0,0,2
147920000,2,0,0,2
147940000,2,0,0,2
147960000,2,0,0,2
147980000,2,0,0,2
148000000,2,0,0,2
148020000,2,0,0,2
148040000,2,0,0,2
148060000,2,0,0,2
148080000,2,0,0,2
148100000,2,0,0,2
148120000,2,0,0,2
148140000,2,0,0,2
148160000,2,0,0,2
148180000,2,0,0,2
148200000,2,0,0,2
148220000,2,0,0,2
148240000,2,0,0,2
148260000,2,0,0,2
148280000,2,0,0,2
148300000,2,0,0,2
148320000,2,0,0,2
148340000,2,0,0,2
148360000,2,0,0,2
148380000,2,0,0,2
148400000,2,0,0,2
148420000,2,0,0,2
148440000,2,0,0,2
148460000,2,0,0,2
148480000,2,0,0,2
148500000,2,0,0,2
148520000,2,0,0,2
148540000,2,0,0,2
148560000,2,0,0,2
148580000,2,0,0,2
148600000,2,0,0,2
148620000,2,0,0,2
148640000,2,0,0,2
148660000,2,0,0,2
148680000,2,0,0,2
148700000,2,0,0,2
148720000,2,0,0,2
148740000,2,0,0,2
148760000,2,0,0,2
148780000,2,0,0,2
148800000,2,0,0,2
148820000,2,0,0,2
148840000,2,0,0,2
148860000,2,0,0,2
148880000,2,0,0,2
148900000,2,0,0,2
148920000,2,0,0,2
148940000,2,0,0,2
148960000,2,0,0,2
148980000,2,0,0,2
149000000,2,0,0,2
149020000,2,0,0,2
149040000,2,0,0,2
149060000,2,0,0,2
149080000,2,0,0,2
149100000,2,0,0,2
149120000,2,0,0,2
149140000,2,0,0,2
149160000,2,0,0,2
149180000,2,0,0,2
149200000,2,0,0,2
149220000,2,0,0,2
149240000,2,0,0,2
149260000,2,0,0,2
149280000,2,0,0,2
149300000,2,0,0,2
149320000,2,0,0,2
149340000,2,0,0,2
149360000,2,0,0,2
149380000,2,0,0,2
149400000,2,0,0,2
149420000,2,0,0,2
149440000,2,0,0,2
149460000,2,0,0,2
149480000,2,0,0,2
149500000,2,0,0,2
149520000,2,0,0,2
149540000,2,0,0,2
149560000,2,0,0,2
149580000,2,0,0,2
149600000,2,0,0,2
149620000,2,0,0,2
149640000,2,0,0,2
149660000,2,0,0,2
149680000,2,0,0,2
149700000,2,0,0,2
149720000,2,0,0,2
149740000,2,0,0,2
149760000,2,0,0,2
149780000,2,0,0,2
149800000,2,0,0,2
149820000,2,0,0,2
149840000,2,0,0,2
149860000,2,0,0,2
149880000,2,0,0,2
149900000,2,0,0,2
149920000,2,0,0,2
149940000,2,0,0,2
149960000,2,0,0,2
149980000,2,0,0,2
150000000,2,0,0,2
150020000,2,0,0,2
150040000,2,0,0,2
150060000,2,0,0,2
150080000,2,0,0,2
150100000,2,0,0,2
150120000,2,0,0,2
150140000,2,0,0,2
150160000,2,0,0,2
150180000,2,0,0,2
150200000,2,0,0,2
150220000,2,0,0,2
150240000,2,0,0,2
150260000,2,0,0,2
150280000,2,0,0,2
150300000,2,0,0,2
150320000,2,0,0,2
150340000,2,0,0,2
150360000,2,0,0,2
150380000,2,0,0,2
150400000,2,0,0,2
150420000,2,0,0,2
150440000,2,0,0,2
150460000,2,0,0,2
150480000,2,0,0,2
150500000,2,0,0,2
150520000,2,0,0,2
150540000,2,0,0,2
150560000,2,0,0,2
150580000,2,0,0,2
150600000,2,0,0,2
150620000,2,0,0,2
150640000,2,0,0,2
150660000,2,0,0,2
150680000,2,0,0,2
150700000,2,0,0,2
150720000,2,0,0,2
150740000,2,0,0,2
150760000,2,0,0,2
150780000,2,0,0,2
150800000,2,0,0,2
150820000,2,0,0,2
150840000,2,0,0,2
150860000,2,0,0,2
150880000,2,0,0,2
150900000,2,0,0,2
150920000,2,0,0,2
150940000,2,0,0,2
150960000,2,0,0,2
150980000,2,0,0,2
151000000,2,0,0,2
151020000,2,0,0,2
151040000,2,0,0,2
151060000,2,0,0,2
151080000,2,0,0,2
151100000,2,0,0,2
151120000,2,0,0,2
151140000,2,0,0,2
151160000,2,0,0,2
151180000,2,0,0,2
151200000,2,0,0,2
151220000,2,0,0,2
151240000,2,0,0,2
151260000,2,0,0,2
151280000,2,0,0,2
151300000,2,0,0,2
151320000,2,0,0,2
151340000,2,0,0,2
151360000,2,0,0,2
151380000,2,0,0,2
151400000,2,0,0,2
151420000,2,0,0,2
151440000,2,0,0,2
151460000,2,0,0,2
151480000,2,0,0,2
151500000,2,0,0,2
151520000,2,0,0,2
151540000,2,0,0,2
151560000,2,0,0,2
151580000,2,0,0,2
151600000,2,0,0,2
151620000,2,0,0,2
151640000,2,0,0,2
151660000,2,0,0,2
151680000,2,0,0,2
151700000,2,0,0,2
151720000,2,0,0,2
151740000,2,0,0,2
151760000,2,0,0,2
151780000,2,0,0,2
151800000,2,0,0,2
151820000,2,0,0,2
151840000,2,0,0,2
151860000,2,0,0,2
151880000,2,0,0,2
151900000,2,0,0,2
151920000,2,0,0,2
151940000,2,0,0,2
151960000,2,0,0,2
151980000,2,0,0,2
152000000,2,0,0,2
152020000,2,0,0,2
152040000,2,0,0,2
152060000,2,0,0,2
152080000,2,0,0,2
152100000,2,0,0,2
152120000,2,0,0,2
152140000,2,0,0,2
152160000,2,0,0,2
152180000,2,0,0,2
152200000,2,0,0,2
152220000,2,0,0,2
152240000,2,0,0,2
152260000,2,0,0,2
152280000,2,0,0,2
152300000,2,0,0,2
152320000,2,0,0,2
152340000,2,0,0,2
152360000,2,0,0,2
152380000,2,0,0,2
152400000,2,0,0,2
152420000,2,0,0,2
152440000,2,0,0,2
152460000,2,0,0,2
152480000,2,0,0,2
152500000,2,0,0,2
152520000,2,0,0,2
152540000,2,0,0,2
152560000,2,0,0,2
152580000,2,0,0,2
152600000,2,0,0,2
152620000,2,0,0,2
152640000,2,0,0,2
152660000,2,0,0,2
152680000,2,0,0,2
152700000,2,0,0,2
152720000,2,0,0,2
152740000,2,0,0,2
152760000,2,0,0,2
152780000,2,0,0,2
152800000,2,0,0,2
152820000,2,0,0,2
152840000,2,0,0,2
152860000,2,0,0,2
152880000,2,0,0,2
152900000,2,0,0,2
152920000,2,0,0,2
152940000,2,0,0,2
152960000,2,0,0,2
152980000,2,0,0,2
153000000,2,0,0,2
153020000,2,0,0,2
153040000,2,0,0,2
153060000,2,0,0,2
153080000,2,0,0,2
153100000,2,0,0,2
153120000,2,0,0,2
153140000,2,0,0,2
153160000,2,0,0,2
153180000,2,0,0,2
153200000,2,0,0,2
153220000,2,0,0,2
153240000,2,0,0,2
153260000,2,0,0,2
153280000,2,0,0,2
153300000,2,0,0,2
153320000,2,0,0,2
153340000,2,0,0,2
153360000,2,0,0,2
153380000,2,0,0,2
153400000,2,0,0,2
153420000,2,0,0,2
153440000,2,0,0,2
153460000,2,0,0,2
153480000,2,0,0,2
153500000,2,0,0,2
153520000,2,0,0,2
153540000,2,0,0,2
153560000,2,0,0,2
153580000,2,0,0,2
153600000,2,0,0,2
153620000,2,0,0,2
153640000,2,0,0,2
153660000,2,0,0,2
153680000,2,0,0,2
153700000,2,0,0,2
153720000,2,0,0,2
153740000,2,0,0,2
153760000,2,0,0,2
153780000,2,0,0,2
153800000,2,0,0,2
153820000,2,0,0,2
153840000,2,0,0,2
153860000,2,0,0,2
153880000,2,0,0,2
153900000,2,0,0,2
153920000,2,0,0,2
153940000,2,0,0,2
153960000,2,0,0,2
153980000,2,0,0,2
154000000,2,0,0,2
154020000,2,0,0,2
154040000,2,0,0,2
154060000,2,0,0,2
154080000,2,0,0,2
154100000,2,0,0,2
154120000,2,0,0,2
154140000,2,0,0,2
154160000,2,0,0,2
154180000,2,0,0,2
154200000,2,0,0,2
154220000,2,0,0,2
154240000,2,0,0,2
154260000,2,0,0,2
154280000,2,0,0,2
154300000,2,0,0,2
154320000,2,0,0,2
154340000,2,0,0,2
154360000,2,0,0,2
154380000,2,0,0,2
154400000,2,0,0,2
154420000,2,0,0,2
154440000,2,0,0,2
154460000,2,0,0,2
154480000,2,0,0,2
154500000,2,0,0,2
154520000,2,0,0,2
154540000,2,0,0,2
154560000,2,0,0,2
154580000,2,0,0,2
154600000,2,0,0,2
154620000,2,0,0,2
154640000,2,0,0,2
154660000,2,0,0,2
154680000,2,0,0,2
154700000,2,0,0,2
154720000,2,0,0,2
154740000,2,0,0,2
154760000,2,0,0,2
154780000,2,0,0,2
154800000,2,0,0,2
154820000,2,0,0,2
154840000,2,0,0,2
154860000,2,0,0,2
154880000,2,0,0,2
154900000,2,0,0,2
154920000,2,0,0,2
154940000,2,0,0,2
154960000,2,0,0,2
154980000,2,0,0,2
155000000,2,0,0,2
155020000,2,0,0,2
155040000,2,0,0,2
155060000,2,0,0,2
155080000,2,0,0,2
155100000,2,0,0,2
155120000,2,0,0,2
155140000,2,0,0,2
155160000,2,0,0,2
155180000,2,0,0,2
155200000,2,0,0,2
155220000,2,0,0,2
155240000,2,0,0,2
155260000,2,0,0,2
155280000,2,0,0,2
155300000,2,0,0,2
155320000,2,0,0,2
155340000,2,0,0,2
155360000,2,0,0,2
155380000,2,0,0,2
155400000,2,0,0,2
155420000,2,0,0,2
155440000,2,0,0,2
155460000,2,0,0,2
155480000,2,0,0,2
155500000,2,0,0,2
155520000,2,0,0,2
155540000,2,0,0,2
155560000,2,0,0,2
155580000,2,0,0,2
155600000,2,0,0,2
155620000,2,0,0,2
155640000,2,0,0,2
155660000,2,0,0,2
155680000,2,0,0,2
155700000,2,0,0,2
155720000,2,0,0,2
155740000,2,0,0,2
155760000,2,0,0,2
155780000,2,0,0,2
155800000,2,0,0,2
155820000,2,0,0,2
155840000,2,0,0,2
155860000,2,0,0,2
155880000,2,0,0,2
155900000,2,0,0,2
155920000,2,0,0,2
155940000,2,0,0,2
155960000,2,0,0,2
155980000,2,0,0,2
156000000,2,0,0,2
156020000,2,0,0,2
156040000,2,0,0,2
156060000,2,0,0,2
156080000,2,0,0,2
156100000,2,0,0,2
156120000,2,0,0,2
156140000,2,0,0,2
156160000,2,0,0,2
156180000,2,0,0,2
156200000,2,0,0,2
156220000,2,0,0,2
156240000,2,0,0,2
156260000,2,0,0,2
156280000,2,0,0,2
156300000,2,0,0,2
156320000,2,0,0,2
156340000,2,0,0,2
156360000,2,0,0,2
156380000,2,0,0,2
156400000,2,0,0,2
156420000,2,0,0,2
156440000,2,0,0,2
156460000,2,0,0,2
156480000,2,0,0,2
156500000,2,0,0,2
156520000,2,0,0,2
156540000,2,0,0,2
156560000,2,0,0,2
156580000,2,0,0,2
156600000,2,0,0,2
156620000,2,0,0,2
156640000,2,0,0,2
156660000,2,0,0,2
156680000,2,0,0,2
156700000,2,0,0,2
156720000,2,0,0,2
156740000,2,0,0,2
156760000,2,0,0,2
156780000,2,0,0,2
156800000,2,0,0,2
156820000,2,0,0,2
156840000,2,0,0,2
156860000,2,0,0,2
156880000,2,0,0,2
156900000,2,0,0,2
156920000,2,0,0,2
156940000,2,0,0,2
156960000,2,0,0,2
156980000,2,0,0,2
157000000,2,0,0,2
157020000,2,0,0,2
157040000,2,0,0,2
157060000,2,0,0,2
157080000,2,0,0,2
157100000,2,0,0,2
157120000,2,0,0,2
157140000,2,0,0,2
157160000,2,0,0,2
157180000,2,0,0,2
157200000,2,0,0,2
157220000,2,0,0,2
157240000,2,0,0,2
157260000,2,0,0,2
157280000,2,0,0,2
157300000,2,0,0,2
157320000,2,0,0,2
157340000,2,0,0,2
157360000,2,0,0,2
157380000,2,0,0,2
157400000,2,0,0,2
157420000,2,0,0,2
157440000,2,0,0,2
157460000,2,0,0,2
157480000,2,0,0,2
157500000,2,0,0,2
157520000,2,0,0,2
157540000,2,0,0,2
157560000,2,0,0,2
157580000,2,0,0,2
157600000,2,0,0,2
157620000,2,0,0,2
157640000,2,0,0,2
157660000,2,0,0,2
157680000,2,0,0,2
157700000,2,0,0,2
157720000,2,0,0,2
157740000,2,0,0,2
157760000,2,0,0,2
157780000,2,0,0,2
157800000,2,0,0,2
157820000,2,0,0,2
157840000,2,0,0,2
157860000,2,0,0,2
157880000,2,0,0,2
157900000,2,0,0,2
157920000,2,0,0,2
157940000,2,0,0,2
157960000,2,0,0,2
157980000,2,0,0,2
158000000,2,0,0,2
158020000,2,0,0,2
158040000,2,0,0,2
158060000,2,0,0,2
158080000,2,0,0,2
158100000,2,0,0,2
158120000,2,0,0,2
158140000,2,0,0,2
158160000,2,0,0,2
158180000,2,0,0,2
158200000,2,0,0,2
158220000,2,0,0,2
158240000,2,0,0,2
158260000,2,0,0,2
158280000,2,0,0,2
158300000,2,0,0,2
158320000,2,0,0,2
158340000,2,0,0,2
158360000,2,0,0,2
158380000,2,0,0,2
158400000,2,0,0,2
158420000,2,0,0,2
158440000,2,0,0,2
158460000,2,0,0,2
158480000,2,0,0,2
158500000,2,0,0,2
158520000,2,0,0,2
158540000,2,0,0,2
158560000,2,0,0,2
158580000,2,0,0,2
158600000,2,0,0,2
158620000,2,0,0,2
158640000,2,0,0,2
158660000,2,0,0,2
158680000,2,0,0,2
158700000,2,0,0,2
158720000,2,0,0,2
158740000,2,0,0,2
158760000,2,0,0,2
158780000,2,0,0,2
158800000,2,0,0,2
158820000,2,0,0,2
158840000,2,0,0,2
158860000,2,0,0,2
158880000,2,0,0,2
158900000,2,0,0,2
158920000,2,0,0,2
158940000,2,0,0,2
158960000,2,0,0,2
158980000,2,0,0,2
159000000,2,0,0,2
159020000,2,0,0,2
159040000,2,0,0,2
159060000,2,0,0,2
159080000,2,0,0,2
159100000,2,0,0,2
159120000,2,0,0,2
159140000,2,0,0,2
159160000,2,0,0,2
159180000,2,0,0,2
159200000,2,0,0,2
159220000,2,0,0,2
159240000,2,0,0,2
159260000,2,0,0,2
159280000,2,0,0,2
159300000,2,0,0,2
159320000,2,0,0,2
159340000,2,0,0,2
159360000,2,0,0,2
159380000,2,0,0,2
159400000,2,0,0,2
159420000,2,0,0,2
159440000,2,0,0,2
159460000,2,0,0,2
159480000,2,0,0,2
159500000,2,0,0,2
159520000,2,0,0,2
159540000,2,0,0,2
159560000,2,0,0,2
159580000,2,0,0,2
159600000,2,0,0,2
159620000,2,0,0,2
159640000,2,0,0,2
159660000,2,0,0,2
159680000,2,0,0,2
159700000,2,0,0,2
159720000,2,0,0,2
159740000,2,0,0,2
159760000,2,0,0,2
159780000,2,0,0,2
159800000,2,0,0,2
159820000,2,0,0,2
159840000,2,0,0,2
159860000,2,0,0,2
159880000,2,0,0,2
159900000,2,0,0,2
159920000,2,0,0,2
159940000,2,0,0,2
159960000,2,0,0,2
159980000,2,0,0,2
160000000,2,0,0,2
160020000,2,0,0,2
160040000,2,0,0,2
160060000,2,0,0,2
160080000,2,0,0,2
160100000,2,0,0,2
160120000,2,0,0,2
160140000,2,0,0,2
160160000,2,0,0,2
160180000,2,0,0,2
160200000,2,0,0,2
160220000,2,0,0,2
160240000,2,0,0,2
160260000,2,0,0,2
160280000,2,0,0,2
160300000,2,0,0,2
160320000,2,0,0,2
160340000,2,0,0,2
160360000,2,0,0,2
160380000,2,0,0,2
160400000,2,0,0,2
160420000,2,0,0,2
160440000,2,0,0,2
160460000,2,0,0,2
160480000,2,0,0,2
160500000,2,0,0,2
160520000,2,0,0,2
160540000,2,0,0,2
160560000,2,0,0,2
160580000,2,0,0,2
160600000,2,0,0,2
160620000,2,0,0,2
160640000,2,0,0,2
160660000,2,0,0,2
160680000,2,0,0,2
160700000,2,0,0,2
160720000,2,0,0,2
160740000,2,0,0,2
160760000,2,0,0,2
160780000,2,0,0,2
160800000,2,0,0,2
160820000,2,0,0,2
160840000,2,0,0,2
160860000,2,0,0,2
160880000,2,0,0,2
160900000,2,0,0,2
160920000,2,0,0,2
160940000,2,0,0,2
160960000,2,0,0,2
160980000,2,0,0,2
161000000,2,0,0,2
161020000,2,0,0,2
161040000,2,0,0,2
161060000,2,0,0,2
161080000,2,0,0,2
161100000,2,0,0,2
161120000,2,0,0,2
161140000,2,0,0,2
161160000,2,0,0,2
161180000,2,0,0,2
161200000,2,0,0,2
161220000,2,0,0,2
161240000,2,0,0,2
161260000,2,0,0,2
161280000,2,0,0,2
161300000,2,0,0,2
161320000,2,0,0,2
161340000,2,0,0,2
161360000,2,0,0,2
161380000,2,0,0,2
161400000,2,0,0,2
161420000,2,0,0,2
161440000,2,0,0,2
161460000,2,0,0,2
161480000,2,0,0,2
161500000,2,0,0,2
161520000,2,0,0,2
161540000,2,0,0,2
161560000,2,0,0,2
161580000,2,0,0,2
161600000,2,0,0,2
161620000,2,0,0,2
161640000,2,0,0,2
161660000,2,0,0,2
161680000,2,0,0,2
161700000,2,0,0,2
161720000,2,0,0,2
161740000,2,0,0,2
161760000,2,0,0,2
161780000,2,0,0,2
161800000,2,0,0,2
161820000,2,0,0,2
161840000,2,0,0,2
161860000,2,0,0,2
161880000,2,0,0,2
161900000,2,0,0,2
161920000,2,0,0,2
161940000,2,0,0,2
161960000,2,0,0,2
161980000,2,0,0,2
162000000,2,0,0,2
162020000,2,0,0,2
162040000,2,0,0,2
162060000,2,0,0,2
162080000,2,0,0,2
162100000,2,0,0,2
162120000,2,0,0,2
162140000,2,0,0,2
162160000,2,0,0,2
162180000,2,0,0,2
162200000,2,0,0,2
162220000,2,0,0,2
162240000,2,0,0,2
162260000,2,0,0,2
162280000,2,0,0,2
162300000,2,0,0,2
162320000,2,0,0,2
162340000,2,0,0,2
162360000,2,0,0,2
162380000,2,0,0,2
162400000,2,0,0,2
162420000,2,0,0,2
162440000,2,0,0,2
162460000,2,0,0,2
162480000,2,0,0,2
162500000,2,0,0,2
162520000,2,0,0,2
162540000,2,0,0,2
162560000,2,0,0,2
162580000,2,0,0,2
162600000,2,0,0,2
162620000,2,0,0,2
162640000,2,0,0,2
162660000,2,0,0,2
162680000,2,0,0,2
162700000,2,0,0,2
162720000,2,0,0,2
162740000,2,0,0,2
162760000,2,0,0,2
162780000,2,0,0,2
162800000,2,0,0,2
162820000,2,0,0,2
162840000,2,0,0,2
162860000,2,0,0,2
162880000,2,0,0,2
162900000,2,0,0,2
162920000,2,0,0,2
162940000,2,0,0,2
162960000,2,0,0,2
162980000,2,0,0,2
163000000,2,0,0,2
163020000,2,0,0,2
163040000,2,0,0,2
163060000,2,0,0,2
163080000,2,0,0,2
163100000,2,0,0,2
163120000,2,0,0,2
163140000,2,0,0,2
163160000,2,0,0,2
163180000,2,0,0,2
163200000,2,0,0,2
163220000,2,0,0,2
163240000,2,0,0,2
163260000,2,0,0,2
163280000,2,0,0,2
163300000,2,0,0,2
163320000,2,0,0,2
163340000,2,0,0,2
163360000,2,0,0,2
163380000,2,0,0,2
163400000,2,0,0,2
163420000,2,0,0,2
163440000,2,0,0,2
163460000,2,0,0,2
163480000,2,0,0,2
163500000,2,0,0,2
163520000,2,0,0,2
163540000,2,0,0,2
163560000,2,0,0,2
163580000,2,0,0,2
163600000,2,0,0,2
163620000,2,0,0,2
163640000,2,0,0,2
163660000,2,0,0,2
163680000,2,0,0,2
163700000,2,0,0,2
163720000,2,0,0,2
163740000,2,0,0,2
163760000,2,0,0,2
163780000,2,0,0,2
163800000,2,0,0,2
163820000,2,0,0,2
163840000,2,0,0,2
163860000,2,0,0,2
163880000,2,0,0,2
163900000,2,0,0,2
163920000,2,0,0,2
163940000,2,0,0,2
163960000,2,0,0,2
163980000,2,0,0,2
164000000,2,0,0,2
164020000,2,0,0,2
164040000,2,0,0,2
164060000,2,0,0,2
164080000,2,0,0,2
164100000,2,0,0,2
164120000,2,0,0,2
164140000,2,0,0,2
164160000,2,0,0,2
164180000,2,0,0,2
164200000,2,0,0,2
164220000,2,0,0,2
164240000,2,0,0,2
164260000,2,0,0,2
164280000,2,0,0,2
164300000,2,0,0,2
164320000,2,0,0,2
164340000,2,0,0,2
164360000,2,0,0,2
164380000,2,0,0,2
164400000,2,0,0,2
164420000,2,0,0,2
164440000,2,0,0,2
164460000,2,0,0,2
164480000,2,0,0,2
164500000,2,0,0,2
164520000,2,0,0,2
164540000,2,0,0,2
164560000,2,0,0,2
164580000,2,0,0,2
164600000,2,0,0,2
164620000,2,0,0,2
164640000,2,0,0,2
164660000,2,0,0,2
164680000,2,0,0,2
164700000,2,0,0,2
164720000,2,0,0,2
164740000,2,0,0,2
164760000,2,0,0,2
164780000,2,0,0,2
164800000,2,0,0,2
164820000,2,0,0,2
164840000,2,0,0,2
164860000,2,0,0,2
164880000,2,0,0,2
164900000,2,0,0,2
164920000,2,0,0,2
164940000,2,0,0,2
164960000,2,0,0,2
164980000,2,0,0,2
165000000,2,0,0,2
165020000,2,0,0,2
165040000,2,0,0,2
165060000,2,0,0,2
165080000,2,0,0,2
165100000,2,0,0,2
165120000,2,0,0,2
165140000,2,0,0,2
165160000,2,0,0,2
165180000,2,0,0,2
165200000,2,0,0,2
165220000,2,0,0,2
165240000,2,0,0,2
165260000,2,0,0,2
165280000,2,0,0,2
165300000,2,0,0,2
165320000,2,0,0,2
165340000,2,0,0,2
165360000,2,0,0,2
165380000,2,0,0,2
165400000,2,0,0,2
165420000,2,0,0,2
165440000,2,0,0,2
165460000,2,0,0,2
165480000,2,0,0,2
165500000,2,0,0,2
165520000,2,0,0,2
165540000,2,0,0,2
165560000,2,0,0,2
165580000,2,0,0,2
165600000,2,0,0,2
165620000,2,0,0,2
165640000,2,0,0,2
165660000,2,0,0,2
165680000,2,0,0,2
165700000,2,0,0,2
165720000,2,0,0,2
165740000,2,0,0,2
165760000,2,0,0,2
165780000,2,0,0,2
165800000,2,0,0,2
165820000,2,0,0,2
165840000,2,0,0,2
165860000,2,0,0,2
165880000,2,0,0,2
165900000,2,0,0,2
165920000,2,0,0,2
165940000,2,0,0,2
165960000,2,0,0,2
165980000,2,0,0,2
166000000,2,0,0,2
166020000,2,0,0,2
166040000,2,0,0,2
166060000,2,0,0,2
166080000,2,0,0,2
166100000,2,0,0,2
166120000,2,0,0,2
166140000,2,0,0,2
166160000,2,0,0,2
166180000,2,0,0,2
166200000,2,0,0,2
166220000,2,0,0,2
166240000,2,0,0,2
166260000,2,0,0,2
166280000,2,0,0,2
166300000,2,0,0,2
166320000,2,0,0,2
166340000,2,0,0,2
166360000,2,0,0,2
166380000,2,0,0,2
166400000,2,0,0,2
166420000,2,0,0,2
166440000,2,0,0,2
166460000,2,0,0,2
166480000,2,0,0,2
166500000,2,0,0,2
166520000,2,0,0,2
166540000,2,0,0,2
166560000,2,0,0,2
166580000,2,0,0,2
166600000,2,0,0,2
166620000,2,0,0,2
166640000,2,0,0,2
166660000,2,0,0,2
166680000,2,0,0,2
166700000,2,0,0,2
166720000,2,0,0,2
166740000,2,0,0,2
166760000,2,0,0,2
166780000,2,0,0,2
166800000,2,0,0,2
166820000,2,0,0,2
166840000,2,0,0,2
166860000,2,0,0,2
166880000,2,0,0,2
166900000,2,0,0,2
166920000,2,0,0,2
166940000,2,0,0,2
166960000,2,0,0,2
166980000,2,0,0,2
167000000,2,0,0,2
167020000,2,0,0,2
167040000,2,0,0,2
167060000,2,0,0,2
167080000,2,0,0,2
167100000,2,0,0,2
167120000,2,0,0,2
167140000,2,0,0,2
167160000,2,0,0,2
167180000,2,0,0,2
167200000,2,0,0,2
167220000,2,0,0,2
167240000,2,0,0,2
167260000,2,0,0,2
167280000,2,0,0,2
167300000,2,0,0,2
167320000,2,0,0,2
167340000,2,0,0,2
167360000,2,0,0,2
167380000,2,0,0,2
167400000,2,0,0,2
167420000,2,0,0,2
167440000,2,0,0,2
167460000,2,0,0,2
167480000,2,0,0,2
167500000,2,0,0,2
167520000,2,0,0,2
167540000,2,0,0,2
167560000,2,0,0,2
167580000,2,0,0,2
167600000,2,0,0,2
167620000,2,0,0,2
167640000,2,0,0,2
167660000,2,0,0,2
167680000,2,0,0,2
167700000,2,0,0,2
167720000,2,0,0,2
167740000,2,0,0,2
167760000,2,0,0,2
167780000,2,0,0,2
167800000,2,0,0,2
167820000,2,0,0,2
167840000,2,0,0,2
167860000,2,0,0,2
167880000,2,0,0,2
167900000,2,0,0,2
167920000,2,0,0,2
167940000,2,0,0,2
167960000,2,0,0,2
167980000,2,0,0,2
168000000,2,0,0,2
168020000,2,0,0,2
168040000,2,0,0,2
168060000,2,0,0,2
168080000,2,0,0,2
168100000,2,0,0,2
168120000,2,0,0,2
168140000,2,0,0,2
168160000,2,0,0,2
168180000,2,0,0,2
168200000,2,0,0,2
168220000,2,0,0,2
168240000,2,0,0,2
168260000,2,0,0,2
168280000,2,0,0,2
168300000,2,0,0,2
168320000,2,0,0,2
168340000,2,0,0,2
168360000,2,0,0,2
168380000,2,0,0,2
168400000,2,0,0,2
168420000,2,0,0,2
168440000,2,0,0,2
168460000,2,0,0,2
168480000,2,0,0,2
168500000,2,0,0,2
168520000,2,0,0,2
168540000,2,0,0,2
168560000,2,0,0,2
168580000,2,0,0,2
168600000,2,0,0,2
168620000,2,0,0,2
168640000,2,0,0,2
168660000,2,0,0,2
168680000,2,0,0,2
168700000,2,0,0,2
168720000,2,0,0,2
168740000,2,0,0,2
168760000,2,0,0,2
168780000,2,0,0,2
168800000,2,0,0,2
168820000,2,0,0,2
168840000,2,0,0,2
168860000,2,0,0,2
168880000,2,0,0,2
168900000,2,0,0,2
168920000,2,0,0,2
168940000,2,0,0,2
168960000,2,0,0,2
168980000,2,0,0,2
169000000,2,0,0,2
169020000,2,0,0,2
169040000,2,0,0,2
169060000,2,0,0,2
169080000,2,0,0,2
169100000,2,0,0,2
169120000,2,0,0,2
169140000,2,0,0,2
169160000,2,0,0,2
169180000,2,0,0,2
169200000,2,0,0,2
169220000,2,0,0,2
169240000,2,0,0,2
169260000,2,0,0,2
169280000,2,0,0,2
169300000,2,0,0,2
169320000,2,0,0,2
169340000,2,0,0,2
169360000,2,0,0,2
169380000,2,0,0,2
169400000,2,0,0,2
169420000,2,0,0,2
169440000,2,0,0,2
169460000,2,0,0,2
169480000,2,0,0,2
169500000,2,0,0,2
169520000,2,0,0,2
169540000,2,0,0,2
169560000,2,0,0,2
169580000,2,0,0,2
169600000,2,0,0,2
169620000,2,0,0,2
169640000,2,0,0,2
169660000,2,0,0,2
169680000,2,0,0,2
169700000,2,0,0,2
169720000,2,0,0,2
169740000,2,0,0,2
169760000,2,0,0,2
169780000,2,0,0,2
169800000,2,0,0,2
169820000,2,0,0,2
169840000,2,0,0,2
169860000,2,0,0,2
169880000,2,0,0,2
169900000,2,0,0,2
169920000,2,0,0,2
169940000,2,0,0,2
169960000,2,0,0,2
169980000,2,0,0,2
170000000,2,0,0,2
170020000,2,0,0,2
170040000,2,0,0,2
170060000,2,0,0,2
170080000,2,0,0,2
170100000,2,0,0,2
170120000,2,0,0,2
170140000,2,0,0,2
170160000,2,0,0,2
170180000,2,0,0,2
170200000,2,0,0,2
170220000,2,0,0,2
170240000,2,0,0,2
170260000,2,0,0,2
170280000,2,0,0,2
170300000,2,0,0,2
170320000,2,0,0,2
170340000,2,0,0,2
170360000,2,0,0,2
170380000,2,0,0,2
170400000,2,0,0,2
170420000,2,0,0,2
170440000,2,0,0,2
170460000,2,0,0,2
170480000,2,0,0,2
170500000,2,0,0,2
170520000,2,0,0,2
170540000,2,0,0,2
170560000,2,0,0,2
170580000,2,0,0,2
170600000,2,0,0,2
170620000,2,0,0,2
170640000,2,0,0,2
170660000,2,0,0,2
170680000,2,0,0,2
170700000,2,0,0,2
170720000,2,0,0,2
170740000,2,0,0,2
170760000,2,0,0,2
170780000,2,0,0,2
170800000,2,0,0,2
170820000,2,0,0,2
170840000,2,0,0,2
170860000,2,0,0,2
170880000,2,0,0,2
170900000,2,0,0,2
170920000,2,0,0,2
170940000,2,0,0,2
170960000,2,0,0,2
170980000,2,0,0,2
171000000,2,0,0,2
171020000,2,0,0,2
171040000,2,0,0,2
171060000,2,0,0,2
171080000,2,0,0,2
171100000,2,0,0,2
171120000,2,0,0,2
171140000,2,0,0,2
171160000,2,0,0,2
171180000,2,0,0,2
171200000,2,0,0,2
171220000,2,0,0,2
171240000,2,0,0,2
171260000,2,0,0,2
171280000,2,0,0,2
171300000,2,0,0,2
171320000,2,0,0,2
171340000,2,0,0,2
171360000,2,0,0,2
171380000,2,0,0,2
171400000,2,0,0,2
171420000,2,0,0,2
171440000,2,0,0,2
171460000,2,0,0,2
171480000,2,0,0,2
171500000,2,0,0,2
171520000,2,0,0,2
171540000,2,0,0,2
171560000,2,0,0,2
171580000,2,0,0,2
171600000,2,0,0,2
171620000,2,0,0,2
171640000,2,0,0,2
171660000,2,0,0,2
171680000,2,0,0,2
171700000,2,0,0,2
171720000,2,0,0,2
171740000,2,0,0,2
171760000,2,0,0,2
171780000,2,0,0,2
171800000,2,0,0,2
171820000,2,0,0,2
171840000,2,0,0,2
171860000,2,0,0,2
171880000,2,0,0,2
171900000,2,0,0,2
171920000,2,0,0,2
171940000,2,0,0,2
171960000,2,0,0,2
171980000,2,0,0,2
172000000,2,0,0,2
172020000,2,0,0,2
172040000,2,0,0,2
172060000,2,0,0,2
172080000,2,0,0,2
172100000,2,0,0,2
172120000,2,0,0,2
172140000,2,0,0,2
172160000,2,0,0,2
172180000,2,0,0,2
172200000,2,0,0,2
172220000,2,0,0,2
172240000,2,0,0,2
172260000,2,0,0,2
172280000,2,0,0,2
172300000,2,0,0,2
172320000,2,0,0,2
172340000,2,0,0,2
172360000,2,0,0,2
172380000,2,0,0,2
172400000,2,0,0,2
172420000,2,0,0,2
172440000,2,0,0,2
172460000,2,0,0,2
172480000,2,0,0,2
172500000,2,0,0,2
172520000,2,0,0,2
172540000,2,0,0,2
172560000,2,0,0,2
172580000,2,0,0,2
172600000,2,0,0,2
172620000,2,0,0,2
172640000,2,0,0,2
172660000,2,0,0,2
172680000,2,0,0,2
172700000,2,0,0,2
172720000,2,0,0,2
172740000,2,0,0,2
172760000,2,0,0,2
172780000,2,0,0,2
172800000,2,0,0,2
172820000,2,0,0,2
172840000,2,0,0,2
172860000,2,0,0,2
172880000,2,0,0,2
172900000,2,0,0,2
172920000,2,0,0,2
172940000,2,0,0,2
172960000,2,0,0,2
172980000,2,0,0,2
173000000,2,0,0,2
173020000,2,0,0,2
173040000,2,0,0,2
173060000,2,0,0,2
173080000,2,0,0,2
173100000,2,0,0,2
173120000,2,0,0,2
173140000,2,0,0,2
173160000,2,0,0,2
173180000,2,0,0,2
173200000,2,0,0,2
173220000,2,0,0,2
173240000,2,0,0,2
173260000,2,0,0,2
173280000,2,0,0,2
173300000,2,0,0,2
173320000,2,0,0,2
173340000,2,0,0,2
173360000,2,0,0,2
173380000,2,0,0,2
173400000,2,0,0,2
173420000,2,0,0,2
173440000,2,0,0,2
173460000,2,0,0,2
173480000,2,0,0,2
173500000,2,0,0,2
173520000,2,0,0,2
173540000,2,0,0,2
173560000,2,0,0,2
173580000,2,0,0,2
173600000,2,0,0,2
173620000,2,0,0,2
173640000,2,0,0,2
173660000,2,0,0,2
173680000,2,0,0,2
173700000,2,0,0,2
173720000,2,0,0,2
173740000,2,0,0,2
173760000,2,0,0,2
173780000,2,0,0,2
173800000,2,0,0,2
173820000,2,0,0,2
173840000,2,0,0,2
173860000,2,0,0,2
173880000,2,0,0,2
173900000,2,0,0,2
173920000,2,0,0,2
173940000,2,0,0,2
173960000,2,0,0,2
173980000,2,0,0,2
174000000,2,0,0,2
174020000,2,0,0,2
174040000,2,0,0,2
174060000,2,0,0,2
174080000,2,0,0,2
174100000,2,0,0,2
174120000,2,0,0,2
174140000,2,0,0,2
174160000,2,0,0,2
174180000,2,0,0,2
174200000,2,0,0,2
174220000,2,0,0,2
174240000,2,0,0,2
174260000,2,0,0,2
174280000,2,0,0,2
174300000,2,0,0,2
174320000,2,0,0,2
174340000,2,0,0,2
174360000,2,0,0,2
174380000,2,0,0,2
174400000,2,0,0,2
174420000,2,0,0,2
174440000,2,0,0,2
174460000,2,0,0,2
174480000,2,0,0,2
174500000,2,0,0,2
174520000,2,0,0,2
174540000,2,0,0,2
174560000,2,0,0,2
174580000,2,0,0,2
174600000,2,0,0,2
174620000,2,0,0,2
174640000,2,0,0,2
174660000,2,0,0,2
174680000,2,0,0,2
174700000,2,0,0,2
174720000,2,0,0,2
174740000,2,0,0,2
174760000,2,0,0,2
174780000,2,0,0,2
174800000,2,0,0,2
174820000,2,0,0,2
174840000,2,0,0,2
174860000,2,0,0,2
174880000,2,0,0,2
174900000,2,0,0,2
174920000,2,0,0,2
174940000,2,0,0,2
174960000,2,0,0,2
174980000,2,0,0,2
175000000,2,0,0,2
175020000,2,0,0,2
175040000,2,0,0,2
175060000,2,0,0,2
175080000,2,0,0,2
175100000,2,0,0,2
175120000,2,0,0,2
175140000,2,0,0,2
175160000,2,0,0,2
175180000,2,0,0,2
175200000,2,0,0,2
175220000,2,0,0,2
175240000,2,0,0,2
175260000,2,0,0,2
175280000,2,0,0,2
175300000,2,0,0,2
175320000,2,0,0,2
175340000,2,0,0,2
175360000,2,0,0,2
175380000,2,0,0,2
175400000,2,0,0,2
175420000,2,0,0,2
175440000,2,0,0,2
175460000,2,0,0,2
175480000,2,0,0,2
175500000,2,0,0,2
175520000,2,0,0,2
175540000,2,0,0,2
175560000,2,0,0,2
175580000,2,0,0,2
175600000,2,0,0,2
175620000,2,0,0,2
175640000,2,0,0,2
175660000,2,0,0,2
175680000,2,0,0,2
175700000,2,0,0,2
175720000,2,0,0,2
175740000,2,0,0,2
175760000,2,0,0,2
175780000,2,0,0,2
175800000,2,0,0,2
175820000,2,0,0,2
175840000,2,0,0,2
175860000,2,0,0,2
175880000,2,0,0,2
175900000,2,0,0,2
175920000,2,0,0,2
175940000,2,0,0,2
175960000,2,0,0,2
175980000,2,0,0,2
176000000,2,0,0,2
176020000,2,0,0,2
176040000,2,0,0,2
176060000,2,0,0,2
176080000,2,0,0,2
176100000,2,0,0,2
176120000,2,0,0,2
176140000,2,0,0,2
176160000,2,0,0,2
176180000,2,0,0,2
176200000,2,0,0,2
176220000,2,0,0,2
176240000,2,0,0,2
176260000,2,0,0,2
176280000,2,0,0,2
176300000,2,0,0,2
176320000,2,0,0,2
176340000,2,0,0,2
176360000,2,0,0,2
176380000,2,0,0,2
176400000,2,0,0,2
176420000,2,0,0,2
176440000,2,0,0,2
176460000,2,0,0,2
176480000,2,0,0,2
176500000,2,0,0,2
176520000,2,0,0,2
176540000,2,0,0,2
176560000,2,0,0,2
176580000,2,0,0,2
176600000,2,0,0,2
176620000,2,0,0,2
176640000,2,0,0,2
176660000,2,0,0,2
176680000,2,0,0,2
176700000,2,0,0,2
176720000,2,0,0,2
176740000,2,0,0,2
176760000,2,0,0,2
176780000,2,0,0,2
176800000,2,0,0,2
176820000,2,0,0,2
176840000,2,0,0,2
176860000,2,0,0,2
176880000,2,0,0,2
176900000,2,0,0,2
176920000,2,0,0,2
176940000,2,0,0,2
176960000,2,0,0,2
176980000,2,0,0,2
177000000,2,0,0,2
177020000,2,0,0,2
177040000,2,0,0,2
177060000,2,0,0,2
177080000,2,0,0,2
177100000,2,0,0,2
177120000,2,0,0,2
177140000,2,0,0,2
177160000,2,0,0,2
177180000,2,0,0,2
177200000,2,0,0,2
177220000,2,0,0,2
177240000,2,0,0,2
177260000,2,0,0,2
177280000,2,0,0,2
177300000,2,0,0,2
177320000,2,0,0,2
177340000,2,0,0,2
177360000,2,0,0,2
177380000,2,0,0,2
177400000,2,0,0,2
177420000,2,0,0,2
177440000,2,0,0,2
177460000,2,0,0,2
177480000,2,0,0,2
177500000,2,0,0,2
177520000,2,0,0,2
177540000,2,0,0,2
177560000,2,0,0,2
177580000,2,0,0,2
177600000,2,0,0,2
177620000,2,0,0,2
177640000,2,0,0,2
177660000,2,0,0,2
177680000,2,0,0,2
177700000,2,0,0,2
177720000,2,0,0,2
177740000,2,0,0,2
177760000,2,0,0,2
177780000,2,0,0,2
177800000,2,0,0,2
177820000,2,0,0,2
177840000,2,0,0,2
177860000,2,0,0,2
177880000,2,0,0,2
177900000,2,0,0,2
177920000,2,0,0,2
177940000,2,0,0,2
177960000,2,0,0,2
177980000,2,0,0,2
178000000,2,0,0,2
178020000,2,0,0,2
178040000,2,0,0,2
178060000,2,0,0,2
178080000,2,0,0,2
178100000,2,0,0,2
178120000,2,0,0,2
178140000,2,0,0,2
178160000,2,0,0,2
178180000,2,0,0,2
178200000,2,0,0,2
178220000,2,0,0,2
178240000,2,0,0,2
178260000,2,0,0,2
178280000,2,0,0,2
178300000,2,0,0,2
178320000,2,0,0,2
178340000,2,0,0,2
178360000,2,0,0,2
178380000,2,0,0,2
178400000,2,0,0,2
178420000,2,0,0,2
178440000,2,0,0,2
178460000,2,0,0,2
178480000,2,0,0,2
178500000,2,0,0,2
178520000,2,0,0,2
178540000,2,0,0,2
178560000,2,0,0,2
178580000,2,0,0,2
178600000,2,0,0,2
178620000,2,0,0,2
178640000,2,0,0,2
178660000,2,0,0,2
178680000,2,0,0,2
178700000,2,0,0,2
178720000,2,0,0,2
178740000,2,0,0,2
178760000,2,0,0,2
178780000,2,0,0,2
178800000,2,0,0,2
178820000,2,0,0,2
178840000,2,0,0,2
178860000,2,0,0,2
178880000,2,0,0,2
178900000,2,0,0,2
178920000,2,0,0,2
178940000,2,0,0,2
178960000,2,0,0,2
178980000,2,0,0,2
179000000,2,0,0,2
179020000,2,0,0,2
179040000,2,0,0,2
179060000,2,0,0,2
179080000,2,0,0,2
179100000,2,0,0,2
179120000,2,0,0,2
179140000,2,0,0,2
179160000,2,0,0,2
179180000,2,0,0,2
179200000,2,0,0,2
179220000,2,0,0,2
179240000,2,0,0,2
179260000,2,0,0,2
179280000,2,0,0,2
179300000,2,0,0,2
179320000,2,0,0,2
179340000,2,0,0,2
179360000,2,0,0,2
179380000,2,0,0,2
179400000,2,0,0,2
179420000,2,0,0,2
179440000,2,0,0,2
179460000,2,0,0,2
179480000,2,0,0,2
179500000,2,0,0,2
179520000,2,0,0,2
179540000,2,0,0,2
179560000,2,0,0,2
179580000,2,0,0,2
179600000,2,0,0,2
179620000,2,0,0,2
179640000,2,0,0,2
179660000,2,0,0,2
179680000,2,0,0,2
179700000,2,0,0,2
179720000,2,0,0,2
179740000,2,0,0,2
179760000,2,0,0,2
179780000,2,0,0,2
179800000,2,0,0,2
179820000,2,0,0,2
179840000,2,0,0,2
179860000,2,0,0,2
179880000,2,0,0,2
179900000,2,0,0,2
179920000,2,0,0,2
179940000,2,0,0,2
179960000,2,0,0,2
179980000,2,0,0,2
180000000,2,0,0,2
180020000,2,0,0,2
180040000,2,0,0,2
180060000,2,0,0,2
180080000,2,0,0,2
180100000,2,0,0,2
180120000,2,0,0,2
180140000,2,0,0,2
180160000,2,0,0,2
180180000,2,0,0,2
180200000,2,0,0,2
180220000,2,0,0,2
180240000,2,0,0,2
180260000,2,0,0,2
180280000,2,0,0,2
180300000,2,0,0,2
180320000,2,0,0,2
180340000,2,0,0,2
180360000,2,0,0,2
180380000,2,0,0,2
180400000,2,0,0,2
180420000,2,0,0,2
180440000,2,0,0,2
180460000,2,0,0,2
180480000,2,0,0,2
180500000,2,0,0,2
180520000,2,0,0,2
180540000,2,0,0,2
180560000,2,0,0,2
180580000,2,0,0,2
180600000,2,0,0,2
180620000,2,0,0,2
180640000,2,0,0,2
180660000,2,0,0,2
180680000,2,0,0,2
180700000,2,0,0,2
180720000,2,0,0,2
180740000,2,0,0,2
180760000,2,0,0,2
180780000,2,0,0,2
180800000,2,0,0,2
180820000,2,0,0,2
180840000,2,0,0,2
180860000,2,0,0,2
180880000,2,0,0,2
180900000,2,0,0,2
180920000,2,0,0,2
180940000,2,0,0,2
180960000,2,0,0,2
180980000,2,0,0,2
181000000,2,0,0,2
181020000,2,0,0,2
181040000,2,0,0,2
181060000,2,0,0,2
181080000,2,0,0,2
181100000,2,0,0,2
181120000,2,0,0,2
181140000,2,0,0,2
181160000,2,0,0,2
181180000,2,0,0,2
181200000,2,0,0,2
181220000,2,0,0,2
181240000,2,0,0,2
181260000,2,0,0,2
181280000,2,0,0,2
181300000,2,0,0,2
181320000,2,0,0,2
181340000,2,0,0,2
181360000,2,0,0,2
181380000,2,0,0,2
181400000,2,0,0,2
181420000,2,0,0,2
181440000,2,0,0,2
181460000,2,0,0,2
181480000,2,0,0,2
181500000,2,0,0,2
181520000,2,0,0,2
181540000,2,0,0,2
181560000,2,0,0,2
181580000,2,0,0,2
181600000,2,0,0,2
181620000,2,0,0,2
181640000,2,0,0,2
181660000,2,0,0,2
181680000,2,0,0,2
181700000,2,0,0,2
181720000,2,0,0,2
181740000,2,0,0,2
181760000,2,0,0,2
181780000,2,0,0,2
181800000,2,0,0,2
181820000,2,0,0,2
181840000,2,0,0,2
181860000,2,0,0,2
181880000,2,0,0,2
181900000,2,0,0,2
181920000,2,0,0,2
181940000,2,0,0,2
181960000,2,0,0,2
181980000,2,0,0,2
182000000,2,0,0,2
182020000,2,0,0,2
182040000,2,0,0,2
182060000,2,0,0,2
182080000,2,0,0,2
182100000,2,0,0,2
182120000,2,0,0,2
182140000,2,0,0,2
182160000,2,0,0,2
182180000,2,0,0,2
182200000,2,0,0,2
182220000,2,0,0,2
182240000,2,0,0,2
182260000,2,0,0,2
182280000,2,0,0,2
182300000,2,0,0,2
182320000,2,0,0,2
182340000,2,0,0,2
182360000,2,0,0,2
182380000,2,0,0,2
182400000,2,0,0,2
182420000,2,0,0,2
182440000,2,0,0,2
182460000,2,0,0,2
182480000,2,0,0,2
182500000,2,0,0,2
182520000,2,0,0,2
182540000,2,0,0,2
182560000,2,0,0,2
182580000,2,0,0,2
182600000,2,0,0,2
182620000,2,0,0,2
182640000,2,0,0,2
182660000,2,0,0,2
182680000,2,0,0,2
182700000,2,0,0,2
182720000,2,0,0,2
182740000,2,0,0,2
182760000,2,0,0,2
182780000,2,0,0,2
182800000,2,0,0,2
182820000,2,0,0,2
182840000,2,0,0,2
182860000,2,0,0,2
182880000,2,0,0,2
182900000,2,0,0,2
182920000,2,0,0,2
182940000,2,0,0,2
182960000,2,0,0,2
182980000,2,0,0,2
183000000,2,0,0,2
183020000,2,0,0,2
183040000,2,0,0,2
183060000,2,0,0,2
183080000,2,0,0,2
183100000,2,0,0,2
183120000,2,0,0,2
183140000,2,0,0,2
183160000,2,0,0,2
183180000,2,0,0,2
183200000,2,0,0,2
183220000,2,0,0,2
183240000,2,0,0,2
183260000,2,0,0,2
183280000,2,0,0,2
183300000,2,0,0,2
183320000,2,0,0,2
183340000,2,0,0,2
183360000,2,0,0,2
183380000,2,0,0,2
183400000,2,0,0,2
183420000,2,0,0,2
183440000,2,0,0,2
183460000,2,0,0,2
183480000,2,0,0,2
183500000,2,0,0,2
183520000,2,0,0,2
183540000,2,0,0,2
183560000,2,0,0,2
183580000,2,0,0,2
183600000,2,0,0,2
183620000,2,0,0,2
183640000,2,0,0,2
183660000,2,0,0,2
183680000,2,0,0,2
183700000,2,0,0,2
183720000,2,0,0,2
183740000,2,0,0,2
183760000,2,0,0,2
183780000,2,0,0,2
183800000,2,0,0,2
183820000,2,0,0,2
183840000,2,0,0,2
183860000,2,0,0,2
183880000,2,0,0,2
183900000,2,0,0,2
183920000,2,0,0,2
183940000,2,0,0,2
183960000,2,0,0,2
183980000,2,0,0,2
184000000,2,0,0,2
184020000,2,0,0,2
184040000,2,0,0,2
184060000,2,0,0,2
184080000,2,0,0,2
184100000,2,0,0,2
184120000,2,0,0,2
184140000,2,0,0,2
184160000,2,0,0,2
184180000,2,0,0,2
184200000,2,0,0,2
184220000,2,0,0,2
184240000,2,0,0,2
184260000,2,0,0,2
184280000,2,0,0,2
184300000,2,0,0,2
184320000,2,0,0,2
184340000,2,0,0,2
184360000,2,0,0,2
184380000,2,0,0,2
184400000,2,0,0,2
184420000,2,0,0,2
184440000,2,0,0,2
184460000,2,0,0,2
184480000,2,0,0,2
184500000,2,0,0,2
184520000,2,0,0,2
184540000,2,0,0,2
184560000,2,0,0,2
184580000,2,0,0,2
184600000,2,0,0,2
184620000,2,0,0,2
184640000,2,0,0,2
184660000,2,0,0,2
184680000,2,0,0,2
184700000,2,0,0,2
184720000,2,0,0,2
184740000,2,0,0,2
184760000,2,0,0,2
184780000,2,0,0,2
184800000,2,0,0,2
184820000,2,0,0,2
184840000,2,0,0,2
184860000,2,0,0,2
184880000,2,0,0,2
184900000,2,0,0,2
184920000,2,0,0,2
184940000,2,0,0,2
184960000,2,0,0,2
184980000,2,0,0,2
185000000,2,0,0,2
185020000,2,0,0,2
185040000,2,0,0,2
185060000,2,0,0,2
185080000,2,0,0,2
185100000,2,0,0,2
185120000,2,0,0,2
185140000,2,0,0,2
185160000,2,0,0,2
185180000,2,0,0,2
185200000,2,0,0,2
185220000,2,0,0,2
185240000,2,0,0,2
185260000,2,0,0,2
185280000,2,0,0,2
185300000,2,0,0,2
185320000,2,0,0,2
185340000,2,0,0,2
185360000,2,0,0,2
185380000,2,0,0,2
185400000,2,0,0,2
185420000,2,0,0,2
185440000,2,0,0,2
185460000,2,0,0,2
185480000,2,0,0,2
185500000,2,0,0,2
185520000,2,0,0,2
185540000,2,0,0,2
185560000,2,0,0,2
185580000,2,0,0,2
185600000,2,0,0,2
185620000,2,0,0,2
185640000,2,0,0,2
185660000,2,0,0,2
185680000,2,0,0,2
185700000,2,0,0,2
185720000,2,0,0,2
185740000,2,0,0,2
185760000,2,0,0,2
185780000,2,0,0,2
185800000,2,0,0,2
185820000,2,0,0,2
185840000,2,0,0,2
185860000,2,0,0,2
185880000,2,0,0,2
185900000,2,0,0,2
185920000,2,0,0,2
185940000,2,0,0,2
185960000,2,0,0,2
185980000,2,0,0,2
186000000,2,0,0,2
186020000,2,0,0,2
186040000,2,0,0,2
186060000,2,0,0,2
186080000,2,0,0,2
186100000,2,0,0,2
186120000,2,0,0,2
186140000,2,0,0,2
186160000,2,0,0,2
186180000,2,0,0,2
186200000,2,0,0,2
186220000,2,0,0,2
186240000,2,0,0,2
186260000,2,0,0,2
186280000,2,0,0,2
186300000,2,0,0,2
186320000,2,0,0,2
186340000,2,0,0,2
186360000,2,0,0,2
186380000,2,0,0,2
186400000,2,0,0,2
186420000,2,0,0,2
186440000,2,0,0,2
186460000,2,0,0,2
186480000,2,0,0,2
186500000,2,0,0,2
186520000,2,0,0,2
186540000,2,0,0,2
186560000,2,0,0,2
186580000,2,0,0,2
186600000,2,0,0,2
186620000,2,0,0,2
186640000,2,0,0,2
186660000,2,0,0,2
186680000,2,0,0,2
186700000,2,0,0,2
186720000,2,0,0,2
186740000,2,0,0,2
186760000,2,0,0,2
186780000,2,0,0,2
186800000,2,0,0,2
186820000,2,0,0,2
186840000,2,0,0,2
186860000,2,0,0,2
186880000,2,0,0,2
186900000,2,0,0,2
186920000,2,0,0,2
186940000,2,0,0,2
186960000,2,0,0,2
186980000,2,0,0,2
187000000,2,0,0,2
187020000,2,0,0,2
187040000,2,0,0,2
187060000,2,0,0,2
187080000,2,0,0,2
187100000,2,0,0,2
187120000,2,0,0,2
187140000,2,0,0,2
187160000,2,0,0,2
187180000,2,0,0,2
187200000,2,0,0,2
187220000,2,0,0,2
187240000,2,0,0,2
187260000,2,0,0,2
187280000,2,0,0,2
187300000,2,0,0,2
187320000,2,0,0,2
187340000,2,0,0,2
187360000,2,0,0,2
187380000,2,0,0,2
187400000,2,0,0,2
187420000,2,0,0,2
187440000,2,0,0,2
187460000,2,0,0,2
187480000,2,0,0,2
187500000,2,0,0,2
187520000,2,0,0,2
187540000,2,0,0,2
187560000,2,0,0,2
187580000,2,0,0,2
187600000,2,0,0,2
187620000,2,0,0,2
187640000,2,0,0,2
187660000,2,0,0,2
187680000,2,0,0,2
187700000,2,0,0,2
187720000,2,0,0,2
187740000,2,0,0,2
187760000,2,0,0,2
187780000,2,0,0,2
187800000,2,0,0,2
187820000,2,0,0,2
187840000,2,0,0,2
187860000,2,0,0,2
187880000,2,0,0,2
187900000,2,0,0,2
187920000,2,0,0,2
187940000,2,0,0,2
187960000,2,0,0,2
187980000,2,0,0,2
188000000,2,0,0,2
188020000,2,0,0,2
188040000,2,0,0,2
188060000,2,0,0,2
188080000,2,0,0,2
188100000,2,0,0,2
188120000,2,0,0,2
188140000,2,0,0,2
188160000,2,0,0,2
188180000,2,0,0,2
188200000,2,0,0,2
188220000,2,0,0,2
188240000,2,0,0,2
188260000,2,0,0,2
188280000,2,0,0,2
188300000,2,0,0,2
188320000,2,0,0,2
188340000,2,0,0,2
188360000,2,0,0,2
188380000,2,0,0,2
188400000,2,0,0,2
188420000,2,0,0,2
188440000,2,0,0,2
188460000,2,0,0,2
188480000,2,0,0,2
188500000,2,0,0,2
188520000,2,0,0,2
188540000,2,0,0,2
188560000,2,0,0,2
188580000,2,0,0,2
188600000,2,0,0,2
188620000,2,0,0,2
188640000,2,0,0,2
188660000,2,0,0,2
188680000,2,0,0,2
188700000,2,0,0,2
188720000,2,0,0,2
188740000,2,0,0,2
188760000,2,0,0,2
188780000,2,0,0,2
188800000,2,0,0,2
188820000,2,0,0,2
188840000,2,0,0,2
188860000,2,0,0,2
188880000,2,0,0,2
188900000,2,0,0,2
188920000,2,0,0,2
188940000,2,0,0,2
188960000,2,0,0,2
188980000,2,0,0,2
189000000,2,0,0,2
189020000,2,0,0,2
189040000,2,0,0,2
189060000,2,0,0,2
189080000,2,0,0,2
189100000,2,0,0,2
189120000,2,0,0,2
189140000,2,0,0,2
189160000,2,0,0,2
189180000,2,0,0,2
189200000,2,0,0,2
189220000,2,0,0,2
189240000,2,0,0,2
189260000,2,0,0,2
189280000,2,0,0,2
189300000,2,0,0,2
189320000,2,0,0,2
189340000,2,0,0,2
189360000,2,0,0,2
189380000,2,0,0,2
189400000,2,0,0,2
189420000,2,0,0,2
189440000,2,0,0,2
189460000,2,0,0,2
189480000,2,0,0,2
189500000,2,0,0,2
189520000,2,0,0,2
189540000,2,0,0,2
189560000,2,0,0,2
189580000,2,0,0,2
189600000,2,0,0,2
189620000,2,0,0,2
189640000,2,0,0,2
189660000,2,0,0,2
189680000,2,0,0,2
189700000,2,0,0,2
189720000,2,0,0,2
189740000,2,0,0,2
189760000,2,0,0,2
189780000,2,0,0,2
189800000,2,0,0,2
189820000,2,0,0,2
189840000,2,0,0,2
189860000,2,0,0,2
189880000,2,0,0,2
189900000,2,0,0,2
189920000,2,0,0,2
189940000,2,0,0,2
189960000,2,0,0,2
189980000,2,0,0,2
190000000,2,0,0,2
190020000,2,0,0,2
190040000,2,0,0,2
190060000,2,0,0,2
190080000,2,0,0,2
190100000,2,0,0,2
190120000,2,0,0,2
190140000,2,0,0,2
190160000,2,0,0,2
190180000,2,0,0,2
190200000,2,0,0,2
190220000,2,0,0,2
190240000,2,0,0,2
190260000,2,0,0,2
190280000,2,0,0,2
190300000,2,0,0,2
190320000,2,0,0,2
190340000,2,0,0,2
190360000,2,0,0,2
190380000,2,0,0,2
190400000,2,0,0,2
190420000,2,0,0,2
190440000,2,0,0,2
190460000,2,0,0,2
190480000,2,0,0,2
190500000,2,0,0,2
190520000,2,0,0,2
190540000,2,0,0,2
190560000,2,0,0,2
190580000,2,0,0,2
190600000,2,0,0,2
190620000,2,0,0,2
190640000,2,0,0,2
190660000,2,0,0,2
190680000,2,0,0,2
190700000,2,0,0,2
190720000,2,0,0,2
190740000,2,0,0,2
190760000,2,0,0,2
190780000,2,0,0,2
190800000,2,0,0,2
190820000,2,0,0,2
190840000,2,0,0,2
190860000,2,0,0,2
190880000,2,0,0,2
190900000,2,0,0,2
190920000,2,0,0,2
190940000,2,0,0,2
190960000,2,0,0,2
190980000,2,0,0,2
191000000,2,0,0,2
191020000,2,0,0,2
191040000,2,0,0,2
191060000,2,0,0,2
191080000,2,0,0,2
191100000,2,0,0,2
191120000,2,0,0,2
191140000,2,0,0,2
191160000,2,0,0,2
191180000,2,0,0,2
191200000,2,0,0,2
191220000,2,0,0,2
191240000,2,0,0,2
191260000,2,0,0,2
191280000,2,0,0,2
191300000,2,0,0,2
191320000,2,0,0,2
191340000,2,0,0,2
191360000,2,0,0,2
191380000,2,0,0,2
191400000,2,0,0,2
191420000,2,0,0,2
191440000,2,0,0,2
191460000,2,0,0,2
191480000,2,0,0,2
191500000,2,0,0,2
191520000,2,0,0,2
191540000,2,0,0,2
191560000,2,0,0,2
191580000,2,0,0,2
191600000,2,0,0,2
191620000,2,0,0,2
191640000,2,0,0,2
191660000,2,0,0,2
191680000,2,0,0,2
191700000,2,0,0,2
191720000,2,0,0,2
191740000,2,0,0,2
191760000,2,0,0,2
191780000,2,0,0,2
191800000,2,0,0,2
191820000,2,0,0,2
191840000,2,0,0,2
191860000,2,0,0,2
191880000,2,0,0,2
191900000,2,0,0,2
191920000,2,0,0,2
191940000,2,0,0,2
191960000,2,0,0,2
191980000,2,0,0,2
192000000,2,0,0,2
192020000,2,0,0,2
192040000,2,0,0,2
192060000,2,0,0,2
192080000,2,0,0,2
192100000,2,0,0,2
192120000,2,0,0,2
192140000,2,0,0,2
192160000,2,0,0,2
192180000,2,0,0,2
192200000,2,0,0,2
192220000,2,0,0,2
192240000,2,0,0,2
192260000,2,0,0,2
192280000,2,0,0,2
192300000,2,0,0,2
192320000,2,0,0,2
192340000,2,0,0,2
192360000,2,0,0,2
192380000,2,0,0,2
192400000,2,0,0,2
192420000,2,0,0,2
192440000,2,0,0,2
192460000,2,0,0,2
192480000,2,0,0,2
192500000,2,0,0,2
192520000,2,0,0,2
192540000,2,0,0,2
192560000,2,0,0,2
192580000,2,0,0,2
192600000,2,0,0,2
192620000,2,0,0,2
192640000,2,0,0,2
192660000,2,0,0,2
192680000,2,0,0,2
192700000,2,0,0,2
192720000,2,0,0,2
192740000,2,0,0,2
192760000,2,0,0,2
192780000,2,0,0,2
192800000,2,0,0,2
192820000,2,0,0,2
192840000,2,0,0,2
192860000,2,0,0,2
192880000,2,0,0,2
192900000,2,0,0,2
192920000,2,0,0,2
192940000,2,0,0,2
192960000,2,0,0,2
192980000,2,0,0,2
193000000,2,0,0,2
193020000,2,0,0,2
193040000,2,0,0,2
193060000,2,0,0,2
193080000,2,0,0,2
193100000,2,0,0,2
193120000,2,0,0,2
193140000,2,0,0,2
193160000,2,0,0,2
193180000,2,0,0,2
193200000,2,0,0,2
193220000,2,0,0,2
193240000,2,0,0,2
193260000,2,0,0,2
193280000,2,0,0,2
193300000,2,0,0,2
193320000,2,0,0,2
193340000,2,0,0,2
193360000,2,0,0,2
193380000,2,0,0,2
193400000,2,0,0,2
193420000,2,0,0,2
193440000,2,0,0,2
193460000,2,0,0,2
193480000,2,0,0,2
193500000,2,0,0,2
193520000,2,0,0,2
193540000,2,0,0,2
193560000,2,0,0,2
193580000,2,0,0,2
193600000,2,0,0,2
193620000,2,0,0,2
193640000,2,0,0,2
193660000,2,0,0,2
193680000,2,0,0,2
193700000,2,0,0,2
193720000,2,0,0,2
193740000,2,0,0,2
193760000,2,0,0,2
193780000,2,0,0,2
193800000,2,0,0,2
193820000,2,0,0,2
193840000,2,0,0,2
193860000,2,0,0,2
193880000,2,0,0,2
193900000,2,0,0,2
193920000,2,0,0,2
193940000,2,0,0,2
193960000,2,0,0,2
193980000,2,0,0,2
194000000,2,0,0,2
194020000,2,0,0,2
194040000,2,0,0,2
194060000,2,0,0,2
194080000,2,0,0,2
194100000,2,0,0,2
194120000,2,0,0,2
194140000,2,0,0,2
194160000,2,0,0,2
194180000,2,0,0,2
194200000,2,0,0,2
194220000,2,0,0,2
194240000,2,0,0,2
194260000,2,0,0,2
194280000,2,0,0,2
194300000,2,0,0,2
194320000,2,0,0,2
194340000,2,0,0,2
194360000,2,0,0,2
194380000,2,0,0,2
194400000,2,0,0,2
194420000,2,0,0,2
194440000,2,0,0,2
194460000,2,0,0,2
194480000,2,0,0,2
194500000,2,0,0,2
194520000,2,0,0,2
194540000,2,0,0,2
194560000,2,0,0,2
194580000,2,0,0,2
194600000,2,0,0,2
194620000,2,0,0,2
194640000,2,0,0,2
194660000,2,0,0,2
194680000,2,0,0,2
194700000,2,0,0,2
194720000,2,0,0,2
194740000,2,0,0,2
194760000,2,0,0,2
194780000,2,0,0,2
194800000,2,0,0,2
194820000,2,0,0,2
194840000,2,0,0,2
194860000,2,0,0,2
194880000,2,0,0,2
194900000,2,0,0,2
194920000,2,0,0,2
194940000,2,0,0,2
194960000,2,0,0,2
194980000,2,0,0,2
195000000,2,0,0,2
195020000,2,0,0,2
195040000,2,0,0,2
195060000,2,0,0,2
195080000,2,0,0,2
195100000,2,0,0,2
195120000,2,0,0,2
195140000,2,0,0,2
195160000,2,0,0,2
195180000,2,0,0,2
195200000,2,0,0,2
195220000,2,0,0,2
195240000,2,0,0,2
195260000,2,0,0,2
195280000,2,0,0,2
195300000,2,0,0,2
195320000,2,0,0,2
195340000,2,0,0,2
195360000,2,0,0,2
195380000,2,0,0,2
195400000,2,0,0,2
195420000,2,0,0,2
195440000,2,0,0,2
195460000,2,0,0,2
195480000,2,0,0,2
195500000,2,0,0,2
195520000,2,0,0,2
195540000,2,0,0,2
195560000,2,0,0,2
195580000,2,0,0,2
195600000,2,0,0,2
195620000,2,0,0,2
195640000,2,0,0,2
195660000,2,0,0,2
195680000,2,0,0,2
195700000,2,0,0,2
195720000,2,0,0,2
195740000,2,0,0,2
195760000,2,0,0,2
195780000,2,0,0,2
195800000,2,0,0,2
195820000,2,0,0,2
195840000,2,0,0,2
195860000,2,0,0,2
195880000,2,0,0,2
195900000,2,0,0,2
195920000,2,0,0,2
195940000,2,0,0,2
195960000,2,0,0,2
195980000,2,0,0,2
196000000,2,0,0,2
196020000,2,0,0,2
196040000,2,0,0,2
196060000,2,0,0,2
196080000,2,0,0,2
196100000,2,0,0,2
196120000,2,0,0,2
196140000,2,0,0,2
196160000,2,0,0,2
196180000,2,0,0,2
196200000,2,0,0,2
196220000,2,0,0,2
196240000,2,0,0,2
196260000,2,0,0,2
196280000,2,0,0,2
196300000,2,0,0,2
196320000,2,0,0,2
196340000,2,0,0,2
196360000,2,0,0,2
196380000,2,0,0,2
196400000,2,0,0,2
196420000,2,0,0,2
196440000,2,0,0,2
196460000,2,0,0,2
196480000,2,0,0,2
196500000,2,0,0,2
196520000,2,0,0,2
196540000,2,0,0,2
196560000,2,0,0,2
196580000,2,0,0,2
196600000,2,0,0,2
196620000,2,0,0,2
196640000,2,0,0,2
196660000,2,0,0,2
196680000,2,0,0,2
196700000,2,0,0,2
196720000,2,0,0,2
196740000,2,0,0,2
196760000,2,0,0,2
196780000,2,0,0,2
196800000,2,0,0,2
196820000,2,0,0,2
196840000,2,0,0,2
196860000,2,0,0,2
196880000,2,0,0,2
196900000,2,0,0,2
196920000,2,0,0,2
196940000,2,0,0,2
196960000,2,0,0,2
196980000,2,0,0,2
197000000,2,0,0,2
197020000,2,0,0,2
197040000,2,0,0,2
197060000,2,0,0,2
197080000,2,0,0,2
197100000,2,0,0,2
197120000,2,0,0,2
197140000,2,0,0,2
197160000,2,0,0,2
197180000,2,0,0,2
197200000,2,0,0,2
197220000,2,0,0,2
197240000,2,0,0,2
197260000,2,0,0,2
197280000,2,0,0,2
197300000,2,0,0,2
197320000,2,0,0,2
197340000,2,0,0,2
197360000,2,0,0,2
197380000,2,0,0,2
197400000,2,0,0,2
197420000,2,0,0,2
197440000,2,0,0,2
197460000,2,0,0,2
197480000,2,0,0,2
197500000,2,0,0,2
197520000,2,0,0,2
197540000,2,0,0,2
197560000,2,0,0,2
197580000,2,0,0,2
197600000,2,0,0,2
197620000,2,0,0,2
197640000,2,0,0,2
197660000,2,0,0,2
197680000,2,0,0,2
197700000,2,0,0,2
197720000,2,0,0,2
197740000,2,0,0,2
197760000,2,0,0,2
197780000,2,0,0,2
197800000,2,0,0,2
197820000,2,0,0,2
197840000,2,0,0,2
197860000,2,0,0,2
197880000,2,0,0,2
197900000,2,0,0,2
197920000,2,0,0,2
197940000,2,0,0,2
197960000,2,0,0,2
197980000,2,0,0,2
198000000,2,0,0,2
198020000,2,0,0,2
198040000,2,0,0,2
198060000,2,0,0,2
198080000,2,0,0,2
198100000,2,0,0,2
198120000,2,0,0,2
198140000,2,0,0,2
198160000,2,0,0,2
198180000,2,0,0,2
198200000,2,0,0,2
198220000,2,0,0,2
198240000,2,0,0,2
198260000,2,0,0,2
198280000,2,0,0,2
198300000,2,0,0,2
198320000,2,0,0,2
198340000,2,0,0,2
198360000,2,0,0,2
198380000,2,0,0,2
198400000,2,0,0,2
198420000,2,0,0,2
198440000,2,0,0,2
198460000,2,0,0,2
198480000,2,0,0,2
198500000,2,0,0,2
198520000,2,0,0,2
198540000,2,0,0,2
198560000,2,0,0,2
198580000,2,0,0,2
198600000,2,0,0,2
198620000,2,0,0,2
198640000,2,0,0,2
198660000,2,0,0,2
198680000,2,0,0,2
198700000,2,0,0,2
198720000,2,0,0,2
198740000,2,0,0,2
198760000,2,0,0,2
198780000,2,0,0,2
198800000,2,0,0,2
198820000,2,0,0,2
198840000,2,0,0,2
198860000,2,0,0,2
198880000,2,0,0,2
198900000,2,0,0,2
198920000,2,0,0,2
198940000,2,0,0,2
198960000,2,0,0,2
198980000,2,0,0,2
199000000,2,0,0,2
199020000,2,0,0,2
199040000,2,0,0,2
199060000,2,0,0,2
199080000,2,0,0,2
199100000,2,0,0,2
199120000,2,0,0,2
199140000,2,0,0,2
199160000,2,0,0,2
199180000,2,0,0,2
199200000,2,0,0,2
199220000,2,0,0,2
199240000,2,0,0,2
199260000,2,0,0,2
199280000,2,0,0,2
199300000,2,0,0,2
199320000,2,0,0,2
199340000,2,0,0,2
199360000,2,0,0,2
199380000,2,0,0,2
199400000,2,0,0,2
199420000,2,0,0,2
199440000,2,0,0,2
199460000,2,0,0,2
199480000,2,0,0,2
199500000,2,0,0,2
199520000,2,0,0,2
199540000,2,0,0,2
199560000,2,0,0,2
199580000,2,0,0,2
199600000,2,0,0,2
199620000,2,0,0,2
199640000,2,0,0,2
199660000,2,0,0,2
199680000,2,0,0,2
199700000,2,0,0,2
199720000,2,0,0,2
199740000,2,0,0,2
199760000,2,0,0,2
199780000,2,0,0,2
199800000,2,0,0,2
199820000,2,0,0,2
199840000,2,0,0,2
199860000,2,0,0,2
199880000,2,0,0,2
199900000,2,0,0,2
199920000,2,0,0,2
199940000,2,0,0,2
199960000,2,0,0,2
199980000,2,0,0,2
200000000,2,0,0,2
200020000,2,0,0,2
200040000,2,0,0,2
200060000,2,0,0,2
200080000,2,0,0,2
200100000,2,0,0,2
200120000,2,0,0,2
200140000,2,0,0,2
200160000,2,0,0,2
200180000,2,0,0,2
200200000,2,0,0,2
200220000,2,0,0,2
200240000,2,0,0,2
200260000,2,0,0,2
200280000,2,0,0,2
200300000,2,0,0,2
200320000,2,0,0,2
200340000,2,0,0,2
200360000,2,0,0,2
200380000,2,0,0,2
200400000,2,0,0,2
200420000,2,0,0,2
200440000,2,0,0,2
200460000,2,0,0,2
200480000,2,0,0,2
200500000,2,0,0,2
200520000,2,0,0,2
200540000,2,0,0,2
200560000,2,0,0,2
200580000,2,0,0,2
200600000,2,0,0,2
200620000,2,0,0,2
200640000,2,0,0,2
200660000,2,0,0,2
200680000,2,0,0,2
200700000,2,0,0,2
200720000,2,0,0,2
200740000,2,0,0,2
200760000,2,0,0,2
200780000,2,0,0,2
200800000,2,0,0,2
200820000,2,0,0,2
200840000,2,0,0,2
200860000,2,0,0,2
200880000,2,0,0,2
200900000,2,0,0,2
200920000,2,0,0,2
200940000,2,0,0,2
200960000,2,0,0,2
200980000,2,0,0,2
201000000,2,0,0,2
201020000,2,0,0,2
201040000,2,0,0,2
201060000,2,0,0,2
201080000,2,0,0,2
201100000,2,0,0,2
201120000,2,0,0,2
201140000,2,0,0,2
201160000,2,0,0,2
201180000,2,0,0,2
201200000,2,0,0,2
201220000,2,0,0,2
201240000,2,0,0,2
201260000,2,0,0,2
201280000,2,0,0,2
201300000,2,0,0,2
201320000,2,0,0,2
201340000,2,0,0,2
201360000,2,0,0,2
201380000,2,0,0,2
201400000,2,0,0,2
201420000,2,0,0,2
201440000,2,0,0,2
201460000,2,0,0,2
201480000,2,0,0,2
201500000,2,0,0,2
201520000,2,0,0,2
201540000,2,0,0,2
201560000,2,0,0,2
201580000,2,0,0,2
201600000,2,0,0,2
201620000,2,0,0,2
201640000,2,0,0,2
201660000,2,0,0,2
201680000,2,0,0,2
201700000,2,0,0,2
201720000,2,0,0,2
201740000,2,0,0,2
201760000,2,0,0,2
201780000,2,0,0,2
201800000,2,0,0,2
201820000,2,0,0,2
201840000,2,0,0,2
201860000,2,0,0,2
201880000,2,0,0,2
201900000,2,0,0,2
201920000,2,0,0,2
201940000,2,0,0,2
201960000,2,0,0,2
201980000,2,0,0,2
202000000,2,0,0,2
202020000,2,0,0,2
202040000,2,0,0,2
202060000,2,0,0,2
202080000,2,0,0,2
202100000,2,0,0,2
202120000,2,0,0,2
202140000,2,0,0,2
202160000,2,0,0,2
202180000,2,0,0,2
202200000,2,0,0,2
202220000,2,0,0,2
202240000,2,0,0,2
202260000,2,0,0,2
202280000,2,0,0,2
202300000,2,0,0,2
202320000,2,0,0,2
202340000,2,0,0,2
202360000,2,0,0,2
202380000,2,0,0,2
202400000,2,0,0,2
202420000,2,0,0,2
202440000,2,0,0,2
202460000,2,0,0,2
202480000,2,0,0,2
202500000,2,0,0,2
202520000,2,0,0,2
202540000,2,0,0,2
202560000,2,0,0,2
202580000,2,0,0,2
202600000,2,0,0,2
202620000,2,0,0,2
202640000,2,0,0,2
202660000,2,0,0,2
202680000,2,0,0,2
202700000,2,0,0,2
202720000,2,0,0,2
202740000,2,0,0,2
202760000,2,0,0,2
202780000,2,0,0,2
202800000,2,0,0,2
202820000,2,0,0,2
202840000,2,0,0,2
202860000,2,0,0,2
202880000,2,0,0,2
202900000,2,0,0,2
202920000,2,0,0,2
202940000,2,0,0,2
202960000,2,0,0,2
202980000,2,0,0,2
203000000,2,0,0,2
203020000,2,0,0,2
203040000,2,0,0,2
203060000,2,0,0,2
203080000,2,0,0,2
203100000,2,0,0,2
203120000,2,0,0,2
203140000,2,0,0,2
203160000,2,0,0,2
203180000,2,0,0,2
203200000,2,0,0,2
203220000,2,0,0,2
203240000,2,0,0,2
203260000,2,0,0,2
203280000,2,0,0,2
203300000,2,0,0,2
203320000,2,0,0,2
203340000,2,0,0,2
203360000,2,0,0,2
203380000,2,0,0,2
203400000,2,0,0,2
203420000,2,0,0,2
203440000,2,0,0,2
203460000,2,0,0,2
203480000,2,0,0,2
203500000,2,0,0,2
203520000,2,0,0,2
203540000,2,0,0,2
203560000,2,0,0,2
203580000,2,0,0,2
203600000,2,0,0,2
203620000,2,0,0,2
203640000,2,0,0,2
203660000,2,0,0,2
203680000,2,0,0,2
203700000,2,0,0,2
203720000,2,0,0,2
203740000,2,0,0,2
203760000,2,0,0,2
203780000,2,0,0,2
203800000,2,0,0,2
203820000,2,0,0,2
203840000,2,0,0,2
203860000,2,0,0,2
203880000,2,0,0,2
203900000,2,0,0,2
203920000,2,0,0,2
203940000,2,0,0,2
203960000,2,0,0,2
203980000,2,0,0,2
204000000,2,0,0,2
204020000,2,0,0,2
204040000,2,0,0,2
204060000,2,0,0,2
204080000,2,0,0,2
204100000,2,0,0,2
204120000,2,0,0,2
204140000,2,0,0,2
204160000,2,0,0,2
204180000,2,0,0,2
204200000,2,0,0,2
204220000,2,0,0,2
204240000,2,0,0,2
204260000,2,0,0,2
204280000,2,0,0,2
204300000,2,0,0,2
204320000,2,0,0,2
204340000,2,0,0,2
204360000,2,0,0,2
204380000,2,0,0,2
204400000,2,0,0,2
204420000,2,0,0,2
204440000,2,0,0,2
204460000,2,0,0,2
204480000,2,0,0,2
204500000,2,0,0,2
204520000,2,0,0,2
204540000,2,0,0,2
204560000,2,0,0,2
204580000,2,0,0,2
204600000,2,0,0,2
204620000,2,0,0,2
204640000,2,0,0,2
204660000,2,0,0,2
204680000,2,0,0,2
204700000,2,0,0,2
204720000,2,0,0,2
204740000,2,0,0,2
204760000,2,0,0,2
204780000,2,0,0,2
204800000,2,0,0,2
204820000,2,0,0,2
204840000,2,0,0,2
204860000,2,0,0,2
204880000,2,0,0,2
204900000,2,0,0,2
204920000,2,0,0,2
204940000,2,0,0,2
204960000,2,0,0,2
204980000,2,0,0,2
205000000,2,0,0,2
205020000,2,0,0,2
205040000,2,0,0,2
205060000,2,0,0,2
205080000,2,0,0,2
205100000,2,0,0,2
205120000,2,0,0,2
205140000,2,0,0,2
205160000,2,0,0,2
205180000,2,0,0,2
205200000,2,0,0,2
205220000,2,0,0,2
205240000,2,0,0,2
205260000,2,0,0,2
205280000,2,0,0,2
205300000,2,0,0,2
205320000,2,0,0,2
205340000,2,0,0,2
205360000,2,0,0,2
205380000,2,0,0,2
205400000,2,0,0,2
205420000,2,0,0,2
205440000,2,0,0,2
205460000,2,0,0,2
205480000,2,0,0,2
205500000,2,0,0,2
205520000,2,0,0,2
205540000,2,0,0,2
205560000,2,0,0,2
205580000,2,0,0,2
205600000,2,0,0,2
205620000,2,0,0,2
205640000,2,0,0,2
205660000,2,0,0,2
205680000,2,0,0,2
205700000,2,0,0,2
205720000,2,0,0,2
205740000,2,0,0,2
205760000,2,0,0,2
205780000,2,0,0,2
205800000,2,0,0,2
205820000,2,0,0,2
205840000,2,0,0,2
205860000,2,0,0,2
205880000,2,0,0,2
205900000,2,0,0,2
205920000,2,0,0,2
205940000,2,0,0,2
205960000,2,0,0,2
205980000,2,0,0,2
206000000,2,0,0,2
206020000,2,0,0,2
206040000,2,0,0,2
206060000,2,0,0,2
206080000,2,0,0,2
206100000,2,0,0,2
206120000,2,0,0,2
206140000,2,0,0,2
206160000,2,0,0,2
206180000,2,0,0,2
206200000,2,0,0,2
206220000,2,0,0,2
206240000,2,0,0,2
206260000,2,0,0,2
206280000,2,0,0,2
206300000,2,0,0,2
206320000,2,0,0,2
206340000,2,0,0,2
206360000,2,0,0,2
206380000,2,0,0,2
206400000,2,0,0,2
206420000,2,0,0,2
206440000,2,0,0,2
206460000,2,0,0,2
206480000,2,0,0,2
206500000,2,0,0,2
206520000,2,0,0,2
206540000,2,0,0,2
206560000,2,0,0,2
206580000,2,0,0,2
206600000,2,0,0,2
206620000,2,0,0,2
206640000,2,0,0,2
206660000,2,0,0,2
206680000,2,0,0,2
206700000,2,0,0,2
206720000,2,0,0,2
206740000,2,0,0,2
206760000,2,0,0,2
206780000,2,0,0,2
206800000,2,0,0,2
206820000,2,0,0,2
206840000,2,0,0,2
206860000,2,0,0,2
206880000,2,0,0,2
206900000,2,0,0,2
206920000,2,0,0,2
206940000,2,0,0,2
206960000,2,0,0,2
206980000,2,0,0,2
207000000,2,0,0,2
207020000,2,0,0,2
207040000,2,0,0,2
207060000,2,0,0,2
207080000,2,0,0,2
207100000,2,0,0,2
207120000,2,0,0,2
207140000,2,0,0,2
207160000,2,0,0,2
207180000,2,0,0,2
207200000,2,0,0,2
207220000,2,0,0,2
207240000,2,0,0,2
207260000,2,0,0,2
207280000,2,0,0,2
207300000,2,0,0,2
207320000,2,0,0,2
207340000,2,0,0,2
207360000,2,0,0,2
207380000,2,0,0,2
207400000,2,0,0,2
207420000,2,0,0,2
207440000,2,0,0,2
207460000,2,0,0,2
207480000,2,0,0,2
207500000,2,0,0,2
207520000,2,0,0,2
207540000,2,0,0,2
207560000,2,0,0,2
207580000,2,0,0,2
207600000,2,0,0,2
207620000,2,0,0,2
207640000,2,0,0,2
207660000,2,0,0,2
207680000,2,0,0,2
207700000,2,0,0,2
207720000,2,0,0,2
207740000,2,0,0,2
207760000,2,0,0,2
207780000,2,0,0,2
207800000,2,0,0,2
207820000,2,0,0,2
207840000,2,0,0,2
207860000,2,0,0,2
207880000,2,0,0,2
207900000,2,0,0,2
207920000,2,0,0,2
207940000,2,0,0,2
207960000,2,0,0,2
207980000,2,0,0,2
208000000,2,0,0,2
208020000,2,0,0,2
208040000,2,0,0,2
208060000,2,0,0,2
208080000,2,0,0,2
208100000,2,0,0,2
208120000,2,0,0,2
208140000,2,0,0,2
208160000,2,0,0,2
208180000,2,0,0,2
208200000,2,0,0,2
208220000,2,0,0,2
208240000,2,0,0,2
208260000,2,0,0,2
208280000,2,0,0,2
208300000,2,0,0,2
208320000,2,0,0,2
208340000,2,0,0,2
208360000,2,0,0,2
208380000,2,0,0,2
208400000,2,0,0,2
208420000,2,0,0,2
208440000,2,0,0,2
208460000,2,0,0,2
208480000,2,0,0,2
208500000,2,0,0,2
208520000,2,0,0,2
208540000,2,0,0,2
208560000,2,0,0,2
208580000,2,0,0,2
208600000,2,0,0,2
208620000,2,0,0,2
208640000,2,0,0,2
208660000,2,0,0,2
208680000,2,0,0,2
208700000,2,0,0,2
208720000,2,0,0,2
208740000,2,0,0,2
208760000,2,0,0,2
208780000,2,0,0,2
208800000,2,0,0,2
208820000,2,0,0,2
208840000,2,0,0,2
208860000,2,0,0,2
208880000,2,0,0,2
208900000,2,0,0,2
208920000,2,0,0,2
208940000,2,0,0,2
208960000,2,0,0,2
208980000,2,0,0,2
209000000,2,0,0,2
209020000,2,0,0,2
209040000,2,0,0,2
209060000,2,0,0,2
209080000,2,0,0,2
209100000,2,0,0,2
209120000,2,0,0,2
209140000,2,0,0,2
209160000,2,0,0,2
209180000,2,0,0,2
209200000,2,0,0,2
209220000,2,0,0,2
209240000,2,0,0,2
209260000,2,0,0,2
209280000,2,0,0,2
209300000,2,0,0,2
209320000,2,0,0,2
209340000,2,0,0,2
209360000,2,0,0,2
209380000,2,0,0,2
209400000,2,0,0,2
209420000,2,0,0,2
209440000,2,0,0,2
209460000,2,0,0,2
209480000,2,0,0,2
209500000,2,0,0,2
209520000,2,0,0,2
209540000,2,0,0,2
209560000,2,0,0,2
209580000,2,0,0,2
209600000,2,0,0,2
209620000,2,0,0,2
209640000,2,0,0,2
209660000,2,0,0,2
209680000,2,0,0,2
209700000,2,0,0,2
209720000,2,0,0,2
209740000,2,0,0,2
209760000,2,0,0,2
209780000,2,0,0,2
209800000,2,0,0,2
209820000,2,0,0,2
209840000,2,0,0,2
209860000,2,0,0,2
209880000,2,0,0,2
209900000,2,0,0,2
209920000,2,0,0,2
209940000,2,0,0,2
209960000,2,0,0,2
209980000,2,0,0,2
210000000,2,0,0,2
210020000,2,0,0,2
210040000,2,0,0,2
210060000,2,0,0,2
210080000,2,0,0,2
210100000,2,0,0,2
210120000,2,0,0,2
210140000,2,0,0,2
210160000,2,0,0,2
210180000,2,0,0,2
210200000,2,0,0,2
210220000,2,0,0,2
210240000,2,0,0,2
210260000,2,0,0,2
210280000,2,0,0,2
210300000,2,0,0,2
210320000,2,0,0,2
210340000,2,0,0,2
210360000,2,0,0,2
210380000,2,0,0,2
210400000,2,0,0,2
210420000,2,0,0,2
210440000,2,0,0,2
210460000,2,0,0,2
210480000,2,0,0,2
210500000,2,0,0,2
210520000,2,0,0,2
210540000,2,0,0,2
210560000,2,0,0,2
210580000,2,0,0,2
210600000,2,0,0,2
210620000,2,0,0,2
210640000,2,0,0,2
210660000,2,0,0,2
210680000,2,0,0,2
210700000,2,0,0,2
210720000,2,0,0,2
210740000,2,0,0,2
210760000,2,0,0,2
210780000,2,0,0,2
210800000,2,0,0,2
210820000,2,0,0,2
210840000,2,0,0,2
210860000,2,0,0,2
210880000,2,0,0,2
210900000,2,0,0,2
210920000,2,0,0,2
210940000,2,0,0,2
210960000,2,0,0,2
210980000,2,0,0,2
211000000,2,0,0,2
211020000,2,0,0,2
211040000,2,0,0,2
211060000,2,0,0,2
211080000,2,0,0,2
211100000,2,0,0,2
211120000,2,0,0,2
211140000,2,0,0,2
211160000,2,0,0,2
211180000,2,0,0,2
211200000,2,0,0,2
211220000,2,0,0,2
211240000,2,0,0,2
211260000,2,0,0,2
211280000,2,0,0,2
211300000,2,0,0,2
211320000,2,0,0,2
211340000,2,0,0,2
211360000,2,0,0,2
211380000,2,0,0,2
211400000,2,0,0,2
211420000,2,0,0,2
211440000,2,0,0,2
211460000,2,0,0,2
211480000,2,0,0,2
211500000,2,0,0,2
211520000,2,0,0,2
211540000,2,0,0,2
211560000,2,0,0,2
211580000,2,0,0,2
211600000,2,0,0,2
211620000,2,0,0,2
211640000,2,0,0,2
211660000,2,0,0,2
211680000,2,0,0,2
211700000,2,0,0,2
211720000,2,0,0,2
211740000,2,0,0,2
211760000,2,0,0,2
211780000,2,0,0,2
211800000,2,0,0,2
211820000,2,0,0,2
211840000,2,0,0,2
211860000,2,0,0,2
211880000,2,0,0,2
211900000,2,0,0,2
211920000,2,0,0,2
211940000,2,0,0,2
211960000,2,0,0,2
211980000,2,0,0,2
212000000,2,0,0,2
212020000,2,0,0,2
212040000,2,0,0,2
212060000,2,0,0,2
212080000,2,0,0,2
212100000,2,0,0,2
212120000,2,0,0,2
212140000,2,0,0,2
212160000,2,0,0,2
212180000,2,0,0,2
212200000,2,0,0,2
212220000,2,0,0,2
212240000,2,0,0,2
212260000,2,0,0,2
212280000,2,0,0,2
212300000,2,0,0,2
212320000,2,0,0,2
212340000,2,0,0,2
212360000,2,0,0,2
212380000,2,0,0,2
212400000,2,0,0,2
212420000,2,0,0,2
212440000,2,0,0,2
212460000,2,0,0,2
212480000,2,0,0,2
212500000,2,0,0,2
212520000,2,0,0,2
212540000,2,0,0,2
212560000,2,0,0,2
212580000,2,0,0,2
212600000,2,0,0,2
212620000,2,0,0,2
212640000,2,0,0,2
212660000,2,0,0,2
212680000,2,0,0,2
212700000,2,0,0,2
212720000,2,0,0,2
212740000,2,0,0,2
212760000,2,0,0,2
212780000,2,0,0,2
212800000,2,0,0,2
212820000,2,0,0,2
212840000,2,0,0,2
212860000,2,0,0,2
212880000,2,0,0,2
212900000,2,0,0,2
212920000,2,0,0,2
212940000,2,0,0,2
212960000,2,0,0,2
212980000,2,0,0,2
213000000,2,0,0,2
213020000,2,0,0,2
213040000,2,0,0,2
213060000,2,0,0,2
213080000,2,0,0,2
213100000,2,0,0,2
213120000,2,0,0,2
213140000,2,0,0,2
213160000,2,0,0,2
213180000,2,0,0,2
213200000,2,0,0,2
213220000,2,0,0,2
213240000,2,0,0,2
213260000,2,0,0,2
213280000,2,0,0,2
213300000,2,0,0,2
213320000,2,0,0,2
213340000,2,0,0,2
213360000,2,0,0,2
213380000,2,0,0,2
213400000,2,0,0,2
213420000,2,0,0,2
213440000,2,0,0,2
213460000,2,0,0,2
213480000,2,0,0,2
213500000,2,0,0,2
213520000,2,0,0,2
213540000,2,0,0,2
213560000,2,0,0,2
213580000,2,0,0,2
213600000,2,0,0,2
213620000,2,0,0,2
213640000,2,0,0,2
213660000,2,0,0,2
213680000,2,0,0,2
213700000,2,0,0,2
213720000,2,0,0,2
213740000,2,0,0,2
213760000,2,0,0,2
213780000,2,0,0,2
213800000,2,0,0,2
213820000,2,0,0,2
213840000,2,0,0,2
213860000,2,0,0,2
213880000,2,0,0,2
213900000,2,0,0,2
213920000,2,0,0,2
213940000,2,0,0,2
213960000,2,0,0,2
213980000,2,0,0,2
214000000,2,0,0,2
214020000,2,0,0,2
214040000,2,0,0,2
214060000,2,0,0,2
214080000,2,0,0,2
214100000,2,0,0,2
214120000,2,0,0,2
214140000,2,0,0,2
214160000,2,0,0,2
214180000,2,0,0,2
214200000,2,0,0,2
214220000,2,0,0,2
214240000,2,0,0,2
214260000,2,0,0,2
214280000,2,0,0,2
214300000,2,0,0,2
214320000,2,0,0,2
214340000,2,0,0,2
214360000,2,0,0,2
214380000,2,0,0,2
214400000,2,0,0,2
214420000,2,0,0,2
214440000,2,0,0,2
214460000,2,0,0,2
214480000,2,0,0,2
214500000,2,0,0,2
214520000,2,0,0,2
214540000,2,0,0,2
214560000,2,0,0,2
214580000,2,0,0,2
214600000,2,0,0,2
214620000,2,0,0,2
214640000,2,0,0,2
214660000,2,0,0,2
214680000,2,0,0,2
214700000,2,0,0,2
214720000,2,0,0,2
214740000,2,0,0,2
214760000,2,0,0,2
214780000,2,0,0,2
214800000,2,0,0,2
214820000,2,0,0,2
214840000,2,0,0,2
214860000,2,0,0,2
214880000,2,0,0,2
214900000,2,0,0,2
214920000,2,0,0,2
214940000,2,0,0,2
214960000,2,0,0,2
214980000,2,0,0,2
215000000,2,0,0,2
215020000,2,0,0,2
215040000,2,0,0,2
215060000,2,0,0,2
215080000,2,0,0,2
215100000,2,0,0,2
215120000,2,0,0,2
215140000,2,0,0,2
215160000,2,0,0,2
215180000,2,0,0,2
215200000,2,0,0,2
215220000,2,0,0,2
215240000,2,0,0,2
215260000,2,0,0,2
215280000,2,0,0,2
215300000,2,0,0,2
215320000,2,0,0,2
215340000,2,0,0,2
215360000,2,0,0,2
215380000,2,0,0,2
215400000,2,0,0,2
215420000,2,0,0,2
215440000,2,0,0,2
215460000,2,0,0,2
215480000,2,0,0,2
215500000,2,0,0,2
215520000,2,0,0,2
215540000,2,0,0,2
215560000,2,0,0,2
215580000,2,0,0,2
215600000,2,0,0,2
215620000,2,0,0,2
215640000,2,0,0,2
215660000,2,0,0,2
215680000,2,0,0,2
215700000,2,0,0,2
215720000,2,0,0,2
215740000,2,0,0,2
215760000,2,0,0,2
215780000,2,0,0,2
215800000,2,0,0,2
215820000,2,0,0,2
215840000,2,0,0,2
215860000,2,0,0,2
215880000,2,0,0,2
215900000,2,0,0,2
215920000,2,0,0,2
215940000,2,0,0,2
215960000,2,0,0,2
215980000,2,0,0,2
216000000,2,0,0,2
216020000,2,0,0,2
216040000,2,0,0,2
216060000,2,0,0,2
216080000,2,0,0,2
216100000,2,0,0,2
216120000,2,0,0,2
216140000,2,0,0,2
216160000,2,0,0,2
216180000,2,0,0,2
216200000,2,0,0,2
216220000,2,0,0,2
216240000,2,0,0,2
216260000,2,0,0,2
216280000,2,0,0,2
216300000,2,0,0,2
216320000,2,0,0,2
216340000,2,0,0,2
216360000,2,0,0,2
216380000,2,0,0,2
216400000,2,0,0,2
216420000,2,0,0,2
216440000,2,0,0,2
216460000,2,0,0,2
216480000,2,0,0,2
216500000,2,0,0,2
216520000,2,0,0,2
216540000,2,0,0,2
216560000,2,0,0,2
216580000,2,0,0,2
216600000,2,0,0,2
216620000,2,0,0,2
216640000,2,0,0,2
216660000,2,0,0,2
216680000,2,0,0,2
216700000,2,0,0,2
216720000,2,0,0,2
216740000,2,0,0,2
216760000,2,0,0,2
216780000,2,0,0,2
216800000,2,0,0,2
216820000,2,0,0,2
216840000,2,0,0,2
216860000,2,0,0,2
216880000,2,0,0,2
216900000,2,0,0,2
216920000,2,0,0,2
216940000,2,0,0,2
216960000,2,0,0,2
216980000,2,0,0,2
217000000,2,0,0,2
217020000,2,0,0,2
217040000,2,0,0,2
217060000,2,0,0,2
217080000,2,0,0,2
217100000,2,0,0,2
217120000,2,0,0,2
217140000,2,0,0,2
217160000,2,0,0,2
217180000,2,0,0,2
217200000,2,0,0,2
217220000,2,0,0,2
217240000,2,0,0,2
217260000,2,0,0,2
217280000,2,0,0,2
217300000,2,0,0,2
217320000,2,0,0,2
217340000,2,0,0,2
217360000,2,0,0,2
217380000,2,0,0,2
217400000,2,0,0,2
217420000,2,0,0,2
217440000,2,0,0,2
217460000,2,0,0,2
217480000,2,0,0,2
217500000,2,0,0,2
217520000,2,0,0,2
217540000,2,0,0,2
217560000,2,0,0,2
217580000,2,0,0,2
217600000,2,0,0,2
217620000,2,0,0,2
217640000,2,0,0,2
217660000,2,0,0,2
217680000,2,0,0,2
217700000,2,0,0,2
217720000,2,0,0,2
217740000,2,0,0,2
217760000,2,0,0,2
217780000,2,0,0,2
217800000,2,0,0,2
217820000,2,0,0,2
217840000,2,0,0,2
217860000,2,0,0,2
217880000,2,0,0,2
217900000,2,0,0,2
217920000,2,0,0,2
217940000,2,0,0,2
217960000,2,0,0,2
217980000,2,0,0,2
218000000,2,0,0,2
218020000,2,0,0,2
218040000,2,0,0,2
218060000,2,0,0,2
218080000,2,0,0,2
218100000,2,0,0,2
218120000,2,0,0,2
218140000,2,0,0,2
218160000,2,0,0,2
218180000,2,0,0,2
218200000,2,0,0,2
218220000,2,0,0,2
218240000,2,0,0,2
218260000,2,0,0,2
218280000,2,0,0,2
218300000,2,0,0,2
218320000,2,0,0,2
218340000,2,0,0,2
218360000,2,0,0,2
218380000,2,0,0,2
218400000,2,0,0,2
218420000,2,0,0,2
218440000,2,0,0,2
218460000,2,0,0,2
218480000,2,0,0,2
218500000,2,0,0,2
218520000,2,0,0,2
218540000,2,0,0,2
218560000,2,0,0,2
218580000,2,0,0,2
218600000,2,0,0,2
218620000,2,0,0,2
218640000,2,0,0,2
218660000,2,0,0,2
218680000,2,0,0,2
218700000,2,0,0,2
218720000,2,0,0,2
218740000,2,0,0,2
218760000,2,0,0,2
218780000,2,0,0,2
218800000,2,0,0,2
218820000,2,0,0,2
218840000,2,0,0,2
218860000,2,0,0,2
218880000,2,0,0,2
218900000,2,0,0,2
218920000,2,0,0,2
218940000,2,0,0,2
218960000,2,0,0,2
218980000,2,0,0,2
219000000,2,0,0,2
219020000,2,0,0,2
219040000,2,0,0,2
219060000,2,0,0,2
219080000,2,0,0,2
219100000,2,0,0,2
219120000,2,0,0,2
219140000,2,0,0,2
219160000,2,0,0,2
219180000,2,0,0,2
219200000,2,0,0,2
219220000,2,0,0,2
219240000,2,0,0,2
219260000,2,0,0,2
219280000,2,0,0,2
219300000,2,0,0,2
219320000,2,0,0,2
219340000,2,0,0,2
219360000,2,0,0,2
219380000,2,0,0,2
219400000,2,0,0,2
219420000,2,0,0,2
219440000,2,0,0,2
219460000,2,0,0,2
219480000,2,0,0,2
219500000,2,0,0,2
219520000,2,0,0,2
219540000,2,0,0,2
219560000,2,0,0,2
219580000,2,0,0,2
219600000,2,0,0,2
219620000,2,0,0,2
219640000,2,0,0,2
219660000,2,0,0,2
219680000,2,0,0,2
219700000,2,0,0,2
219720000,2,0,0,2
219740000,2,0,0,2
219760000,2,0,0,2
219780000,2,0,0,2
219800000,2,0,0,2
219820000,2,0,0,2
219840000,2,0,0,2
219860000,2,0,0,2
219880000,2,0,0,2
219900000,2,0,0,2
219920000,2,0,0,2
219940000,2,0,0,2
219960000,2,0,0,2
219980000,2,0,0,2
220000000,2,0,0,2
220020000,2,0,0,2
220040000,2,0,0,2
220060000,2,0,0,2
220080000,2,0,0,2
220100000,2,0,0,2
220120000,2,0,0,2
220140000,2,0,0,2
220160000,2,0,0,2
220180000,2,0,0,2
220200000,2,0,0,2
220220000,2,0,0,2
220240000,2,0,0,2
220260000,2,0,0,2
220280000,2,0,0,2
220300000,2,0,0,2
220320000,2,0,0,2
220340000,2,0,0,2
220360000,2,0,0,2
220380000,2,0,0,2
220400000,2,0,0,2
220420000,2,0,0,2
220440000,2,0,0,2
220460000,2,0,0,2
220480000,2,0,0,2
220500000,2,0,0,2
220520000,2,0,0,2
220540000,2,0,0,2
220560000,2,0,0,2
220580000,2,0,0,2
220600000,2,0,0,2
220620000,2,0,0,2
220640000,2,0,0,2
220660000,2,0,0,2
220680000,2,0,0,2
220700000,2,0,0,2
220720000,2,0,0,2
220740000,2,0,0,2
220760000,2,0,0,2
220780000,2,0,0,2
220800000,2,0,0,2
220820000,2,0,0,2
220840000,2,0,0,2
220860000,2,0,0,2
220880000,2,0,0,2
220900000,2,0,0,2
220920000,2,0,0,2
220940000,2,0,0,2
220960000,2,0,0,2
220980000,2,0,0,2
221000000,2,0,0,2
221020000,2,0,0,2
221040000,2,0,0,2
221060000,2,0,0,2
221080000,2,0,0,2
221100000,2,0,0,2
221120000,2,0,0,2
221140000,2,0,0,2
221160000,2,0,0,2
221180000,2,0,0,2
221200000,2,0,0,2
221220000,2,0,0,2
221240000,2,0,0,2
221260000,2,0,0,2
221280000,2,0,0,2
221300000,2,0,0,2
221320000,2,0,0,2
221340000,2,0,0,2
221360000,2,0,0,2
221380000,2,0,0,2
221400000,2,0,0,2
221420000,2,0,0,2
221440000,2,0,0,2
221460000,2,0,0,2
221480000,2,0,0,2
221500000,2,0,0,2
221520000,2,0,0,2
221540000,2,0,0,2
221560000,2,0,0,2
221580000,2,0,0,2
221600000,2,0,0,2
221620000,2,0,0,2
221640000,2,0,0,2
221660000,2,0,0,2
221680000,2,0,0,2
221700000,2,0,0,2
221720000,2,0,0,2
221740000,2,0,0,2
221760000,2,0,0,2
221780000,2,0,0,2
221800000,2,0,0,2
221820000,2,0,0,2
221840000,2,0,0,2
221860000,2,0,0,2
221880000,2,0,0,2
221900000,2,0,0,2
221920000,2,0,0,2
221940000,2,0,0,2
221960000,2,0,0,2
221980000,2,0,0,2
222000000,2,0,0,2
222020000,2,0,0,2
222040000,2,0,0,2
222060000,2,0,0,2
222080000,2,0,0,2
222100000,2,0,0,2
222120000,2,0,0,2
222140000,2,0,0,2
222160000,2,0,0,2
222180000,2,0,0,2
222200000,2,0,0,2
222220000,2,0,0,2
222240000,2,0,0,2
222260000,2,0,0,2
222280000,2,0,0,2
222300000,2,0,0,2
222320000,2,0,0,2
222340000,2,0,0,2
222360000,2,0,0,2
222380000,2,0,0,2
222400000,2,0,0,2
222420000,2,0,0,2
222440000,2,0,0,2
222460000,2,0,0,2
222480000,2,0,0,2
222500000,2,0,0,2
222520000,2,0,0,2
222540000,2,0,0,2
222560000,2,0,0,2
222580000,2,0,0,2
222600000,2,0,0,2
222620000,2,0,0,2
222640000,2,0,0,2
222660000,2,0,0,2
222680000,2,0,0,2
222700000,2,0,0,2
222720000,2,0,0,2
222740000,2,0,0,2
222760000,2,0,0,2
222780000,2,0,0,2
222800000,2,0,0,2
222820000,2,0,0,2
222840000,2,0,0,2
222860000,2,0,0,2
222880000,2,0,0,2
222900000,2,0,0,2
222920000,2,0,0,2
222940000,2,0,0,2
222960000,2,0,0,2
222980000,2,0,0,2
223000000,2,0,0,2
223020000,2,0,0,2
223040000,2,0,0,2
223060000,2,0,0,2
223080000,2,0,0,2
223100000,2,0,0,2
223120000,2,0,0,2
223140000,2,0,0,2
223160000,2,0,0,2
223180000,2,0,0,2
223200000,2,0,0,2
223220000,2,0,0,2
223240000,2,0,0,2
223260000,2,0,0,2
223280000,2,0,0,2
223300000,2,0,0,2
223320000,2,0,0,2
223340000,2,0,0,2
223360000,2,0,0,2
223380000,2,0,0,2
223400000,2,0,0,2
223420000,2,0,0,2
223440000,2,0,0,2
223460000,2,0,0,2
223480000,2,0,0,2
223500000,2,0,0,2
223520000,2,0,0,2
223540000,2,0,0,2
223560000,2,0,0,2
223580000,2,0,0,2
223600000,2,0,0,2
223620000,2,0,0,2
223640000,2,0,0,2
223660000,2,0,0,2
223680000,2,0,0,2
223700000,2,0,0,2
223720000,2,0,0,2
223740000,2,0,0,2
223760000,2,0,0,2
223780000,2,0,0,2
223800000,2,0,0,2
223820000,2,0,0,2
223840000,2,0,0,2
223860000,2,0,0,2
223880000,2,0,0,2
223900000,2,0,0,2
223920000,2,0,0,2
223940000,2,0,0,2
223960000,2,0,0,2
223980000,2,0,0,2
224000000,2,0,0,2
224020000,2,0,0,2
224040000,2,0,0,2
224060000,2,0,0,2
224080000,2,0,0,2
224100000,2,0,0,2
224120000,2,0,0,2
224140000,2,0,0,2
224160000,2,0,0,2
224180000,2,0,0,2
224200000,2,0,0,2
224220000,2,0,0,2
224240000,2,0,0,2
224260000,2,0,0,2
224280000,2,0,0,2
224300000,2,0,0,2
224320000,2,0,0,2
224340000,2,0,0,2
224360000,2,0,0,2
224380000,2,0,0,2
224400000,2,0,0,2
224420000,2,0,0,2
224440000,2,0,0,2
224460000,2,0,0,2
224480000,2,0,0,2
224500000,2,0,0,2
224520000,2,0,0,2
224540000,2,0,0,2
224560000,2,0,0,2
224580000,2,0,0,2
224600000,2,0,0,2
224620000,2,0,0,2
224640000,2,0,0,2
224660000,2,0,0,2
224680000,2,0,0,2
224700000,2,0,0,2
224720000,2,0,0,2
224740000,2,0,0,2
224760000,2,0,0,2
224780000,2,0,0,2
224800000,2,0,0,2
224820000,2,0,0,2
224840000,2,0,0,2
224860000,2,0,0,2
224880000,2,0,0,2
224900000,2,0,0,2
224920000,2,0,0,2
224940000,2,0,0,2
224960000,2,0,0,2
224980000,2,0,0,2
225000000,2,0,0,2
225020000,2,0,0,2
225040000,2,0,0,2
225060000,2,0,0,2
225080000,2,0,0,2
225100000,2,0,0,2
225120000,2,0,0,2
225140000,2,0,0,2
225160000,2,0,0,2
225180000,2,0,0,2
225200000,2,0,0,2
225220000,2,0,0,2
225240000,2,0,0,2
225260000,2,0,0,2
225280000,2,0,0,2
225300000,2,0,0,2
225320000,2,0,0,2
225340000,2,0,0,2
225360000,2,0,0,2
225380000,2,0,0,2
225400000,2,0,0,2
225420000,2,0,0,2
225440000,2,0,0,2
225460000,2,0,0,2
225480000,2,0,0,2
225500000,2,0,0,2
225520000,2,0,0,2
225540000,2,0,0,2
225560000,2,0,0,2
225580000,2,0,0,2
225600000,2,0,0,2
225620000,2,0,0,2
225640000,2,0,0,2
225660000,2,0,0,2
225680000,2,0,0,2
225700000,2,0,0,2
225720000,2,0,0,2
225740000,2,0,0,2
225760000,2,0,0,2
225780000,2,0,0,2
225800000,2,0,0,2
225820000,2,0,0,2
225840000,2,0,0,2
225860000,2,0,0,2
225880000,2,0,0,2
225900000,2,0,0,2
225920000,2,0,0,2
225940000,2,0,0,2
225960000,2,0,0,2
225980000,2,0,0,2
226000000,2,0,0,2
226020000,2,0,0,2
226040000,2,0,0,2
226060000,2,0,0,2
226080000,2,0,0,2
226100000,2,0,0,2
226120000,2,0,0,2
226140000,2,0,0,2
226160000,2,0,0,2
226180000,2,0,0,2
226200000,2,0,0,2
226220000,2,0,0,2
226240000,2,0,0,2
226260000,2,0,0,2
226280000,2,0,0,2
226300000,2,0,0,2
226320000,2,0,0,2
226340000,2,0,0,2
226360000,2,0,0,2
226380000,2,0,0,2
226400000,2,0,0,2
226420000,2,0,0,2
226440000,2,0,0,2
226460000,2,0,0,2
226480000,2,0,0,2
226500000,2,0,0,2
226520000,2,0,0,2
226540000,2,0,0,2
226560000,2,0,0,2
226580000,2,0,0,2
226600000,2,0,0,2
226620000,2,0,0,2
226640000,2,0,0,2
226660000,2,0,0,2
226680000,2,0,0,2
226700000,2,0,0,2
226720000,2,0,0,2
226740000,2,0,0,2
226760000,2,0,0,2
226780000,2,0,0,2
226800000,2,0,0,2
226820000,2,0,0,2
226840000,2,0,0,2
226860000,2,0,0,2
226880000,2,0,0,2
226900000,2,0,0,2
226920000,2,0,0,2
226940000,2,0,0,2
226960000,2,0,0,2
226980000,2,0,0,2
227000000,2,0,0,2
227020000,2,0,0,2
227040000,2,0,0,2
227060000,2,0,0,2
227080000,2,0,0,2
227100000,2,0,0,2
227120000,2,0,0,2
227140000,2,0,0,2
227160000,2,0,0,2
227180000,2,0,0,2
227200000,2,0,0,2
227220000,2,0,0,2
227240000,2,0,0,2
227260000,2,0,0,2
227280000,2,0,0,2
227300000,2,0,0,2
227320000,2,0,0,2
227340000,2,0,0,2
227360000,2,0,0,2
227380000,2,0,0,2
227400000,2,0,0,2
227420000,2,0,0,2
227440000,2,0,0,2
227460000,2,0,0,2
227480000,2,0,0,2
227500000,2,0,0,2
227520000,2,0,0,2
227540000,2,0,0,2
227560000,2,0,0,2
227580000,2,0,0,2
227600000,2,0,0,2
227620000,2,0,0,2
227640000,2,0,0,2
227660000,2,0,0,2
227680000,2,0,0,2
227700000,2,0,0,2
227720000,2,0,0,2
227740000,2,0,0,2
227760000,2,0,0,2
227780000,2,0,0,2
227800000,2,0,0,2
227820000,2,0,0,2
227840000,2,0,0,2
227860000,2,0,0,2
227880000,2,0,0,2
227900000,2,0,0,2
227920000,2,0,0,2
227940000,2,0,0,2
227960000,2,0,0,2
227980000,2,0,0,2
228000000,2,0,0,2
228020000,2,0,0,2
228040000,2,0,0,2
228060000,2,0,0,2
228080000,2,0,0,2
228100000,2,0,0,2
228120000,2,0,0,2
228140000,2,0,0,2
228160000,2,0,0,2
228180000,2,0,0,2
228200000,2,0,0,2
228220000,2,0,0,2
228240000,2,0,0,2
228260000,2,0,0,2
228280000,2,0,0,2
228300000,2,0,0,2
228320000,2,0,0,2
228340000,2,0,0,2
228360000,2,0,0,2
228380000,2,0,0,2
228400000,2,0,0,2
228420000,2,0,0,2
228440000,2,0,0,2
228460000,2,0,0,2
228480000,2,0,0,2
228500000,2,0,0,2
228520000,2,0,0,2
228540000,2,0,0,2
228560000,2,0,0,2
228580000,2,0,0,2
228600000,2,0,0,2
228620000,2,0,0,2
228640000,2,0,0,2
228660000,2,0,0,2
228680000,2,0,0,2
228700000,2,0,0,2
228720000,2,0,0,2
228740000,2,0,0,2
228760000,2,0,0,2
228780000,2,0,0,2
228800000,2,0,0,2
228820000,2,0,0,2
228840000,2,0,0,2
228860000,2,0,0,2
228880000,2,0,0,2
228900000,2,0,0,2
228920000,2,0,0,2
228940000,2,0,0,2
228960000,2,0,0,2
228980000,2,0,0,2
229000000,2,0,0,2
229020000,2,0,0,2
229040000,2,0,0,2
229060000,2,0,0,2
229080000,2,0,0,2
229100000,2,0,0,2
229120000,2,0,0,2
229140000,2,0,0,2
229160000,2,0,0,2
229180000,2,0,0,2
229200000,2,0,0,2
229220000,2,0,0,2
229240000,2,0,0,2
229260000,2,0,0,2
229280000,2,0,0,2
229300000,2,0,0,2
229320000,2,0,0,2
229340000,2,0,0,2
229360000,2,0,0,2
229380000,2,0,0,2
229400000,2,0,0,2
229420000,2,0,0,2
229440000,2,0,0,2
229460000,2,0,0,2
229480000,2,0,0,2
229500000,2,0,0,2
229520000,2,0,0,2
229540000,2,0,0,2
229560000,2,0,0,2
229580000,2,0,0,2
229600000,2,0,0,2
229620000,2,0,0,2
229640000,2,0,0,2
229660000,2,0,0,2
229680000,2,0,0,2
229700000,2,0,0,2
229720000,2,0,0,2
229740000,2,0,0,2
229760000,2,0,0,2
229780000,2,0,0,2
229800000,2,0,0,2
229820000,2,0,0,2
229840000,2,0,0,2
229860000,2,0,0,2
229880000,2,0,0,2
229900000,2,0,0,2
229920000,2,0,0,2
229940000,2,0,0,2
229960000,2,0,0,2
229980000,2,0,0,2
230000000,2,0,0,2
230020000,2,0,0,2
230040000,2,0,0,2
230060000,2,0,0,2
230080000,2,0,0,2
230100000,2,0,0,2
230120000,2,0,0,2
230140000,2,0,0,2
230160000,2,0,0,2
230180000,2,0,0,2
230200000,2,0,0,2
230220000,2,0,0,2
230240000,2,0,0,2
230260000,2,0,0,2
230280000,2,0,0,2
230300000,2,0,0,2
230320000,2,0,0,2
230340000,2,0,0,2
230360000,2,0,0,2
230380000,2,0,0,2
230400000,2,0,0,2
230420000,2,0,0,2
230440000,2,0,0,2
230460000,2,0,0,2
230480000,2,0,0,2
230500000,2,0,0,2
230520000,2,0,0,2
230540000,2,0,0,2
230560000,2,0,0,2
230580000,2,0,0,2
230600000,2,0,0,2
230620000,2,0,0,2
230640000,2,0,0,2
230660000,2,0,0,2
230680000,2,0,0,2
230700000,2,0,0,2
230720000,2,0,0,2
230740000,2,0,0,2
230760000,2,0,0,2
230780000,2,0,0,2
230800000,2,0,0,2
230820000,2,0,0,2
230840000,2,0,0,2
230860000,2,0,0,2
230880000,2,0,0,2
230900000,2,0,0,2
230920000,2,0,0,2
230940000,2,0,0,2
230960000,2,0,0,2
230980000,2,0,0,2
231000000,2,0,0,2
231020000,2,0,0,2
231040000,2,0,0,2
231060000,2,0,0,2
231080000,2,0,0,2
231100000,2,0,0,2
231120000,2,0,0,2
231140000,2,0,0,2
231160000,2,0,0,2
231180000,2,0,0,2
231200000,2,0,0,2
231220000,2,0,0,2
231240000,2,0,0,2
231260000,2,0,0,2
231280000,2,0,0,2
231300000,2,0,0,2
231320000,2,0,0,2
231340000,2,0,0,2
231360000,2,0,0,2
231380000,2,0,0,2
231400000,2,0,0,2
231420000,2,0,0,2
231440000,2,0,0,2
231460000,2,0,0,2
231480000,2,0,0,2
231500000,2,0,0,2
231520000,2,0,0,2
231540000,2,0,0,2
231560000,2,0,0,2
231580000,2,0,0,2
231600000,2,0,0,2
231620000,2,0,0,2
231640000,2,0,0,2
231660000,2,0,0,2
231680000,2,0,0,2
231700000,2,0,0,2
231720000,2,0,0,2
231740000,2,0,0,2
231760000,2,0,0,2
231780000,2,0,0,2
231800000,2,0,0,2
231820000,2,0,0,2
231840000,2,0,0,2
231860000,2,0,0,2
231880000,2,0,0,2
231900000,2,0,0,2
231920000,2,0,0,2
231940000,2,0,0,2
231960000,2,0,0,2
231980000,2,0,0,2
232000000,2,0,0,2
232020000,2,0,0,2
232040000,2,0,0,2
232060000,2,0,0,2
232080000,2,0,0,2
232100000,2,0,0,2
232120000,2,0,0,2
232140000,2,0,0,2
232160000,2,0,0,2
232180000,2,0,0,2
232200000,2,0,0,2
232220000,2,0,0,2
232240000,2,0,0,2
232260000,2,0,0,2
232280000,2,0,0,2
232300000,2,0,0,2
232320000,2,0,0,2
232340000,2,0,0,2
232360000,2,0,0,2
232380000,2,0,0,2
232400000,2,0,0,2
232420000,2,0,0,2
232440000,2,0,0,2
232460000,2,0,0,2
232480000,2,0,0,2
232500000,2,0,0,2
232520000,2,0,0,2
232540000,2,0,0,2
232560000,2,0,0,2
232580000,2,0,0,2
232600000,2,0,0,2
232620000,2,0,0,2
232640000,2,0,0,2
232660000,2,0,0,2
232680000,2,0,0,2
232700000,2,0,0,2
232720000,2,0,0,2
232740000,2,0,0,2
232760000,2,0,0,2
232780000,2,0,0,2
232800000,2,0,0,2
232820000,2,0,0,2
232840000,2,0,0,2
232860000,2,0,0,2
232880000,2,0,0,2
232900000,2,0,0,2
232920000,2,0,0,2
232940000,2,0,0,2
232960000,2,0,0,2
232980000,2,0,0,2
233000000,2,0,0,2
233020000,2,0,0,2
233040000,2,0,0,2
233060000,2,0,0,2
233080000,2,0,0,2
233100000,2,0,0,2
233120000,2,0,0,2
233140000,2,0,0,2
233160000,2,0,0,2
233180000,2,0,0,2
233200000,2,0,0,2
233220000,2,0,0,2
233240000,2,0,0,2
233260000,2,0,0,2
233280000,2,0,0,2
233300000,2,0,0,2
233320000,2,0,0,2
233340000,2,0,0,2
233360000,2,0,0,2
233380000,2,0,0,2
233400000,2,0,0,2
233420000,2,0,0,2
233440000,2,0,0,2
233460000,2,0,0,2
233480000,2,0,0,2
233500000,2,0,0,2
233520000,2,0,0,2
233540000,2,0,0,2
233560000,2,0,0,2
233580000,2,0,0,2
233600000,2,0,0,2
233620000,2,0,0,2
233640000,2,0,0,2
233660000,2,0,0,2
233680000,2,0,0,2
233700000,2,0,0,2
233720000,2,0,0,2
233740000,2,0,0,2
233760000,2,0,0,2
233780000,2,0,0,2
233800000,2,0,0,2
233820000,2,0,0,2
233840000,2,0,0,2
233860000,2,0,0,2
233880000,2,0,0,2
233900000,2,0,0,2
233920000,2,0,0,2
233940000,2,0,0,2
233960000,2,0,0,2
233980000,2,0,0,2
234000000,2,0,0,2
234020000,2,0,0,2
234040000,2,0,0,2
234060000,2,0,0,2
234080000,2,0,0,2
234100000,2,0,0,2
234120000,2,0,0,2
234140000,2,0,0,2
234160000,2,0,0,2
234180000,2,0,0,2
234200000,2,0,0,2
234220000,2,0,0,2
234240000,2,0,0,2
234260000,2,0,0,2
234280000,2,0,0,2
234300000,2,0,0,2
234320000,2,0,0,2
234340000,2,0,0,2
234360000,2,0,0,2
234380000,2,0,0,2
234400000,2,0,0,2
234420000,2,0,0,2
234440000,2,0,0,2
234460000,2,0,0,2
234480000,2,0,0,2
234500000,2,0,0,2
234520000,2,0,0,2
234540000,2,0,0,2
234560000,2,0,0,2
234580000,2,0,0,2
234600000,2,0,0,2
234620000,2,0,0,2
234640000,2,0,0,2
234660000,2,0,0,2
234680000,2,0,0,2
234700000,2,0,0,2
234720000,2,0,0,2
234740000,2,0,0,2
234760000,2,0,0,2
234780000,2,0,0,2
234800000,2,0,0,2
234820000,2,0,0,2
234840000,2,0,0,2
234860000,2,0,0,2
234880000,2,0,0,2
234900000,2,0,0,2
234920000,2,0,0,2
234940000,2,0,0,2
234960000,2,0,0,2
234980000,2,0,0,2
235000000,2,0,0,2
235020000,2,0,0,2
235040000,2,0,0,2
235060000,2,0,0,2
235080000,2,0,0,2
235100000,2,0,0,2
235120000,2,0,0,2
235140000,2,0,0,2
235160000,2,0,0,2
235180000,2,0,0,2
235200000,2,0,0,2
235220000,2,0,0,2
235240000,2,0,0,2
235260000,2,0,0,2
235280000,2,0,0,2
235300000,2,0,0,2
235320000,2,0,0,2
235340000,2,0,0,2
235360000,2,0,0,2
235380000,2,0,0,2
235400000,2,0,0,2
235420000,2,0,0,2
235440000,2,0,0,2
235460000,2,0,0,2
235480000,2,0,0,2
235500000,2,0,0,2
235520000,2,0,0,2
235540000,2,0,0,2
235560000,2,0,0,2
235580000,2,0,0,2
235600000,2,0,0,2
235620000,2,0,0,2
235640000,2,0,0,2
235660000,2,0,0,2
235680000,2,0,0,2
235700000,2,0,0,2
235720000,2,0,0,2
235740000,2,0,0,2
235760000,2,0,0,2
235780000,2,0,0,2
235800000,2,0,0,2
235820000,2,0,0,2
235840000,2,0,0,2
235860000,2,0,0,2
235880000,2,0,0,2
235900000,2,0,0,2
235920000,2,0,0,2
235940000,2,0,0,2
235960000,2,0,0,2
235980000,2,0,0,2
236000000,2,0,0,2
236020000,2,0,0,2
236040000,2,0,0,2
236060000,2,0,0,2
236080000,2,0,0,2
236100000,2,0,0,2
236120000,2,0,0,2
236140000,2,0,0,2
236160000,2,0,0,2
236180000,2,0,0,2
236200000,2,0,0,2
236220000,2,0,0,2
236240000,2,0,0,2
236260000,2,0,0,2
236280000,2,0,0,2
236300000,2,0,0,2
236320000,2,0,0,2
236340000,2,0,0,2
236360000,2,0,0,2
236380000,2,0,0,2
236400000,2,0,0,2
236420000,2,0,0,2
236440000,2,0,0,2
236460000,2,0,0,2
236480000,2,0,0,2
236500000,2,0,0,2
236520000,2,0,0,2
236540000,2,0,0,2
236560000,2,0,0,2
236580000,2,0,0,2
236600000,2,0,0,2
236620000,2,0,0,2
236640000,2,0,0,2
236660000,2,0,0,2
236680000,2,0,0,2
236700000,2,0,0,2
236720000,2,0,0,2
236740000,2,0,0,2
236760000,2,0,0,2
236780000,2,0,0,2
236800000,2,0,0,2
236820000,2,0,0,2
236840000,2,0,0,2
236860000,2,0,0,2
236880000,2,0,0,2
236900000,2,0,0,2
236920000,2,0,0,2
236940000,2,0,0,2
236960000,2,0,0,2
236980000,2,0,0,2
237000000,2,0,0,2
237020000,2,0,0,2
237040000,2,0,0,2
237060000,2,0,0,2
237080000,2,0,0,2
237100000,2,0,0,2
237120000,2,0,0,2
237140000,2,0,0,2
237160000,2,0,0,2
237180000,2,0,0,2
237200000,2,0,0,2
237220000,2,0,0,2
237240000,2,0,0,2
237260000,2,0,0,2
237280000,2,0,0,2
237300000,2,0,0,2
237320000,2,0,0,2
237340000,2,0,0,2
237360000,2,0,0,2
237380000,2,0,0,2
237400000,2,0,0,2
237420000,2,0,0,2
237440000,2,0,0,2
237460000,2,0,0,2
237480000,2,0,0,2
237500000,2,0,0,2
237520000,2,0,0,2
237540000,2,0,0,2
237560000,2,0,0,2
237580000,2,0,0,2
237600000,2,0,0,2
237620000,2,0,0,2
237640000,2,0,0,2
237660000,2,0,0,2
237680000,2,0,0,2
237700000,2,0,0,2
237720000,2,0,0,2
237740000,2,0,0,2
237760000,2,0,0,2
237780000,2,0,0,2
237800000,2,0,0,2
237820000,2,0,0,2
237840000,2,0,0,2
237860000,2,0,0,2
237880000,2,0,0,2
237900000,2,0,0,2
237920000,2,0,0,2
237940000,2,0,0,2
237960000,2,0,0,2
237980000,2,0,0,2
238000000,2,0,0,2
238020000,2,0,0,2
238040000,2,0,0,2
238060000,2,0,0,2
238080000,2,0,0,2
238100000,2,0,0,2
238120000,2,0,0,2
238140000,2,0,0,2
238160000,2,0,0,2
238180000,2,0,0,2
238200000,2,0,0,2
238220000,2,0,0,2
238240000,2,0,0,2
238260000,2,0,0,2
238280000,2,0,0,2
238300000,2,0,0,2
238320000,2,0,0,2
238340000,2,0,0,2
238360000,2,0,0,2
238380000,2,0,0,2
238400000,2,0,0,2
238420000,2,0,0,2
238440000,2,0,0,2
238460000,2,0,0,2
238480000,2,0,0,2
238500000,2,0,0,2
238520000,2,0,0,2
238540000,2,0,0,2
238560000,2,0,0,2
238580000,2,0,0,2
238600000,2,0,0,2
238620000,2,0,0,2
238640000,2,0,0,2
238660000,2,0,0,2
238680000,2,0,0,2
238700000,2,0,0,2
238720000,2,0,0,2
238740000,2,0,0,2
238760000,2,0,0,2
238780000,2,0,0,2
238800000,2,0,0,2
238820000,2,0,0,2
238840000,2,0,0,2
238860000,2,0,0,2
238880000,2,0,0,2
238900000,2,0,0,2
238920000,2,0,0,2
238940000,2,0,0,2
238960000,2,0,0,2
238980000,2,0,0,2
239000000,2,0,0,2
239020000,2,0,0,2
239040000,2,0,0,2
239060000,2,0,0,2
239080000,2,0,0,2
239100000,2,0,0,2
239120000,2,0,0,2
239140000,2,0,0,2
239160000,2,0,0,2
239180000,2,0,0,2
239200000,2,0,0,2
239220000,2,0,0,2
239240000,2,0,0,2
239260000,2,0,0,2
239280000,2,0,0,2
239300000,2,0,0,2
239320000,2,0,0,2
239340000,2,0,0,2
239360000,2,0,0,2
239380000,2,0,0,2
239400000,2,0,0,2
239420000,2,0,0,2
239440000,2,0,0,2
239460000,2,0,0,2
239480000,2,0,0,2
239500000,2,0,0,2
239520000,2,0,0,2
239540000,2,0,0,2
239560000,2,0,0,2
239580000,2,0,0,2
239600000,2,0,0,2
239620000,2,0,0,2
239640000,2,0,0,2
239660000,2,0,0,2
239680000,2,0,0,2
239700000,2,0,0,2
239720000,2,0,0,2
239740000,2,0,0,2
239760000,2,0,0,2
239780000,2,0,0,2
239800000,2,0,0,2
239820000,2,0,0,2
239840000,2,0,0,2
239860000,2,0,0,2
239880000,2,0,0,2
239900000,2,0,0,2
239920000,2,0,0,2
239940000,2,0,0,2
239960000,2,0,0,2
239980000,2,0,0,2
240000000,2,0,0,2
240020000,2,0,0,2
240040000,2,0,0,2
240060000,2,0,0,2
240080000,2,0,0,2
240100000,2,0,0,2
240120000,2,0,0,2
240140000,2,0,0,2
240160000,2,0,0,2
240180000,2,0,0,2
240200000,2,0,0,2
240220000,2,0,0,2
240240000,2,0,0,2
240260000,2,0,0,2
240280000,2,0,0,2
240300000,2,0,0,2
240320000,2,0,0,2
240340000,2,0,0,2
240360000,2,0,0,2
240380000,2,0,0,2
240400000,2,0,0,2
240420000,2,0,0,2
240440000,2,0,0,2
240460000,2,0,0,2
240480000,2,0,0,2
240500000,2,0,0,2
240520000,2,0,0,2
240540000,2,0,0,2
240560000,2,0,0,2
240580000,2,0,0,2
240600000,2,0,0,2
240620000,2,0,0,2
240640000,2,0,0,2
240660000,2,0,0,2
240680000,2,0,0,2
240700000,2,0,0,2
240720000,2,0,0,2
240740000,2,0,0,2
240760000,2,0,0,2
240780000,2,0,0,2
240800000,2,0,0,2
240820000,2,0,0,2
240840000,2,0,0,2
240860000,2,0,0,2
240880000,2,0,0,2
240900000,2,0,0,2
240920000,2,0,0,2
240940000,2,0,0,2
240960000,2,0,0,2
240980000,2,0,0,2
241000000,2,0,0,2
241020000,2,0,0,2
241040000,2,0,0,2
241060000,2,0,0,2
241080000,2,0,0,2
241100000,2,0,0,2
241120000,2,0,0,2
241140000,2,0,0,2
241160000,2,0,0,2
241180000,2,0,0,2
241200000,2,0,0,2
241220000,2,0,0,2
241240000,2,0,0,2
241260000,2,0,0,2
241280000,2,0,0,2
241300000,2,0,0,2
241320000,2,0,0,2
241340000,2,0,0,2
241360000,2,0,0,2
241380000,2,0,0,2
241400000,2,0,0,2
241420000,2,0,0,2
241440000,2,0,0,2
241460000,2,0,0,2
241480000,2,0,0,2
241500000,2,0,0,2
241520000,2,0,0,2
241540000,2,0,0,2
241560000,2,0,0,2
241580000,2,0,0,2
241600000,2,0,0,2
241620000,2,0,0,2
241640000,2,0,0,2
241660000,2,0,0,2
241680000,2,0,0,2
241700000,2,0,0,2
241720000,2,0,0,2
241740000,2,0,0,2
241760000,2,0,0,2
241780000,2,0,0,2
241800000,2,0,0,2
241820000,2,0,0,2
241840000,2,0,0,2
241860000,2,0,0,2
241880000,2,0,0,2
241900000,2,0,0,2
241920000,2,0,0,2
241940000,2,0,0,2
241960000,2,0,0,2
241980000,2,0,0,2
242000000,2,0,0,2
242020000,2,0,0,2
242040000,2,0,0,2
242060000,2,0,0,2
242080000,2,0,0,2
242100000,2,0,0,2
242120000,2,0,0,2
242140000,2,0,0,2
242160000,2,0,0,2
242180000,2,0,0,2
242200000,2,0,0,2
242220000,2,0,0,2
242240000,2,0,0,2
242260000,2,0,0,2
242280000,2,0,0,2
242300000,2,0,0,2
242320000,2,0,0,2
242340000,2,0,0,2
242360000,2,0,0,2
242380000,2,0,0,2
242400000,2,0,0,2
242420000,2,0,0,2
242440000,2,0,0,2
242460000,2,0,0,2
242480000,2,0,0,2
242500000,2,0,0,2
242520000,2,0,0,2
242540000,2,0,0,2
242560000,2,0,0,2
242580000,2,0,0,2
242600000,2,0,0,2
242620000,2,0,0,2
242640000,2,0,0,2
242660000,2,0,0,2
242680000,2,0,0,2
242700000,2,0,0,2
242720000,2,0,0,2
242740000,2,0,0,2
242760000,2,0,0,2
242780000,2,0,0,2
242800000,2,0,0,2
242820000,2,0,0,2
242840000,2,0,0,2
242860000,2,0,0,2
242880000,2,0,0,2
242900000,2,0,0,2
242920000,2,0,0,2
242940000,2,0,0,2
242960000,2,0,0,2
242980000,2,0,0,2
243000000,2,0,0,2
243020000,2,0,0,2
243040000,2,0,0,2
243060000,2,0,0,2
243080000,2,0,0,2
243100000,2,0,0,2
243120000,2,0,0,2
243140000,2,0,0,2
243160000,2,0,0,2
243180000,2,0,0,2
243200000,2,0,0,2
243220000,2,0,0,2
243240000,2,0,0,2
243260000,2,0,0,2
243280000,2,0,0,2
243300000,2,0,0,2
243320000,2,0,0,2
243340000,2,0,0,2
243360000,2,0,0,2
243380000,2,0,0,2
243400000,2,0,0,2
243420000,2,0,0,2
243440000,2,0,0,2
243460000,2,0,0,2
243480000,2,0,0,2
243500000,2,0,0,2
243520000,2,0,0,2
243540000,2,0,0,2
243560000,2,0,0,2
243580000,2,0,0,2
243600000,2,0,0,2
243620000,2,0,0,2
243640000,2,0,0,2
243660000,2,0,0,2
243680000,2,0,0,2
243700000,2,0,0,2
243720000,2,0,0,2
243740000,2,0,0,2
243760000,2,0,0,2
243780000,2,0,0,2
243800000,2,0,0,2
243820000,2,0,0,2
243840000,2,0,0,2
243860000,2,0,0,2
243880000,2,0,0,2
243900000,2,0,0,2
243920000,2,0,0,2
243940000,2,0,0,2
243960000,2,0,0,2
243980000,2,0,0,2
244000000,2,0,0,2
244020000,2,0,0,2
244040000,2,0,0,2
244060000,2,0,0,2
244080000,2,0,0,2
244100000,2,0,0,2
244120000,2,0,0,2
244140000,2,0,0,2
244160000,2,0,0,2
244180000,2,0,0,2
244200000,2,0,0,2
244220000,2,0,0,2
244240000,2,0,0,2
244260000,2,0,0,2
244280000,2,0,0,2
244300000,2,0,0,2
244320000,2,0,0,2
244340000,2,0,0,2
244360000,2,0,0,2
244380000,2,0,0,2
244400000,2,0,0,2
244420000,2,0,0,2
244440000,2,0,0,2
244460000,2,0,0,2
244480000,2,0,0,2
244500000,2,0,0,2
244520000,2,0,0,2
244540000,2,0,0,2
244560000,2,0,0,2
244580000,2,0,0,2
244600000,2,0,0,2
244620000,2,0,0,2
244640000,2,0,0,2
244660000,2,0,0,2
244680000,2,0,0,2
244700000,2,0,0,2
244720000,2,0,0,2
244740000,2,0,0,2
244760000,2,0,0,2
244780000,2,0,0,2
244800000,2,0,0,2
244820000,2,0,0,2
244840000,2,0,0,2
244860000,2,0,0,2
244880000,2,0,0,2
244900000,2,0,0,2
244920000,2,0,0,2
244940000,2,0,0,2
244960000,2,0,0,2
244980000,2,0,0,2
245000000,2,0,0,2
245020000,2,0,0,2
245040000,2,0,0,2
245060000,2,0,0,2
245080000,2,0,0,2
245100000,2,0,0,2
245120000,2,0,0,2
245140000,2,0,0,2
245160000,2,0,0,2
245180000,2,0,0,2
245200000,2,0,0,2
245220000,2,0,0,2
245240000,2,0,0,2
245260000,2,0,0,2
245280000,2,0,0,2
245300000,2,0,0,2
245320000,2,0,0,2
245340000,2,0,0,2
245360000,2,0,0,2
245380000,2,0,0,2
245400000,2,0,0,2
245420000,2,0,0,2
245440000,2,0,0,2
245460000,2,0,0,2
245480000,2,0,0,2
245500000,2,0,0,2
245520000,2,0,0,2
245540000,2,0,0,2
245560000,2,0,0,2
245580000,2,0,0,2
245600000,2,0,0,2
245620000,2,0,0,2
245640000,2,0,0,2
245660000,2,0,0,2
245680000,2,0,0,2
245700000,2,0,0,2
245720000,2,0,0,2
245740000,2,0,0,2
245760000,2,0,0,2
245780000,2,0,0,2
245800000,2,0,0,2
245820000,2,0,0,2
245840000,2,0,0,2
245860000,2,0,0,2
245880000,2,0,0,2
245900000,2,0,0,2
245920000,2,0,0,2
245940000,2,0,0,2
245960000,2,0,0,2
245980000,2,0,0,2
246000000,2,0,0,2
246020000,2,0,0,2
246040000,2,0,0,2
246060000,2,0,0,2
246080000,2,0,0,2
246100000,2,0,0,2
246120000,2,0,0,2
246140000,2,0,0,2
246160000,2,0,0,2
246180000,2,0,0,2
246200000,2,0,0,2
246220000,2,0,0,2
246240000,2,0,0,2
246260000,2,0,0,2
246280000,2,0,0,2
246300000,2,0,0,2
246320000,2,0,0,2
246340000,2,0,0,2
246360000,2,0,0,2
246380000,2,0,0,2
246400000,2,0,0,2
246420000,2,0,0,2
246440000,2,0,0,2
246460000,2,0,0,2
246480000,2,0,0,2
246500000,2,0,0,2
246520000,2,0,0,2
246540000,2,0,0,2
246560000,2,0,0,2
246580000,2,0,0,2
246600000,2,0,0,2
246620000,2,0,0,2
246640000,2,0,0,2
246660000,2,0,0,2
246680000,2,0,0,2
246700000,2,0,0,2
246720000,2,0,0,2
246740000,2,0,0,2
246760000,2,0,0,2
246780000,2,0,0,2
246800000,2,0,0,2
246820000,2,0,0,2
246840000,2,0,0,2
246860000,2,0,0,2
246880000,2,0,0,2
246900000,2,0,0,2
246920000,2,0,0,2
246940000,2,0,0,2
246960000,2,0,0,2
246980000,2,0,0,2
247000000,2,0,0,2
247020000,2,0,0,2
247040000,2,0,0,2
247060000,2,0,0,2
247080000,2,0,0,2
247100000,2,0,0,2
247120000,2,0,0,2
247140000,2,0,0,2
247160000,2,0,0,2
247180000,2,0,0,2
247200000,2,0,0,2
247220000,2,0,0,2
247240000,2,0,0,2
247260000,2,0,0,2
247280000,2,0,0,2
247300000,2,0,0,2
247320000,2,0,0,2
247340000,2,0,0,2
247360000,2,0,0,2
247380000,2,0,0,2
247400000,2,0,0,2
247420000,2,0,0,2
247440000,2,0,0,2
247460000,2,0,0,2
247480000,2,0,0,2
247500000,2,0,0,2
247520000,2,0,0,2
247540000,2,0,0,2
247560000,2,0,0,2
247580000,2,0,0,2
247600000,2,0,0,2
247620000,2,0,0,2
247640000,2,0,0,2
247660000,2,0,0,2
247680000,2,0,0,2
247700000,2,0,0,2
247720000,2,0,0,2
247740000,2,0,0,2
247760000,2,0,0,2
247780000,2,0,0,2
247800000,2,0,0,2
247820000,2,0,0,2
247840000,2,0,0,2
247860000,2,0,0,2
247880000,2,0,0,2
247900000,2,0,0,2
247920000,2,0,0,2
247940000,2,0,0,2
247960000,2,0,0,2
247980000,2,0,0,2
248000000,2,0,0,2
248020000,2,0,0,2
248040000,2,0,0,2
248060000,2,0,0,2
248080000,2,0,0,2
248100000,2,0,0,2
248120000,2,0,0,2
248140000,2,0,0,2
248160000,2,0,0,2
248180000,2,0,0,2
248200000,2,0,0,2
248220000,2,0,0,2
248240000,2,0,0,2
248260000,2,0,0,2
248280000,2,0,0,2
248300000,2,0,0,2
248320000,2,0,0,2
248340000,2,0,0,2
248360000,2,0,0,2
248380000,2,0,0,2
248400000,2,0,0,2
248420000,2,0,0,2
248440000,2,0,0,2
248460000,2,0,0,2
248480000,2,0,0,2
248500000,2,0,0,2
248520000,2,0,0,2
248540000,2,0,0,2
248560000,2,0,0,2
248580000,2,0,0,2
248600000,2,0,0,2
248620000,2,0,0,2
248640000,2,0,0,2
248660000,2,0,0,2
248680000,2,0,0,2
248700000,2,0,0,2
248720000,2,0,0,2
248740000,2,0,0,2
248760000,2,0,0,2
248780000,2,0,0,2
248800000,2,0,0,2
248820000,2,0,0,2
248840000,2,0,0,2
248860000,2,0,0,2
248880000,2,0,0,2
248900000,2,0,0,2
248920000,2,0,0,2
248940000,2,0,0,2
248960000,2,0,0,2
248980000,2,0,0,2
249000000,2,0,0,2
249020000,2,0,0,2
249040000,2,0,0,2
249060000,2,0,0,2
249080000,2,0,0,2
249100000,2,0,0,2
249120000,2,0,0,2
249140000,2,0,0,2
249160000,2,0,0,2
249180000,2,0,0,2
249200000,2,0,0,2
249220000,2,0,0,2
249240000,2,0,0,2
249260000,2,0,0,2
249280000,2,0,0,2
249300000,2,0,0,2
249320000,2,0,0,2
249340000,2,0,0,2
249360000,2,0,0,2
249380000,2,0,0,2
249400000,2,0,0,2
249420000,2,0,0,2
249440000,2,0,0,2
249460000,2,0,0,2
249480000,2,0,0,2
249500000,2,0,0,2
249520000,2,0,0,2
249540000,2,0,0,2
249560000,2,0,0,2
249580000,2,0,0,2
249600000,2,0,0,2
249620000,2,0,0,2
249640000,2,0,0,2
249660000,2,0,0,2
249680000,2,0,0,2
249700000,2,0,0,2
249720000,2,0,0,2
249740000,2,0,0,2
249760000,2,0,0,2
249780000,2,0,0,2
249800000,2,0,0,2
249820000,2,0,0,2
249840000,2,0,0,2
249860000,2,0,0,2
249880000,2,0,0,2
249900000,2,0,0,2
249920000,2,0,0,2
249940000,2,0,0,2
249960000,2,0,0,2
249980000,2,0,0,2
250000000,2,0,0,2
250020000,2,0,0,2
250040000,2,0,0,2
250060000,2,0,0,2
250080000,2,0,0,2
250100000,2,0,0,2
250120000,2,0,0,2
250140000,2,0,0,2
250160000,2,0,0,2
250180000,2,0,0,2
250200000,2,0,0,2
250220000,2,0,0,2
250240000,2,0,0,2
250260000,2,0,0,2
250280000,2,0,0,2
250300000,2,0,0,2
250320000,2,0,0,2
250340000,2,0,0,2
250360000,2,0,0,2
250380000,2,0,0,2
250400000,2,0,0,2
250420000,2,0,0,2
250440000,2,0,0,2
250460000,2,0,0,2
250480000,2,0,0,2
250500000,2,0,0,2
250520000,2,0,0,2
250540000,2,0,0,2
250560000,2,0,0,2
250580000,2,0,0,2
250600000,2,0,0,2
250620000,2,0,0,2
250640000,2,0,0,2
250660000,2,0,0,2
250680000,2,0,0,2
250700000,2,0,0,2
250720000,2,0,0,2
250740000,2,0,0,2
250760000,2,0,0,2
250780000,2,0,0,2
250800000,2,0,0,2
250820000,2,0,0,2
250840000,2,0,0,2
250860000,2,0,0,2
250880000,2,0,0,2
250900000,2,0,0,2
250920000,2,0,0,2
250940000,2,0,0,2
250960000,2,0,0,2
250980000,2,0,0,2
251000000,2,0,0,2
251020000,2,0,0,2
251040000,2,0,0,2
251060000,2,0,0,2
251080000,2,0,0,2
251100000,2,0,0,2
251120000,2,0,0,2
251140000,2,0,0,2
251160000,2,0,0,2
251180000,2,0,0,2
251200000,2,0,0,2
251220000,2,0,0,2
251240000,2,0,0,2
251260000,2,0,0,2
251280000,2,0,0,2
251300000,2,0,0,2
251320000,2,0,0,2
251340000,2,0,0,2
251360000,2,0,0,2
251380000,2,0,0,2
251400000,2,0,0,2
251420000,2,0,0,2
251440000,2,0,0,2
251460000,2,0,0,2
251480000,2,0,0,2
251500000,2,0,0,2
251520000,2,0,0,2
251540000,2,0,0,2
251560000,2,0,0,2
251580000,2,0,0,2
251600000,2,0,0,2
251620000,2,0,0,2
251640000,2,0,0,2
251660000,2,0,0,2
251680000,2,0,0,2
251700000,2,0,0,2
251720000,2,0,0,2
251740000,2,0,0,2
251760000,2,0,0,2
251780000,2,0,0,2
251800000,2,0,0,2
251820000,2,0,0,2
251840000,2,0,0,2
251860000,2,0,0,2
251880000,2,0,0,2
251900000,2,0,0,2
251920000,2,0,0,2
251940000,2,0,0,2
251960000,2,0,0,2
251980000,2,0,0,2
252000000,2,0,0,2
252020000,2,0,0,2
252040000,2,0,0,2
252060000,2,0,0,2
252080000,2,0,0,2
252100000,2,0,0,2
252120000,2,0,0,2
252140000,2,0,0,2
252160000,2,0,0,2
252180000,2,0,0,2
252200000,2,0,0,2
252220000,2,0,0,2
252240000,2,0,0,2
252260000,2,0,0,2
252280000,2,0,0,2
252300000,2,0,0,2
252320000,2,0,0,2
252340000,2,0,0,2
252360000,2,0,0,2
252380000,2,0,0,2
252400000,2,0,0,2
252420000,2,0,0,2
252440000,2,0,0,2
252460000,2,0,0,2
252480000,2,0,0,2
252500000,2,0,0,2
252520000,2,0,0,2
252540000,2,0,0,2
252560000,2,0,0,2
252580000,2,0,0,2
252600000,2,0,0,2
252620000,2,0,0,2
252640000,2,0,0,2
252660000,2,0,0,2
252680000,2,0,0,2
252700000,2,0,0,2
252720000,2,0,0,2
252740000,2,0,0,2
252760000,2,0,0,2
252780000,2,0,0,2
252800000,2,0,0,2
252820000,2,0,0,2
252840000,2,0,0,2
252860000,2,0,0,2
252880000,2,0,0,2
252900000,2,0,0,2
252920000,2,0,0,2
252940000,2,0,0,2
252960000,2,0,0,2
252980000,2,0,0,2
253000000,2,0,0,2
253020000,2,0,0,2
253040000,2,0,0,2
253060000,2,0,0,2
253080000,2,0,0,2
253100000,2,0,0,2
253120000,2,0,0,2
253140000,2,0,0,2
253160000,2,0,0,2
253180000,2,0,0,2
253200000,2,0,0,2
253220000,2,0,0,2
253240000,2,0,0,2
253260000,2,0,0,2
253280000,2,0,0,2
253300000,2,0,0,2
253320000,2,0,0,2
253340000,2,0,0,2
253360000,2,0,0,2
253380000,2,0,0,2
253400000,2,0,0,2
253420000,2,0,0,2
253440000,2,0,0,2
253460000,2,0,0,2
253480000,2,0,0,2
253500000,2,0,0,2
253520000,2,0,0,2
253540000,2,0,0,2
253560000,2,0,0,2
253580000,2,0,0,2
253600000,2,0,0,2
253620000,2,0,0,2
253640000,2,0,0,2
253660000,2,0,0,2
253680000,2,0,0,2
253700000,2,0,0,2
253720000,2,0,0,2
253740000,2,0,0,2
253760000,2,0,0,2
253780000,2,0,0,2
253800000,2,0,0,2
253820000,2,0,0,2
253840000,2,0,0,2
253860000,2,0,0,2
253880000,2,0,0,2
253900000,2,0,0,2
253920000,2,0,0,2
253940000,2,0,0,2
253960000,2,0,0,2
253980000,2,0,0,2
254000000,2,0,0,2
254020000,2,0,0,2
254040000,2,0,0,2
254060000,2,0,0,2
254080000,2,0,0,2
254100000,2,0,0,2
254120000,2,0,0,2
254140000,2,0,0,2
254160000,2,0,0,2
254180000,2,0,0,2
254200000,2,0,0,2
254220000,2,0,0,2
254240000,2,0,0,2
254260000,2,0,0,2
254280000,2,0,0,2
254300000,2,0,0,2
254320000,2,0,0,2
254340000,2,0,0,2
254360000,2,0,0,2
254380000,2,0,0,2
254400000,2,0,0,2
254420000,2,0,0,2
254440000,2,0,0,2
254460000,2,0,0,2
254480000,2,0,0,2
254500000,2,0,0,2
254520000,2,0,0,2
254540000,2,0,0,2
254560000,2,0,0,2
254580000,2,0,0,2
254600000,2,0,0,2
254620000,2,0,0,2
254640000,2,0,0,2
254660000,2,0,0,2
254680000,2,0,0,2
254700000,2,0,0,2
254720000,2,0,0,2
254740000,2,0,0,2
254760000,2,0,0,2
254780000,2,0,0,2
254800000,2,0,0,2
254820000,2,0,0,2
254840000,2,0,0,2
254860000,2,0,0,2
254880000,2,0,0,2
254900000,2,0,0,2
254920000,2,0,0,2
254940000,2,0,0,2
254960000,2,0,0,2
254980000,2,0,0,2
255000000,2,0,0,2
255020000,2,0,0,2
255040000,2,0,0,2
255060000,2,0,0,2
255080000,2,0,0,2
255100000,2,0,0,2
255120000,2,0,0,2
255140000,2,0,0,2
255160000,2,0,0,2
255180000,2,0,0,2
255200000,2,0,0,2
255220000,2,0,0,2
255240000,2,0,0,2
255260000,2,0,0,2
255280000,2,0,0,2
255300000,2,0,0,2
255320000,2,0,0,2
255340000,2,0,0,2
255360000,2,0,0,2
255380000,2,0,0,2
255400000,2,0,0,2
255420000,2,0,0,2
255440000,2,0,0,2
255460000,2,0,0,2
255480000,2,0,0,2
255500000,2,0,0,2
255520000,2,0,0,2
255540000,2,0,0,2
255560000,2,0,0,2
255580000,2,0,0,2
255600000,2,0,0,2
255620000,2,0,0,2
255640000,2,0,0,2
255660000,2,0,0,2
255680000,2,0,0,2
255700000,2,0,0,2
255720000,2,0,0,2
255740000,2,0,0,2
255760000,2,0,0,2
255780000,2,0,0,2
255800000,2,0,0,2
255820000,2,0,0,2
255840000,2,0,0,2
255860000,2,0,0,2
255880000,2,0,0,2
255900000,2,0,0,2
255920000,2,0,0,2
255940000,2,0,0,2
255960000,2,0,0,2
255980000,2,0,0,2
256000000,2,0,0,2
256020000,2,0,0,2
256040000,2,0,0,2
256060000,2,0,0,2
256080000,2,0,0,2
256100000,2,0,0,2
256120000,2,0,0,2
256140000,2,0,0,2
256160000,2,0,0,2
256180000,2,0,0,2
256200000,2,0,0,2
256220000,2,0,0,2
256240000,2,0,0,2
256260000,2,0,0,2
256280000,2,0,0,2
256300000,2,0,0,2
256320000,2,0,0,2
256340000,2,0,0,2
256360000,2,0,0,2
256380000,2,0,0,2
256400000,2,0,0,2
256420000,2,0,0,2
256440000,2,0,0,2
256460000,2,0,0,2
256480000,2,0,0,2
256500000,2,0,0,2
256520000,2,0,0,2
256540000,2,0,0,2
256560000,2,0,0,2
256580000,2,0,0,2
256600000,2,0,0,2
256620000,2,0,0,2
256640000,2,0,0,2
256660000,2,0,0,2
256680000,2,0,0,2
256700000,2,0,0,2
256720000,2,0,0,2
256740000,2,0,0,2
256760000,2,0,0,2
256780000,2,0,0,2
256800000,2,0,0,2
256820000,2,0,0,2
256840000,2,0,0,2
256860000,2,0,0,2
256880000,2,0,0,2
256900000,2,0,0,2
256920000,2,0,0,2
256940000,2,0,0,2
256960000,2,0,0,2
256980000,2,0,0,2
257000000,2,0,0,2
257020000,2,0,0,2
257040000,2,0,0,2
257060000,2,0,0,2
257080000,2,0,0,2
257100000,2,0,0,2
257120000,2,0,0,2
257140000,2,0,0,2
257160000,2,0,0,2
257180000,2,0,0,2
257200000,2,0,0,2
257220000,2,0,0,2
257240000,2,0,0,2
257260000,2,0,0,2
257280000,2,0,0,2
257300000,2,0,0,2
257320000,2,0,0,2
257340000,2,0,0,2
257360000,2,0,0,2
257380000,2,0,0,2
257400000,2,0,0,2
257420000,2,0,0,2
257440000,2,0,0,2
257460000,2,0,0,2
257480000,2,0,0,2
257500000,2,0,0,2
257520000,2,0,0,2
257540000,2,0,0,2
257560000,2,0,0,2
257580000,2,0,0,2
257600000,2,0,0,2
257620000,2,0,0,2
257640000,2,0,0,2
257660000,2,0,0,2
257680000,2,0,0,2
257700000,2,0,0,2
257720000,2,0,0,2
257740000,2,0,0,2
257760000,2,0,0,2
257780000,2,0,0,2
257800000,2,0,0,2
257820000,2,0,0,2
257840000,2,0,0,2
257860000,2,0,0,2
257880000,2,0,0,2
257900000,2,0,0,2
257920000,2,0,0,2
257940000,2,0,0,2
257960000,2,0,0,2
257980000,2,0,0,2
258000000,2,0,0,2
258020000,2,0,0,2
258040000,2,0,0,2
258060000,2,0,0,2
258080000,2,0,0,2
258100000,2,0,0,2
258120000,2,0,0,2
258140000,2,0,0,2
258160000,2,0,0,2
258180000,2,0,0,2
258200000,2,0,0,2
258220000,2,0,0,2
258240000,2,0,0,2
258260000,2,0,0,2
258280000,2,0,0,2
258300000,2,0,0,2
258320000,2,0,0,2
258340000,2,0,0,2
258360000,2,0,0,2
258380000,2,0,0,2
258400000,2,0,0,2
258420000,2,0,0,2
258440000,2,0,0,2
258460000,2,0,0,2
258480000,2,0,0,2
258500000,2,0,0,2
258520000,2,0,0,2
258540000,2,0,0,2
258560000,2,0,0,2
258580000,2,0,0,2
258600000,2,0,0,2
258620000,2,0,0,2
258640000,2,0,0,2
258660000,2,0,0,2
258680000,2,0,0,2
258700000,2,0,0,2
258720000,2,0,0,2
258740000,2,0,0,2
258760000,2,0,0,2
258780000,2,0,0,2
258800000,2,0,0,2
258820000,2,0,0,2
258840000,2,0,0,2
258860000,2,0,0,2
258880000,2,0,0,2
258900000,2,0,0,2
258920000,2,0,0,2
258940000,2,0,0,2
258960000,2,0,0,2
258980000,2,0,0,2
259000000,2,0,0,2
259020000,2,0,0,2
259040000,2,0,0,2
259060000,2,0,0,2
259080000,2,0,0,2
259100000,2,0,0,2
259120000,2,0,0,2
259140000,2,0,0,2
259160000,2,0,0,2
259180000,2,0,0,2
259200000,2,0,0,2
259220000,2,0,0,2
259240000,2,0,0,2
259260000,2,0,0,2
259280000,2,0,0,2
259300000,2,0,0,2
259320000,2,0,0,2
259340000,2,0,0,2
259360000,2,0,0,2
259380000,2,0,0,2
259400000,2,0,0,2
259420000,2,0,0,2
259440000,2,0,0,2
259460000,2,0,0,2
259480000,2,0,0,2
259500000,2,0,0,2
259520000,2,0,0,2
259540000,2,0,0,2
259560000,2,0,0,2
259580000,2,0,0,2
259600000,2,0,0,2
259620000,2,0,0,2
259640000,2,0,0,2
259660000,2,0,0,2
259680000,2,0,0,2
259700000,2,0,0,2
259720000,2,0,0,2
259740000,2,0,0,2
259760000,2,0,0,2
259780000,2,0,0,2
259800000,2,0,0,2
259820000,2,0,0,2
259840000,2,0,0,2
259860000,2,0,0,2
259880000,2,0,0,2
259900000,2,0,0,2
259920000,2,0,0,2
259940000,2,0,0,2
259960000,2,0,0,2
259980000,2,0,0,2
260000000,2,0,0,2
260020000,2,0,0,2
260040000,2,0,0,2
260060000,2,0,0,2
260080000,2,0,0,2
260100000,2,0,0,2
260120000,2,0,0,2
260140000,2,0,0,2
260160000,2,0,0,2
260180000,2,0,0,2
260200000,2,0,0,2
260220000,2,0,0,2
260240000,2,0,0,2
260260000,2,0,0,2
260280000,2,0,0,2
260300000,2,0,0,2
260320000,2,0,0,2
260340000,2,0,0,2
260360000,2,0,0,2
260380000,2,0,0,2
260400000,2,0,0,2
260420000,2,0,0,2
260440000,2,0,0,2
260460000,2,0,0,2
260480000,2,0,0,2
260500000,2,0,0,2
260520000,2,0,0,2
260540000,2,0,0,2
260560000,2,0,0,2
260580000,2,0,0,2
260600000,2,0,0,2
260620000,2,0,0,2
260640000,2,0,0,2
260660000,2,0,0,2
260680000,2,0,0,2
260700000,2,0,0,2
260720000,2,0,0,2
260740000,2,0,0,2
260760000,2,0,0,2
260780000,2,0,0,2
260800000,2,0,0,2
260820000,2,0,0,2
260840000,2,0,0,2
260860000,2,0,0,2
260880000,2,0,0,2
260900000,2,0,0,2
260920000,2,0,0,2
260940000,2,0,0,2
260960000,2,0,0,2
260980000,2,0,0,2
261000000,2,0,0,2
261020000,2,0,0,2
261040000,2,0,0,2
261060000,2,0,0,2
261080000,2,0,0,2
261100000,2,0,0,2
261120000,2,0,0,2
261140000,2,0,0,2
261160000,2,0,0,2
261180000,2,0,0,2
261200000,2,0,0,2
261220000,2,0,0,2
261240000,2,0,0,2
261260000,2,0,0,2
261280000,2,0,0,2
261300000,2,0,0,2
261320000,2,0,0,2
261340000,2,0,0,2
261360000,2,0,0,2
261380000,2,0,0,2
261400000,2,0,0,2
261420000,2,0,0,2
261440000,2,0,0,2
261460000,2,0,0,2
261480000,2,0,0,2
261500000,2,0,0,2
261520000,2,0,0,2
261540000,2,0,0,2
261560000,2,0,0,2
261580000,2,0,0,2
261600000,2,0,0,2
261620000,2,0,0,2
261640000,2,0,0,2
261660000,2,0,0,2
261680000,2,0,0,2
261700000,2,0,0,2
261720000,2,0,0,2
261740000,2,0,0,2
261760000,2,0,0,2
261780000,2,0,0,2
261800000,2,0,0,2
261820000,2,0,0,2
261840000,2,0,0,2
261860000,2,0,0,2
261880000,2,0,0,2
261900000,2,0,0,2
261920000,2,0,0,2
261940000,2,0,0,2
261960000,2,0,0,2
261980000,2,0,0,2
262000000,2,0,0,2
262020000,2,0,0,2
262040000,2,0,0,2
262060000,2,0,0,2
262080000,2,0,0,2
262100000,2,0,0,2
262120000,2,0,0,2
262140000,2,0,0,2
262160000,2,0,0,2
262180000,2,0,0,2
262200000,2,0,0,2
262220000,2,0,0,2
262240000,2,0,0,2
262260000,2,0,0,2
262280000,2,0,0,2
262300000,2,0,0,2
262320000,2,0,0,2
262340000,2,0,0,2
262360000,2,0,0,2
262380000,2,0,0,2
262400000,2,0,0,2
262420000,2,0,0,2
262440000,2,0,0,2
262460000,2,0,0,2
262480000,2,0,0,2
262500000,2,0,0,2
262520000,2,0,0,2
262540000,2,0,0,2
262560000,2,0,0,2
262580000,2,0,0,2
262600000,2,0,0,2
262620000,2,0,0,2
262640000,2,0,0,2
262660000,2,0,0,2
262680000,2,0,0,2
262700000,2,0,0,2
262720000,2,0,0,2
262740000,2,0,0,2
262760000,2,0,0,2
262780000,2,0,0,2
262800000,2,0,0,2
262820000,2,0,0,2
262840000,2,0,0,2
262860000,2,0,0,2
262880000,2,0,0,2
262900000,2,0,0,2
262920000,2,0,0,2
262940000,2,0,0,2
262960000,2,0,0,2
262980000,2,0,0,2
263000000,2,0,0,2
263020000,2,0,0,2
263040000,2,0,0,2
263060000,2,0,0,2
263080000,2,0,0,2
263100000,2,0,0,2
263120000,2,0,0,2
263140000,2,0,0,2
263160000,2,0,0,2
263180000,2,0,0,2
263200000,2,0,0,2
263220000,2,0,0,2
263240000,2,0,0,2
263260000,2,0,0,2
263280000,2,0,0,2
263300000,2,0,0,2
263320000,2,0,0,2
263340000,2,0,0,2
263360000,2,0,0,2
263380000,2,0,0,2
263400000,2,0,0,2
263420000,2,0,0,2
263440000,2,0,0,2
263460000,2,0,0,2
263480000,2,0,0,2
263500000,2,0,0,2
263520000,2,0,0,2
263540000,2,0,0,2
263560000,2,0,0,2
263580000,2,0,0,2
263600000,2,0,0,2
263620000,2,0,0,2
263640000,2,0,0,2
263660000,2,0,0,2
263680000,2,0,0,2
263700000,2,0,0,2
263720000,2,0,0,2
263740000,2,0,0,2
263760000,2,0,0,2
263780000,2,0,0,2
263800000,2,0,0,2
263820000,2,0,0,2
263840000,2,0,0,2
263860000,2,0,0,2
263880000,2,0,0,2
263900000,2,0,0,2
263920000,2,0,0,2
263940000,2,0,0,2
263960000,2,0,0,2
263980000,2,0,0,2
264000000,2,0,0,2
264020000,2,0,0,2
264040000,2,0,0,2
264060000,2,0,0,2
264080000,2,0,0,2
264100000,2,0,0,2
264120000,2,0,0,2
264140000,2,0,0,2
264160000,2,0,0,2
264180000,2,0,0,2
264200000,2,0,0,2
264220000,2,0,0,2
264240000,2,0,0,2
264260000,2,0,0,2
264280000,2,0,0,2
264300000,2,0,0,2
264320000,2,0,0,2
264340000,2,0,0,2
264360000,2,0,0,2
264380000,2,0,0,2
264400000,2,0,0,2
264420000,2,0,0,2
264440000,2,0,0,2
264460000,2,0,0,2
264480000,2,0,0,2
264500000,2,0,0,2
264520000,2,0,0,2
264540000,2,0,0,2
264560000,2,0,0,2
264580000,2,0,0,2
264600000,2,0,0,2
264620000,2,0,0,2
264640000,2,0,0,2
264660000,2,0,0,2
264680000,2,0,0,2
264700000,2,0,0,2
264720000,2,0,0,2
264740000,2,0,0,2
264760000,2,0,0,2
264780000,2,0,0,2
264800000,2,0,0,2
264820000,2,0,0,2
264840000,2,0,0,2
264860000,2,0,0,2
264880000,2,0,0,2
264900000,2,0,0,2
264920000,2,0,0,2
264940000,2,0,0,2
264960000,2,0,0,2
264980000,2,0,0,2
265000000,2,0,0,2
265020000,2,0,0,2
265040000,2,0,0,2
265060000,2,0,0,2
265080000,2,0,0,2
265100000,2,0,0,2
265120000,2,0,0,2
265140000,2,0,0,2
265160000,2,0,0,2
265180000,2,0,0,2
265200000,2,0,0,2
265220000,2,0,0,2
265240000,2,0,0,2
265260000,2,0,0,2
265280000,2,0,0,2
265300000,2,0,0,2
265320000,2,0,0,2
265340000,2,0,0,2
265360000,2,0,0,2
265380000,2,0,0,2
265400000,2,0,0,2
265420000,2,0,0,2
265440000,2,0,0,2
265460000,2,0,0,2
265480000,2,0,0,2
265500000,2,0,0,2
265520000,2,0,0,2
265540000,2,0,0,2
265560000,2,0,0,2
265580000,2,0,0,2
265600000,2,0,0,2
265620000,2,0,0,2
265640000,2,0,0,2
265660000,2,0,0,2
265680000,2,0,0,2
265700000,2,0,0,2
265720000,2,0,0,2
265740000,2,0,0,2
265760000,2,0,0,2
265780000,2,0,0,2
265800000,2,0,0,2
265820000,2,0,0,2
265840000,2,0,0,2
265860000,2,0,0,2
265880000,2,0,0,2
265900000,2,0,0,2
265920000,2,0,0,2
265940000,2,0,0,2
265960000,2,0,0,2
265980000,2,0,0,2
266000000,2,0,0,2
266020000,2,0,0,2
266040000,2,0,0,2
266060000,2,0,0,2
266080000,2,0,0,2
266100000,2,0,0,2
266120000,2,0,0,2
266140000,2,0,0,2
266160000,2,0,0,2
266180000,2,0,0,2
266200000,2,0,0,2
266220000,2,0,0,2
266240000,2,0,0,2
266260000,2,0,0,2
266280000,2,0,0,2
266300000,2,0,0,2
266320000,2,0,0,2
266340000,2,0,0,2
266360000,2,0,0,2
266380000,2,0,0,2
266400000,2,0,0,2
266420000,2,0,0,2
266440000,2,0,0,2
266460000,2,0,0,2
266480000,2,0,0,2
266500000,2,0,0,2
266520000,2,0,0,2
266540000,2,0,0,2
266560000,2,0,0,2
266580000,2,0,0,2
266600000,2,0,0,2
266620000,2,0,0,2
266640000,2,0,0,2
266660000,2,0,0,2
266680000,2,0,0,2
266700000,2,0,0,2
266720000,2,0,0,2
266740000,2,0,0,2
266760000,2,0,0,2
266780000,2,0,0,2
266800000,2,0,0,2
266820000,2,0,0,2
266840000,2,0,0,2
266860000,2,0,0,2
266880000,2,0,0,2
266900000,2,0,0,2
266920000,2,0,0,2
266940000,2,0,0,2
266960000,2,0,0,2
266980000,2,0,0,2
267000000,2,0,0,2
267020000,2,0,0,2
267040000,2,0,0,2
267060000,2,0,0,2
267080000,2,0,0,2
267100000,2,0,0,2
267120000,2,0,0,2
267140000,2,0,0,2
267160000,2,0,0,2
267180000,2,0,0,2
267200000,2,0,0,2
267220000,2,0,0,2
267240000,2,0,0,2
267260000,2,0,0,2
267280000,2,0,0,2
267300000,2,0,0,2
267320000,2,0,0,2
267340000,2,0,0,2
267360000,2,0,0,2
267380000,2,0,0,2
267400000,2,0,0,2
267420000,2,0,0,2
267440000,2,0,0,2
267460000,2,0,0,2
267480000,2,0,0,2
267500000,2,0,0,2
267520000,2,0,0,2
267540000,2,0,0,2
267560000,2,0,0,2
267580000,2,0,0,2
267600000,2,0,0,2
267620000,2,0,0,2
267640000,2,0,0,2
267660000,2,0,0,2
267680000,2,0,0,2
267700000,2,0,0,2
267720000,2,0,0,2
267740000,2,0,0,2
267760000,2,0,0,2
267780000,2,0,0,2
267800000,2,0,0,2
267820000,2,0,0,2
267840000,2,0,0,2
267860000,2,0,0,2
267880000,2,0,0,2
267900000,2,0,0,2
267920000,2,0,0,2
267940000,2,0,0,2
267960000,2,0,0,2
267980000,2,0,0,2
268000000,2,0,0,2
268020000,2,0,0,2
268040000,2,0,0,2
268060000,2,0,0,2
268080000,2,0,0,2
268100000,2,0,0,2
268120000,2,0,0,2
268140000,2,0,0,2
268160000,2,0,0,2
268180000,2,0,0,2
268200000,2,0,0,2
268220000,2,0,0,2
268240000,2,0,0,2
268260000,2,0,0,2
268280000,2,0,0,2
268300000,2,0,0,2
268320000,2,0,0,2
268340000,2,0,0,2
268360000,2,0,0,2
268380000,2,0,0,2
268400000,2,0,0,2
268420000,2,0,0,2
268440000,2,0,0,2
268460000,2,0,0,2
268480000,2,0,0,2
268500000,2,0,0,2
268520000,2,0,0,2
268540000,2,0,0,2
268560000,2,0,0,2
268580000,2,0,0,2
268600000,2,0,0,2
268620000,2,0,0,2
268640000,2,0,0,2
268660000,2,0,0,2
268680000,2,0,0,2
268700000,2,0,0,2
268720000,2,0,0,2
268740000,2,0,0,2
268760000,2,0,0,2
268780000,2,0,0,2
268800000,2,0,0,2
268820000,2,0,0,2
268840000,2,0,0,2
268860000,2,0,0,2
268880000,2,0,0,2
268900000,2,0,0,2
268920000,2,0,0,2
268940000,2,0,0,2
268960000,2,0,0,2
268980000,2,0,0,2
269000000,2,0,0,2
269020000,2,0,0,2
269040000,2,0,0,2
269060000,2,0,0,2
269080000,2,0,0,2
269100000,2,0,0,2
269120000,2,0,0,2
269140000,2,0,0,2
269160000,2,0,0,2
269180000,2,0,0,2
269200000,2,0,0,2
269220000,2,0,0,2
269240000,2,0,0,2
269260000,2,0,0,2
269280000,2,0,0,2
269300000,2,0,0,2
269320000,2,0,0,2
269340000,2,0,0,2
269360000,2,0,0,2
269380000,2,0,0,2
269400000,2,0,0,2
269420000,2,0,0,2
269440000,2,0,0,2
269460000,2,0,0,2
269480000,2,0,0,2
269500000,2,0,0,2
269520000,2,0,0,2
269540000,2,0,0,2
269560000,2,0,0,2
269580000,2,0,0,2
269600000,2,0,0,2
269620000,2,0,0,2
269640000,2,0,0,2
269660000,2,0,0,2
269680000,2,0,0,2
269700000,2,0,0,2
269720000,2,0,0,2
269740000,2,0,0,2
269760000,2,0,0,2
269780000,2,0,0,2
269800000,2,0,0,2
269820000,2,0,0,2
269840000,2,0,0,2
269860000,2,0,0,2
269880000,2,0,0,2
269900000,2,0,0,2
269920000,2,0,0,2
269940000,2,0,0,2
269960000,2,0,0,2
269980000,2,0,0,2
270000000,2,0,0,2
270020000,2,0,0,2
270040000,2,0,0,2
270060000,2,0,0,2
270080000,2,0,0,2
270100000,2,0,0,2
270120000,2,0,0,2
270140000,2,0,0,2
270160000,2,0,0,2
270180000,2,0,0,2
270200000,2,0,0,2
270220000,2,0,0,2
270240000,2,0,0,2
270260000,2,0,0,2
270280000,2,0,0,2
270300000,2,0,0,2
270320000,2,0,0,2
270340000,2,0,0,2
270360000,2,0,0,2
270380000,2,0,0,2
270400000,2,0,0,2
270420000,2,0,0,2
270440000,2,0,0,2
270460000,2,0,0,2
270480000,2,0,0,2
270500000,2,0,0,2
270520000,2,0,0,2
270540000,2,0,0,2
270560000,2,0,0,2
270580000,2,0,0,2
270600000,2,0,0,2
270620000,2,0,0,2
270640000,2,0,0,2
270660000,2,0,0,2
270680000,2,0,0,2
270700000,2,0,0,2
270720000,2,0,0,2
270740000,2,0,0,2
270760000,2,0,0,2
270780000,2,0,0,2
270800000,2,0,0,2
270820000,2,0,0,2
270840000,2,0,0,2
270860000,2,0,0,2
270880000,2,0,0,2
270900000,2,0,0,2
270920000,2,0,0,2
270940000,2,0,0,2
270960000,2,0,0,2
270980000,2,0,0,2
271000000,2,0,0,2
271020000,2,0,0,2
271040000,2,0,0,2
271060000,2,0,0,2
271080000,2,0,0,2
271100000,2,0,0,2
271120000,2,0,0,2
271140000,2,0,0,2
271160000,2,0,0,2
271180000,2,0,0,2
271200000,2,0,0,2
271220000,2,0,0,2
271240000,2,0,0,2
271260000,2,0,0,2
271280000,2,0,0,2
271300000,2,0,0,2
271320000,2,0,0,2
271340000,2,0,0,2
271360000,2,0,0,2
271380000,2,0,0,2
271400000,2,0,0,2
271420000,2,0,0,2
271440000,2,0,0,2
271460000,2,0,0,2
271480000,2,0,0,2
271500000,2,0,0,2
271520000,2,0,0,2
271540000,2,0,0,2
271560000,2,0,0,2
271580000,2,0,0,2
271600000,2,0,0,2
271620000,2,0,0,2
271640000,2,0,0,2
271660000,2,0,0,2
271680000,2,0,0,2
271700000,2,0,0,2
271720000,2,0,0,2
271740000,2,0,0,2
271760000,2,0,0,2
271780000,2,0,0,2
271800000,2,0,0,2
271820000,2,0,0,2
271840000,2,0,0,2
271860000,2,0,0,2
271880000,2,0,0,2
271900000,2,0,0,2
271920000,2,0,0,2
271940000,2,0,0,2
271960000,2,0,0,2
271980000,2,0,0,2
272000000,2,0,0,2
272020000,2,0,0,2
272040000,2,0,0,2
272060000,2,0,0,2
272080000,2,0,0,2
272100000,2,0,0,2
272120000,2,0,0,2
272140000,2,0,0,2
272160000,2,0,0,2
272180000,2,0,0,2
272200000,2,0,0,2
272220000,2,0,0,2
272240000,2,0,0,2
272260000,2,0,0,2
272280000,2,0,0,2
272300000,2,0,0,2
272320000,2,0,0,2
272340000,2,0,0,2
272360000,2,0,0,2
272380000,2,0,0,2
272400000,2,0,0,2
272420000,2,0,0,2
272440000,2,0,0,2
272460000,2,0,0,2
272480000,2,0,0,2
272500000,2,0,0,2
272520000,2,0,0,2
272540000,2,0,0,2
272560000,2,0,0,2
272580000,2,0,0,2
272600000,2,0,0,2
272620000,2,0,0,2
272640000,2,0,0,2
272660000,2,0,0,2
272680000,2,0,0,2
272700000,2,0,0,2
272720000,2,0,0,2
272740000,2,0,0,2
272760000,2,0,0,2
272780000,2,0,0,2
272800000,2,0,0,2
272820000,2,0,0,2
272840000,2,0,0,2
272860000,2,0,0,2
272880000,2,0,0,2
272900000,2,0,0,2
272920000,2,0,0,2
272940000,2,0,0,2
272960000,2,0,0,2
272980000,2,0,0,2
273000000,2,0,0,2
273020000,2,0,0,2
273040000,2,0,0,2
273060000,2,0,0,2
273080000,2,0,0,2
273100000,2,0,0,2
273120000,2,0,0,2
273140000,2,0,0,2
273160000,2,0,0,2
273180000,2,0,0,2
273200000,2,0,0,2
273220000,2,0,0,2
273240000,2,0,0,2
273260000,2,0,0,2
273280000,2,0,0,2
273300000,2,0,0,2
273320000,2,0,0,2
273340000,2,0,0,2
273360000,2,0,0,2
273380000,2,0,0,2
273400000,2,0,0,2
273420000,2,0,0,2
273440000,2,0,0,2
273460000,2,0,0,2
273480000,2,0,0,2
273500000,2,0,0,2
273520000,2,0,0,2
273540000,2,0,0,2
273560000,2,0,0,2
273580000,2,0,0,2
273600000,2,0,0,2
273620000,2,0,0,2
273640000,2,0,0,2
273660000,2,0,0,2
273680000,2,0,0,2
273700000,2,0,0,2
273720000,2,0,0,2
273740000,2,0,0,2
273760000,2,0,0,2
273780000,2,0,0,2
273800000,2,0,0,2
273820000,2,0,0,2
273840000,2,0,0,2
273860000,2,0,0,2
273880000,2,0,0,2
273900000,2,0,0,2
273920000,2,0,0,2
273940000,2,0,0,2
273960000,2,0,0,2
273980000,2,0,0,2
274000000,2,0,0,2
274020000,2,0,0,2
274040000,2,0,0,2
274060000,2,0,0,2
274080000,2,0,0,2
274100000,2,0,0,2
274120000,2,0,0,2
274140000,2,0,0,2
274160000,2,0,0,2
274180000,2,0,0,2
274200000,2,0,0,2
274220000,2,0,0,2
274240000,2,0,0,2
274260000,2,0,0,2
274280000,2,0,0,2
274300000,2,0,0,2
274320000,2,0,0,2
274340000,2,0,0,2
274360000,2,0,0,2
274380000,2,0,0,2
274400000,2,0,0,2
274420000,2,0,0,2
274440000,2,0,0,2
274460000,2,0,0,2
274480000,2,0,0,2
274500000,2,0,0,2
274520000,2,0,0,2
274540000,2,0,0,2
274560000,2,0,0,2
274580000,2,0,0,2
274600000,2,0,0,2
274620000,2,0,0,2
274640000,2,0,0,2
274660000,2,0,0,2
274680000,2,0,0,2
274700000,2,0,0,2
274720000,2,0,0,2
274740000,2,0,0,2
274760000,2,0,0,2
274780000,2,0,0,2
274800000,2,0,0,2
274820000,2,0,0,2
274840000,2,0,0,2
274860000,2,0,0,2
274880000,2,0,0,2
274900000,2,0,0,2
274920000,2,0,0,2
274940000,2,0,0,2
274960000,2,0,0,2
274980000,2,0,0,2
275000000,2,0,0,2
275020000,2,0,0,2
275040000,2,0,0,2
275060000,2,0,0,2
275080000,2,0,0,2
275100000,2,0,0,2
275120000,2,0,0,2
275140000,2,0,0,2
275160000,2,0,0,2
275180000,2,0,0,2
275200000,2,0,0,2
275220000,2,0,0,2
275240000,2,0,0,2
275260000,2,0,0,2
275280000,2,0,0,2
275300000,2,0,0,2
275320000,2,0,0,2
275340000,2,0,0,2
275360000,2,0,0,2
275380000,2,0,0,2
275400000,2,0,0,2
275420000,2,0,0,2
275440000,2,0,0,2
275460000,2,0,0,2
275480000,2,0,0,2
275500000,2,0,0,2
275520000,2,0,0,2
275540000,2,0,0,2
275560000,2,0,0,2
275580000,2,0,0,2
275600000,2,0,0,2
275620000,2,0,0,2
275640000,2,0,0,2
275660000,2,0,0,2
275680000,2,0,0,2
275700000,2,0,0,2
275720000,2,0,0,2
275740000,2,0,0,2
275760000,2,0,0,2
275780000,2,0,0,2
275800000,2,0,0,2
275820000,2,0,0,2
275840000,2,0,0,2
275860000,2,0,0,2
275880000,2,0,0,2
275900000,2,0,0,2
275920000,2,0,0,2
275940000,2,0,0,2
275960000,2,0,0,2
275980000,2,0,0,2
276000000,2,0,0,2
276020000,2,0,0,2
276040000,2,0,0,2
276060000,2,0,0,2
276080000,2,0,0,2
276100000,2,0,0,2
276120000,2,0,0,2
276140000,2,0,0,2
276160000,2,0,0,2
276180000,2,0,0,2
276200000,2,0,0,2
276220000,2,0,0,2
276240000,2,0,0,2
276260000,2,0,0,2
276280000,2,0,0,2
276300000,2,0,0,2
276320000,2,0,0,2
276340000,2,0,0,2
276360000,2,0,0,2
276380000,2,0,0,2
276400000,2,0,0,2
276420000,2,0,0,2
276440000,2,0,0,2
276460000,2,0,0,2
276480000,2,0,0,2
276500000,2,0,0,2
276520000,2,0,0,2
276540000,2,0,0,2
276560000,2,0,0,2
276580000,2,0,0,2
276600000,2,0,0,2
276620000,2,0,0,2
276640000,2,0,0,2
276660000,2,0,0,2
276680000,2,0,0,2
276700000,2,0,0,2
276720000,2,0,0,2
276740000,2,0,0,2
276760000,2,0,0,2
276780000,2,0,0,2
276800000,2,0,0,2
276820000,2,0,0,2
276840000,2,0,0,2
276860000,2,0,0,2
276880000,2,0,0,2
276900000,2,0,0,2
276920000,2,0,0,2
276940000,2,0,0,2
276960000,2,0,0,2
276980000,2,0,0,2
277000000,2,0,0,2
277020000,2,0,0,2
277040000,2,0,0,2
277060000,2,0,0,2
277080000,2,0,0,2
277100000,2,0,0,2
277120000,2,0,0,2
277140000,2,0,0,2
277160000,2,0,0,2
277180000,2,0,0,2
277200000,2,0,0,2
277220000,2,0,0,2
277240000,2,0,0,2
277260000,2,0,0,2
277280000,2,0,0,2
277300000,2,0,0,2
277320000,2,0,0,2
277340000,2,0,0,2
277360000,2,0,0,2
277380000,2,0,0,2
277400000,2,0,0,2
277420000,2,0,0,2
277440000,2,0,0,2
277460000,2,0,0,2
277480000,2,0,0,2
277500000,2,0,0,2
277520000,2,0,0,2
277540000,2,0,0,2
277560000,2,0,0,2
277580000,2,0,0,2
277600000,2,0,0,2
277620000,2,0,0,2
277640000,2,0,0,2
277660000,2,0,0,2
277680000,2,0,0,2
277700000,2,0,0,2
277720000,2,0,0,2
277740000,2,0,0,2
277760000,2,0,0,2
277780000,2,0,0,2
277800000,2,0,0,2
277820000,2,0,0,2
277840000,2,0,0,2
277860000,2,0,0,2
277880000,2,0,0,2
277900000,2,0,0,2
277920000,2,0,0,2
277940000,2,0,0,2
277960000,2,0,0,2
277980000,2,0,0,2
278000000,2,0,0,2
278020000,2,0,0,2
278040000,2,0,0,2
278060000,2,0,0,2
278080000,2,0,0,2
278100000,2,0,0,2
278120000,2,0,0,2
278140000,2,0,0,2
278160000,2,0,0,2
278180000,2,0,0,2
278200000,2,0,0,2
278220000,2,0,0,2
278240000,2,0,0,2
278260000,2,0,0,2
278280000,2,0,0,2
278300000,2,0,0,2
278320000,2,0,0,2
278340000,2,0,0,2
278360000,2,0,0,2
278380000,2,0,0,2
278400000,2,0,0,2
278420000,2,0,0,2
278440000,2,0,0,2
278460000,2,0,0,2
278480000,2,0,0,2
278500000,2,0,0,2
278520000,2,0,0,2
278540000,2,0,0,2
278560000,2,0,0,2
278580000,2,0,0,2
278600000,2,0,0,2
278620000,2,0,0,2
278640000,2,0,0,2
278660000,2,0,0,2
278680000,2,0,0,2
278700000,2,0,0,2
278720000,2,0,0,2
278740000,2,0,0,2
278760000,2,0,0,2
278780000,2,0,0,2
278800000,2,0,0,2
278820000,2,0,0,2
278840000,2,0,0,2
278860000,2,0,0,2
278880000,2,0,0,2
278900000,2,0,0,2
278920000,2,0,0,2
278940000,2,0,0,2
278960000,2,0,0,2
278980000,2,0,0,2
279000000,2,0,0,2
279020000,2,0,0,2
279040000,2,0,0,2
279060000,2,0,0,2
279080000,2,0,0,2
279100000,2,0,0,2
279120000,2,0,0,2
279140000,2,0,0,2
279160000,2,0,0,2
279180000,2,0,0,2
279200000,2,0,0,2
279220000,2,0,0,2
279240000,2,0,0,2
279260000,2,0,0,2
279280000,2,0,0,2
279300000,2,0,0,2
279320000,2,0,0,2
279340000,2,0,0,2
279360000,2,0,0,2
279380000,2,0,0,2
279400000,2,0,0,2
279420000,2,0,0,2
279440000,2,0,0,2
279460000,2,0,0,2
279480000,2,0,0,2
279500000,2,0,0,2
279520000,2,0,0,2
279540000,2,0,0,2
279560000,2,0,0,2
279580000,2,0,0,2
279600000,2,0,0,2
279620000,2,0,0,2
279640000,2,0,0,2
279660000,2,0,0,2
279680000,2,0,0,2
279700000,2,0,0,2
279720000,2,0,0,2
279740000,2,0,0,2
279760000,2,0,0,2
279780000,2,0,0,2
279800000,2,0,0,2
279820000,2,0,0,2
279840000,2,0,0,2
279860000,2,0,0,2
279880000,2,0,0,2
279900000,2,0,0,2
279920000,2,0,0,2
279940000,2,0,0,2
279960000,2,0,0,2
279980000,2,0,0,2
280000000,2,0,0,2
280020000,2,0,0,2
280040000,2,0,0,2
280060000,2,0,0,2
280080000,2,0,0,2
280100000,2,0,0,2
280120000,2,0,0,2
280140000,2,0,0,2
280160000,2,0,0,2
280180000,2,0,0,2
280200000,2,0,0,2
280220000,2,0,0,2
280240000,2,0,0,2
280260000,2,0,0,2
280280000,2,0,0,2
280300000,2,0,0,2
280320000,2,0,0,2
280340000,2,0,0,2
280360000,2,0,0,2
280380000,2,0,0,2
280400000,2,0,0,2
280420000,2,0,0,2
280440000,2,0,0,2
280460000,2,0,0,2
280480000,2,0,0,2
280500000,2,0,0,2
280520000,2,0,0,2
280540000,2,0,0,2
280560000,2,0,0,2
280580000,2,0,0,2
280600000,2,0,0,2
280620000,2,0,0,2
280640000,2,0,0,2
280660000,2,0,0,2
280680000,2,0,0,2
280700000,2,0,0,2
280720000,2,0,0,2
280740000,2,0,0,2
280760000,2,0,0,2
280780000,2,0,0,2
280800000,2,0,0,2
280820000,2,0,0,2
280840000,2,0,0,2
280860000,2,0,0,2
280880000,2,0,0,2
280900000,2,0,0,2
280920000,2,0,0,2
280940000,2,0,0,2
280960000,2,0,0,2
280980000,2,0,0,2
281000000,2,0,0,2
281020000,2,0,0,2
281040000,2,0,0,2
281060000,2,0,0,2
281080000,2,0,0,2
281100000,2,0,0,2
281120000,2,0,0,2
281140000,2,0,0,2
281160000,2,0,0,2
281180000,2,0,0,2
281200000,2,0,0,2
281220000,2,0,0,2
281240000,2,0,0,2
281260000,2,0,0,2
281280000,2,0,0,2
281300000,2,0,0,2
281320000,2,0,0,2
281340000,2,0,0,2
281360000,2,0,0,2
281380000,2,0,0,2
281400000,2,0,0,2
281420000,2,0,0,2
281440000,2,0,0,2
281460000,2,0,0,2
281480000,2,0,0,2
281500000,2,0,0,2
281520000,2,0,0,2
281540000,2,0,0,2
281560000,2,0,0,2
281580000,2,0,0,2
281600000,2,0,0,2
281620000,2,0,0,2
281640000,2,0,0,2
281660000,2,0,0,2
281680000,2,0,0,2
281700000,2,0,0,2
281720000,2,0,0,2
281740000,2,0,0,2
281760000,2,0,0,2
281780000,2,0,0,2
281800000,2,0,0,2
281820000,2,0,0,2
281840000,2,0,0,2
281860000,2,0,0,2
281880000,2,0,0,2
281900000,2,0,0,2
281920000,2,0,0,2
281940000,2,0,0,2
281960000,2,0,0,2
281980000,2,0,0,2
282000000,2,0,0,2
282020000,2,0,0,2
282040000,2,0,0,2
282060000,2,0,0,2
282080000,2,0,0,2
282100000,2,0,0,2
282120000,2,0,0,2
282140000,2,0,0,2
282160000,2,0,0,2
282180000,2,0,0,2
282200000,2,0,0,2
282220000,2,0,0,2
282240000,2,0,0,2
282260000,2,0,0,2
282280000,2,0,0,2
282300000,2,0,0,2
282320000,2,0,0,2
282340000,2,0,0,2
282360000,2,0,0,2
282380000,2,0,0,2
282400000,2,0,0,2
282420000,2,0,0,2
282440000,2,0,0,2
282460000,2,0,0,2
282480000,2,0,0,2
282500000,2,0,0,2
282520000,2,0,0,2
282540000,2,0,0,2
282560000,2,0,0,2
282580000,2,0,0,2
282600000,2,0,0,2
282620000,2,0,0,2
282640000,2,0,0,2
282660000,2,0,0,2
282680000,2,0,0,2
282700000,2,0,0,2
282720000,2,0,0,2
282740000,2,0,0,2
282760000,2,0,0,2
282780000,2,0,0,2
282800000,2,0,0,2
282820000,2,0,0,2
282840000,2,0,0,2
282860000,2,0,0,2
282880000,2,0,0,2
282900000,2,0,0,2
282920000,2,0,0,2
282940000,2,0,0,2
282960000,2,0,0,2
282980000,2,0,0,2
283000000,2,0,0,2
283020000,2,0,0,2
283040000,2,0,0,2
283060000,2,0,0,2
283080000,2,0,0,2
283100000,2,0,0,2
283120000,2,0,0,2
283140000,2,0,0,2
283160000,2,0,0,2
283180000,2,0,0,2
283200000,2,0,0,2
283220000,2,0,0,2
283240000,2,0,0,2
283260000,2,0,0,2
283280000,2,0,0,2
283300000,2,0,0,2
283320000,2,0,0,2
283340000,2,0,0,2
283360000,2,0,0,2
283380000,2,0,0,2
283400000,2,0,0,2
283420000,2,0,0,2
283440000,2,0,0,2
283460000,2,0,0,2
283480000,2,0,0,2
283500000,2,0,0,2
283520000,2,0,0,2
283540000,2,0,0,2
283560000,2,0,0,2
283580000,2,0,0,2
283600000,2,0,0,2
283620000,2,0,0,2
283640000,2,0,0,2
283660000,2,0,0,2
283680000,2,0,0,2
283700000,2,0,0,2
283720000,2,0,0,2
283740000,2,0,0,2
283760000,2,0,0,2
283780000,2,0,0,2
283800000,2,0,0,2
283820000,2,0,0,2
283840000,2,0,0,2
283860000,2,0,0,2
283880000,2,0,0,2
283900000,2,0,0,2
283920000,2,0,0,2
283940000,2,0,0,2
283960000,2,0,0,2
283980000,2,0,0,2
284000000,2,0,0,2
284020000,2,0,0,2
284040000,2,0,0,2
284060000,2,0,0,2
284080000,2,0,0,2
284100000,2,0,0,2
284120000,2,0,0,2
284140000,2,0,0,2
284160000,2,0,0,2
284180000,2,0,0,2
284200000,2,0,0,2
284220000,2,0,0,2
284240000,2,0,0,2
284260000,2,0,0,2
284280000,2,0,0,2
284300000,2,0,0,2
284320000,2,0,0,2
284340000,2,0,0,2
284360000,2,0,0,2
284380000,2,0,0,2
284400000,2,0,0,2
284420000,2,0,0,2
284440000,2,0,0,2
284460000,2,0,0,2
284480000,2,0,0,2
284500000,2,0,0,2
284520000,2,0,0,2
284540000,2,0,0,2
284560000,2,0,0,2
284580000,2,0,0,2
284600000,2,0,0,2
284620000,2,0,0,2
284640000,2,0,0,2
284660000,2,0,0,2
284680000,2,0,0,2
284700000,2,0,0,2
284720000,2,0,0,2
284740000,2,0,0,2
284760000,2,0,0,2
284780000,2,0,0,2
284800000,2,0,0,2
284820000,2,0,0,2
284840000,2,0,0,2
284860000,2,0,0,2
284880000,2,0,0,2
284900000,2,0,0,2
284920000,2,0,0,2
284940000,2,0,0,2
284960000,2,0,0,2
284980000,2,0,0,2
285000000,2,0,0,2
285020000,2,0,0,2
285040000,2,0,0,2
285060000,2,0,0,2
285080000,2,0,0,2
285100000,2,0,0,2
285120000,2,0,0,2
285140000,2,0,0,2
285160000,2,0,0,2
285180000,2,0,0,2
285200000,2,0,0,2
285220000,2,0,0,2
285240000,2,0,0,2
285260000,2,0,0,2
285280000,2,0,0,2
285300000,2,0,0,2
285320000,2,0,0,2
285340000,2,0,0,2
285360000,2,0,0,2
285380000,2,0,0,2
285400000,2,0,0,2
285420000,2,0,0,2
285440000,2,0,0,2
285460000,2,0,0,2
285480000,2,0,0,2
285500000,2,0,0,2
285520000,2,0,0,2
285540000,2,0,0,2
285560000,2,0,0,2
285580000,2,0,0,2
285600000,2,0,0,2
285620000,2,0,0,2
285640000,2,0,0,2
285660000,2,0,0,2
285680000,2,0,0,2
285700000,2,0,0,2
285720000,2,0,0,2
285740000,2,0,0,2
285760000,2,0,0,2
285780000,2,0,0,2
285800000,2,0,0,2
285820000,2,0,0,2
285840000,2,0,0,2
285860000,2,0,0,2
285880000,2,0,0,2
285900000,2,0,0,2
285920000,2,0,0,2
285940000,2,0,0,2
285960000,2,0,0,2
285980000,2,0,0,2
286000000,2,0,0,2
286020000,2,0,0,2
286040000,2,0,0,2
286060000,2,0,0,2
286080000,2,0,0,2
286100000,2,0,0,2
286120000,2,0,0,2
286140000,2,0,0,2
286160000,2,0,0,2
286180000,2,0,0,2
286200000,2,0,0,2
286220000,2,0,0,2
286240000,2,0,0,2
286260000,2,0,0,2
286280000,2,0,0,2
286300000,2,0,0,2
286320000,2,0,0,2
286340000,2,0,0,2
286360000,2,0,0,2
286380000,2,0,0,2
286400000,2,0,0,2
286420000,2,0,0,2
286440000,2,0,0,2
286460000,2,0,0,2
286480000,2,0,0,2
286500000,2,0,0,2
286520000,2,0,0,2
286540000,2,0,0,2
286560000,2,0,0,2
286580000,2,0,0,2
286600000,2,0,0,2
286620000,2,0,0,2
286640000,2,0,0,2
286660000,2,0,0,2
286680000,2,0,0,2
286700000,2,0,0,2
286720000,2,0,0,2
286740000,2,0,0,2
286760000,2,0,0,2
286780000,2,0,0,2
286800000,2,0,0,2
286820000,2,0,0,2
286840000,2,0,0,2
286860000,2,0,0,2
286880000,2,0,0,2
286900000,2,0,0,2
286920000,2,0,0,2
286940000,2,0,0,2
286960000,2,0,0,2
286980000,2,0,0,2
287000000,2,0,0,2
287020000,2,0,0,2
287040000,2,0,0,2
287060000,2,0,0,2
287080000,2,0,0,2
287100000,2,0,0,2
287120000,2,0,0,2
287140000,2,0,0,2
287160000,2,0,0,2
287180000,2,0,0,2
287200000,2,0,0,2
287220000,2,0,0,2
287240000,2,0,0,2
287260000,2,0,0,2
287280000,2,0,0,2
287300000,2,0,0,2
287320000,2,0,0,2
287340000,2,0,0,2
287360000,2,0,0,2
287380000,2,0,0,2
287400000,2,0,0,2
287420000,2,0,0,2
287440000,2,0,0,2
287460000,2,0,0,2
287480000,2,0,0,2
287500000,2,0,0,2
287520000,2,0,0,2
287540000,2,0,0,2
287560000,2,0,0,2
287580000,2,0,0,2
287600000,2,0,0,2
287620000,2,0,0,2
287640000,2,0,0,2
287660000,2,0,0,2
287680000,2,0,0,2
287700000,2,0,0,2
287720000,2,0,0,2
287740000,2,0,0,2
287760000,2,0,0,2
287780000,2,0,0,2
287800000,2,0,0,2
287820000,2,0,0,2
287840000,2,0,0,2
287860000,2,0,0,2
287880000,2,0,0,2
287900000,2,0,0,2
287920000,2,0,0,2
287940000,2,0,0,2
287960000,2,0,0,2
287980000,2,0,0,2
288000000,2,0,0,2
288020000,2,0,0,2
288040000,2,0,0,2
288060000,2,0,0,2
288080000,2,0,0,2
288100000,2,0,0,2
288120000,2,0,0,2
288140000,2,0,0,2
288160000,2,0,0,2
288180000,2,0,0,2
288200000,2,0,0,2
288220000,2,0,0,2
288240000,2,0,0,2
288260000,2,0,0,2
288280000,2,0,0,2
288300000,2,0,0,2
288320000,2,0,0,2
288340000,2,0,0,2
288360000,2,0,0,2
288380000,2,0,0,2
288400000,2,0,0,2
288420000,2,0,0,2
288440000,2,0,0,2
288460000,2,0,0,2
288480000,2,0,0,2
288500000,2,0,0,2
288520000,2,0,0,2
288540000,2,0,0,2
288560000,2,0,0,2
288580000,2,0,0,2
288600000,2,0,0,2
288620000,2,0,0,2
288640000,2,0,0,2
288660000,2,0,0,2
288680000,2,0,0,2
288700000,2,0,0,2
288720000,2,0,0,2
288740000,2,0,0,2
288760000,2,0,0,2
288780000,2,0,0,2
288800000,2,0,0,2
288820000,2,0,0,2
288840000,2,0,0,2
288860000,2,0,0,2
288880000,2,0,0,2
288900000,2,0,0,2
288920000,2,0,0,2
288940000,2,0,0,2
288960000,2,0,0,2
288980000,2,0,0,2
289000000,2,0,0,2
289020000,2,0,0,2
289040000,2,0,0,2
289060000,2,0,0,2
289080000,2,0,0,2
289100000,2,0,0,2
289120000,2,0,0,2
289140000,2,0,0,2
289160000,2,0,0,2
289180000,2,0,0,2
289200000,2,0,0,2
289220000,2,0,0,2
289240000,2,0,0,2
289260000,2,0,0,2
289280000,2,0,0,2
289300000,2,0,0,2
289320000,2,0,0,2
289340000,2,0,0,2
289360000,2,0,0,2
289380000,2,0,0,2
289400000,2,0,0,2
289420000,2,0,0,2
289440000,2,0,0,2
289460000,2,0,0,2
289480000,2,0,0,2
289500000,2,0,0,2
289520000,2,0,0,2
289540000,2,0,0,2
289560000,2,0,0,2
289580000,2,0,0,2
289600000,2,0,0,2
289620000,2,0,0,2
289640000,2,0,0,2
289660000,2,0,0,2
289680000,2,0,0,2
289700000,2,0,0,2
289720000,2,0,0,2
289740000,2,0,0,2
289760000,2,0,0,2
289780000,2,0,0,2
289800000,2,0,0,2
289820000,2,0,0,2
289840000,2,0,0,2
289860000,2,0,0,2
289880000,2,0,0,2
289900000,2,0,0,2
289920000,2,0,0,2
289940000,2,0,0,2
289960000,2,0,0,2
289980000,2,0,0,2
290000000,2,0,0,2
290020000,2,0,0,2
290040000,2,0,0,2
290060000,2,0,0,2
290080000,2,0,0,2
290100000,2,0,0,2
290120000,2,0,0,2
290140000,2,0,0,2
290160000,2,0,0,2
290180000,2,0,0,2
290200000,2,0,0,2
290220000,2,0,0,2
290240000,2,0,0,2
290260000,2,0,0,2
290280000,2,0,0,2
290300000,2,0,0,2
290320000,2,0,0,2
290340000,2,0,0,2
290360000,2,0,0,2
290380000,2,0,0,2
290400000,2,0,0,2
290420000,2,0,0,2
290440000,2,0,0,2
290460000,2,0,0,2
290480000,2,0,0,2
290500000,2,0,0,2
290520000,2,0,0,2
290540000,2,0,0,2
290560000,2,0,0,2
290580000,2,0,0,2
290600000,2,0,0,2
290620000,2,0,0,2
290640000,2,0,0,2
290660000,2,0,0,2
290680000,2,0,0,2
290700000,2,0,0,2
290720000,2,0,0,2
290740000,2,0,0,2
290760000,2,0,0,2
290780000,2,0,0,2
290800000,2,0,0,2
290820000,2,0,0,2
290840000,2,0,0,2
290860000,2,0,0,2
290880000,2,0,0,2
290900000,2,0,0,2
290920000,2,0,0,2
290940000,2,0,0,2
290960000,2,0,0,2
290980000,2,0,0,2
291000000,2,0,0,2
291020000,2,0,0,2
291040000,2,0,0,2
291060000,2,0,0,2
291080000,2,0,0,2
291100000,2,0,0,2
291120000,2,0,0,2
291140000,2,0,0,2
291160000,2,0,0,2
291180000,2,0,0,2
291200000,2,0,0,2
291220000,2,0,0,2
291240000,2,0,0,2
291260000,2,0,0,2
291280000,2,0,0,2
291300000,2,0,0,2
291320000,2,0,0,2
291340000,2,0,0,2
291360000,2,0,0,2
291380000,2,0,0,2
291400000,2,0,0,2
291420000,2,0,0,2
291440000,2,0,0,2
291460000,2,0,0,2
291480000,2,0,0,2
291500000,2,0,0,2
291520000,2,0,0,2
291540000,2,0,0,2
291560000,2,0,0,2
291580000,2,0,0,2
291600000,2,0,0,2
291620000,2,0,0,2
291640000,2,0,0,2
291660000,2,0,0,2
291680000,2,0,0,2
291700000,2,0,0,2
291720000,2,0,0,2
291740000,2,0,0,2
291760000,2,0,0,2
291780000,2,0,0,2
291800000,2,0,0,2
291820000,2,0,0,2
291840000,2,0,0,2
291860000,2,0,0,2
291880000,2,0,0,2
291900000,2,0,0,2
291920000,2,0,0,2
291940000,2,0,0,2
291960000,2,0,0,2
291980000,2,0,0,2
292000000,2,0,0,2
292020000,2,0,0,2
292040000,2,0,0,2
292060000,2,0,0,2
292080000,2,0,0,2
292100000,2,0,0,2
292120000,2,0,0,2
292140000,2,0,0,2
292160000,2,0,0,2
292180000,2,0,0,2
292200000,2,0,0,2
292220000,2,0,0,2
292240000,2,0,0,2
292260000,2,0,0,2
292280000,2,0,0,2
292300000,2,0,0,2
292320000,2,0,0,2
292340000,2,0,0,2
292360000,2,0,0,2
292380000,2,0,0,2
292400000,2,0,0,2
292420000,2,0,0,2
292440000,2,0,0,2
292460000,2,0,0,2
292480000,2,0,0,2
292500000,2,0,0,2
292520000,2,0,0,2
292540000,2,0,0,2
292560000,2,0,0,2
292580000,2,0,0,2
292600000,2,0,0,2
292620000,2,0,0,2
292640000,2,0,0,2
292660000,2,0,0,2
292680000,2,0,0,2
292700000,2,0,0,2
292720000,2,0,0,2
292740000,2,0,0,2
292760000,2,0,0,2
292780000,2,0,0,2
292800000,2,0,0,2
292820000,2,0,0,2
292840000,2,0,0,2
292860000,2,0,0,2
292880000,2,0,0,2
292900000,2,0,0,2
292920000,2,0,0,2
292940000,2,0,0,2
292960000,2,0,0,2
292980000,2,0,0,2
293000000,2,0,0,2
293020000,2,0,0,2
293040000,2,0,0,2
293060000,2,0,0,2
293080000,2,0,0,2
293100000,2,0,0,2
293120000,2,0,0,2
293140000,2,0,0,2
293160000,2,0,0,2
293180000,2,0,0,2
293200000,2,0,0,2
293220000,2,0,0,2
293240000,2,0,0,2
293260000,2,0,0,2
293280000,2,0,0,2
293300000,2,0,0,2
293320000,2,0,0,2
293340000,2,0,0,2
293360000,2,0,0,2
293380000,2,0,0,2
293400000,2,0,0,2
293420000,2,0,0,2
293440000,2,0,0,2
293460000,2,0,0,2
293480000,2,0,0,2
293500000,2,0,0,2
293520000,2,0,0,2
293540000,2,0,0,2
293560000,2,0,0,2
293580000,2,0,0,2
293600000,2,0,0,2
293620000,2,0,0,2
293640000,2,0,0,2
293660000,2,0,0,2
293680000,2,0,0,2
293700000,2,0,0,2
293720000,2,0,0,2
293740000,2,0,0,2
293760000,2,0,0,2
293780000,2,0,0,2
293800000,2,0,0,2
293820000,2,0,0,2
293840000,2,0,0,2
293860000,2,0,0,2
293880000,2,0,0,2
293900000,2,0,0,2
293920000,2,0,0,2
293940000,2,0,0,2
293960000,2,0,0,2
293980000,2,0,0,2
294000000,2,0,0,2
294020000,2,0,0,2
294040000,2,0,0,2
294060000,2,0,0,2
294080000,2,0,0,2
294100000,2,0,0,2
294120000,2,0,0,2
294140000,2,0,0,2
294160000,2,0,0,2
294180000,2,0,0,2
294200000,2,0,0,2
294220000,2,0,0,2
294240000,2,0,0,2
294260000,2,0,0,2
294280000,2,0,0,2
294300000,2,0,0,2
294320000,2,0,0,2
294340000,2,0,0,2
294360000,2,0,0,2
294380000,2,0,0,2
294400000,2,0,0,2
294420000,2,0,0,2
294440000,2,0,0,2
294460000,2,0,0,2
294480000,2,0,0,2
294500000,2,0,0,2
294520000,2,0,0,2
294540000,2,0,0,2
294560000,2,0,0,2
294580000,2,0,0,2
294600000,2,0,0,2
294620000,2,0,0,2
294640000,2,0,0,2
294660000,2,0,0,2
294680000,2,0,0,2
294700000,2,0,0,2
294720000,2,0,0,2
294740000,2,0,0,2
294760000,2,0,0,2
294780000,2,0,0,2
294800000,2,0,0,2
294820000,2,0,0,2
294840000,2,0,0,2
294860000,2,0,0,2
294880000,2,0,0,2
294900000,2,0,0,2
294920000,2,0,0,2
294940000,2,0,0,2
294960000,2,0,0,2
294980000,2,0,0,2
295000000,2,0,0,2
295020000,2,0,0,2
295040000,2,0,0,2
295060000,2,0,0,2
295080000,2,0,0,2
295100000,2,0,0,2
295120000,2,0,0,2
295140000,2,0,0,2
295160000,2,0,0,2
295180000,2,0,0,2
295200000,2,0,0,2
295220000,2,0,0,2
295240000,2,0,0,2
295260000,2,0,0,2
295280000,2,0,0,2
295300000,2,0,0,2
295320000,2,0,0,2
295340000,2,0,0,2
295360000,2,0,0,2
295380000,2,0,0,2
295400000,2,0,0,2
295420000,2,0,0,2
295440000,2,0,0,2
295460000,2,0,0,2
295480000,2,0,0,2
295500000,2,0,0,2
295520000,2,0,0,2
295540000,2,0,0,2
295560000,2,0,0,2
295580000,2,0,0,2
295600000,2,0,0,2
295620000,2,0,0,2
295640000,2,0,0,2
295660000,2,0,0,2
295680000,2,0,0,2
295700000,2,0,0,2
295720000,2,0,0,2
295740000,2,0,0,2
295760000,2,0,0,2
295780000,2,0,0,2
295800000,2,0,0,2
295820000,2,0,0,2
295840000,2,0,0,2
295860000,2,0,0,2
295880000,2,0,0,2
295900000,2,0,0,2
295920000,2,0,0,2
295940000,2,0,0,2
295960000,2,0,0,2
295980000,2,0,0,2
296000000,2,0,0,2
296020000,2,0,0,2
296040000,2,0,0,2
296060000,2,0,0,2
296080000,2,0,0,2
296100000,2,0,0,2
296120000,2,0,0,2
296140000,2,0,0,2
296160000,2,0,0,2
296180000,2,0,0,2
296200000,2,0,0,2
296220000,2,0,0,2
296240000,2,0,0,2
296260000,2,0,0,2
296280000,2,0,0,2
296300000,2,0,0,2
296320000,2,0,0,2
296340000,2,0,0,2
296360000,2,0,0,2
296380000,2,0,0,2
296400000,2,0,0,2
296420000,2,0,0,2
296440000,2,0,0,2
296460000,2,0,0,2
296480000,2,0,0,2
296500000,2,0,0,2
296520000,2,0,0,2
296540000,2,0,0,2
296560000,2,0,0,2
296580000,2,0,0,2
296600000,2,0,0,2
296620000,2,0,0,2
296640000,2,0,0,2
296660000,2,0,0,2
296680000,2,0,0,2
296700000,2,0,0,2
296720000,2,0,0,2
296740000,2,0,0,2
296760000,2,0,0,2
296780000,2,0,0,2
296800000,2,0,0,2
296820000,2,0,0,2
296840000,2,0,0,2
296860000,2,0,0,2
296880000,2,0,0,2
296900000,2,0,0,2
296920000,2,0,0,2
296940000,2,0,0,2
296960000,2,0,0,2
296980000,2,0,0,2
297000000,2,0,0,2
297020000,2,0,0,2
297040000,2,0,0,2
297060000,2,0,0,2
297080000,2,0,0,2
297100000,2,0,0,2
297120000,2,0,0,2
297140000,2,0,0,2
297160000,2,0,0,2
297180000,2,0,0,2
297200000,2,0,0,2
297220000,2,0,0,2
297240000,2,0,0,2
297260000,2,0,0,2
297280000,2,0,0,2
297300000,2,0,0,2
297320000,2,0,0,2
297340000,2,0,0,2
297360000,2,0,0,2
297380000,2,0,0,2
297400000,2,0,0,2
297420000,2,0,0,2
297440000,2,0,0,2
297460000,2,0,0,2
297480000,2,0,0,2
297500000,2,0,0,2
297520000,2,0,0,2
297540000,2,0,0,2
297560000,2,0,0,2
297580000,2,0,0,2
297600000,2,0,0,2
297620000,2,0,0,2
297640000,2,0,0,2
297660000,2,0,0,2
297680000,2,0,0,2
297700000,2,0,0,2
297720000,2,0,0,2
297740000,2,0,0,2
297760000,2,0,0,2
297780000,2,0,0,2
297800000,2,0,0,2
297820000,2,0,0,2
297840000,2,0,0,2
297860000,2,0,0,2
297880000,2,0,0,2
297900000,2,0,0,2
297920000,2,0,0,2
297940000,2,0,0,2
297960000,2,0,0,2
297980000,2,0,0,2
298000000,2,0,0,2
298020000,2,0,0,2
298040000,2,0,0,2
298060000,2,0,0,2
298080000,2,0,0,2
298100000,2,0,0,2
298120000,2,0,0,2
298140000,2,0,0,2
298160000,2,0,0,2
298180000,2,0,0,2
298200000,2,0,0,2
298220000,2,0,0,2
298240000,2,0,0,2
298260000,2,0,0,2
298280000,2,0,0,2
298300000,2,0,0,2
298320000,2,0,0,2
298340000,2,0,0,2
298360000,2,0,0,2
298380000,2,0,0,2
298400000,2,0,0,2
298420000,2,0,0,2
298440000,2,0,0,2
298460000,2,0,0,2
298480000,2,0,0,2
298500000,2,0,0,2
298520000,2,0,0,2
298540000,2,0,0,2
298560000,2,0,0,2
298580000,2,0,0,2
298600000,2,0,0,2
298620000,2,0,0,2
298640000,2,0,0,2
298660000,2,0,0,2
298680000,2,0,0,2
298700000,2,0,0,2
298720000,2,0,0,2
298740000,2,0,0,2
298760000,2,0,0,2
298780000,2,0,0,2
298800000,2,0,0,2
298820000,2,0,0,2
298840000,2,0,0,2
298860000,2,0,0,2
298880000,2,0,0,2
298900000,2,0,0,2
298920000,2,0,0,2
298940000,2,0,0,2
298960000,2,0,0,2
298980000,2,0,0,2
299000000,2,0,0,2
299020000,2,0,0,2
299040000,2,0,0,2
299060000,2,0,0,2
299080000,2,0,0,2
299100000,2,0,0,2
299120000,2,0,0,2
299140000,2,0,0,2
299160000,2,0,0,2
299180000,2,0,0,2
299200000,2,0,0,2
299220000,2,0,0,2
299240000,2,0,0,2
299260000,2,0,0,2
299280000,2,0,0,2
299300000,2,0,0,2
299320000,2,0,0,2
299340000,2,0,0,2
299360000,2,0,0,2
299380000,2,0,0,2
299400000,2,0,0,2
299420000,2,0,0,2
299440000,2,0,0,2
299460000,2,0,0,2
299480000,2,0,0,2
299500000,2,0,0,2
299520000,2,0,0,2
299540000,2,0,0,2
299560000,2,0,0,2
299580000,2,0,0,2
299600000,2,0,0,2
299620000,2,0,0,2
299640000,2,0,0,2
299660000,2,0,0,2
299680000,2,0,0,2
299700000,2,0,0,2
299720000,2,0,0,2
299740000,2,0,0,2
299760000,2,0,0,2
299780000,2,0,0,2
299800000,2,0,0,2
299820000,2,0,0,2
299840000,2,0,0,2
299860000,2,0,0,2
299880000,2,0,0,2
299900000,2,0,0,2
299920000,2,0,0,2
299940000,2,0,0,2
299960000,2,0,0,2
299980000,2,0,0,2
300000000,2,0,0,2
300020000,2,0,0,2
300040000,2,0,0,2
300060000,2,0,0,2
300080000,2,0,0,2
300100000,2,0,0,2
300120000,2,0,0,2
300140000,2,0,0,2
300160000,2,0,0,2
300180000,2,0,0,2
300200000,2,0,0,2
300220000,2,0,0,2
300240000,2,0,0,2
300260000,2,0,0,2
300280000,2,0,0,2
300300000,2,0,0,2
300320000,2,0,0,2
300340000,2,0,0,2
300360000,2,0,0,2
300380000,2,0,0,2
300400000,2,0,0,2
300420000,2,0,0,2
300440000,2,0,0,2
300460000,2,0,0,2
300480000,2,0,0,2
300500000,2,0,0,2
300520000,2,0,0,2
300540000,2,0,0,2
300560000,2,0,0,2
300580000,2,0,0,2
300600000,2,0,0,2
300620000,2,0,0,2
300640000,2,0,0,2
300660000,2,0,0,2
300680000,2,0,0,2
300700000,2,0,0,2
300720000,2,0,0,2
300740000,2,0,0,2
300760000,2,0,0,2
300780000,2,0,0,2
300800000,2,0,0,2
300820000,2,0,0,2
300840000,2,0,0,2
300860000,2,0,0,2
300880000,2,0,0,2
300900000,2,0,0,2
300920000,2,0,0,2
300940000,2,0,0,2
300960000,2,0,0,2
300980000,2,0,0,2
301000000,2,0,0,2
301020000,2,0,0,2
301040000,2,0,0,2
301060000,2,0,0,2
301080000,2,0,0,2
301100000,2,0,0,2
301120000,2,0,0,2
301140000,2,0,0,2
301160000,2,0,0,2
301180000,2,0,0,2
301200000,2,0,0,2
301220000,2,0,0,2
301240000,2,0,0,2
301260000,2,0,0,2
301280000,2,0,0,2
301300000,2,0,0,2
301320000,2,0,0,2
301340000,2,0,0,2
301360000,2,0,0,2
301380000,2,0,0,2
301400000,2,0,0,2
301420000,2,0,0,2
301440000,2,0,0,2
301460000,2,0,0,2
301480000,2,0,0,2
301500000,2,0,0,2
301520000,2,0,0,2
301540000,2,0,0,2
301560000,2,0,0,2
301580000,2,0,0,2
301600000,2,0,0,2
301620000,2,0,0,2
301640000,2,0,0,2
301660000,2,0,0,2
301680000,2,0,0,2
301700000,2,0,0,2
301720000,2,0,0,2
301740000,2,0,0,2
301760000,2,0,0,2
301780000,2,0,0,2
301800000,2,0,0,2
301820000,2,0,0,2
301840000,2,0,0,2
301860000,2,0,0,2
301880000,2,0,0,2
301900000,2,0,0,2
301920000,2,0,0,2
301940000,2,0,0,2
301960000,2,0,0,2
301980000,2,0,0,2
302000000,2,0,0,2
302020000,2,0,0,2
302040000,2,0,0,2
302060000,2,0,0,2
302080000,2,0,0,2
302100000,2,0,0,2
302120000,2,0,0,2
302140000,2,0,0,2
302160000,2,0,0,2
302180000,2,0,0,2
302200000,2,0,0,2
302220000,2,0,0,2
302240000,2,0,0,2
302260000,2,0,0,2
302280000,2,0,0,2
302300000,2,0,0,2
302320000,2,0,0,2
302340000,2,0,0,2
302360000,2,0,0,2
302380000,2,0,0,2
302400000,2,0,0,2
302420000,2,0,0,2
302440000,2,0,0,2
302460000,2,0,0,2
302480000,2,0,0,2
302500000,2,0,0,2
302520000,2,0,0,2
302540000,2,0,0,2
302560000,2,0,0,2
302580000,2,0,0,2
302600000,2,0,0,2
302620000,2,0,0,2
302640000,2,0,0,2
302660000,2,0,0,2
302680000,2,0,0,2
302700000,2,0,0,2
302720000,2,0,0,2
302740000,2,0,0,2
302760000,2,0,0,2
302780000,2,0,0,2
302800000,2,0,0,2
302820000,2,0,0,2
302840000,2,0,0,2
302860000,2,0,0,2
302880000,2,0,0,2
302900000,2,0,0,2
302920000,2,0,0,2
302940000,2,0,0,2
302960000,2,0,0,2
302980000,2,0,0,2
303000000,2,0,0,2
303020000,2,0,0,2
303040000,2,0,0,2
303060000,2,0,0,2
303080000,2,0,0,2
303100000,2,0,0,2
303120000,2,0,0,2
303140000,2,0,0,2
303160000,2,0,0,2
303180000,2,0,0,2
303200000,2,0,0,2
303220000,2,0,0,2
303240000,2,0,0,2
303260000,2,0,0,2
303280000,2,0,0,2
303300000,2,0,0,2
303320000,2,0,0,2
303340000,2,0,0,2
303360000,2,0,0,2
303380000,2,0,0,2
303400000,2,0,0,2
303420000,2,0,0,2
303440000,2,0,0,2
303460000,2,0,0,2
303480000,2,0,0,2
303500000,2,0,0,2
303520000,2,0,0,2
303540000,2,0,0,2
303560000,2,0,0,2
303580000,2,0,0,2
303600000,2,0,0,2
303620000,2,0,0,2
303640000,2,0,0,2
303660000,2,0,0,2
303680000,2,0,0,2
303700000,2,0,0,2
303720000,2,0,0,2
303740000,2,0,0,2
303760000,2,0,0,2
303780000,2,0,0,2
303800000,2,0,0,2
303820000,2,0,0,2
303840000,2,0,0,2
303860000,2,0,0,2
303880000,2,0,0,2
303900000,2,0,0,2
303920000,2,0,0,2
303940000,2,0,0,2
303960000,2,0,0,2
303967101,2,1,0,1
303980000,1,0,0,1
304000000,1,0,0,1
304020000,1,0,0,1
304040000,1,0,0,1
304060000,1,0,0,1
304080000,1,0,0,1
304100000,1,0,0,1
304120000,1,0,0,1
304140000,1,0,0,1
304160000,1,0,0,1
304180000,1,0,0,1
304200000,1,0,0,1
304220000,1,0,0,1
304240000,1,0,0,1
304260000,1,0,0,1
304280000,1,0,0,1
304300000,1,0,0,1
304320000,1,0,0,1
304340000,1,0,0,1
304360000,1,0,0,1
304380000,1,0,0,1
304400000,1,0,0,1
304420000,1,0,0,1
304440000,1,0,0,1
304460000,1,0,0,1
304480000,1,0,0,1
304500000,1,0,0,1
304520000,1,0,0,1
304540000,1,0,0,1
304560000,1,0,0,1
304580000,1,0,0,1
304600000,1,0,0,1
304620000,1,0,0,1
304640000,1,0,0,1
304660000,1,0,0,1
304680000,1,0,0,1
304700000,1,0,0,1
304720000,1,0,0,1
304740000,1,0,0,1
304760000,1,0,0,1
304780000,1,0,0,1
304800000,1,0,0,1
304820000,1,0,0,1
304840000,1,0,0,1
304860000,1,0,0,1
304880000,1,0,0,1
304900000,1,0,0,1
304920000,1,0,0,1
304940000,1,0,0,1
304960000,1,0,0,1
304980000,1,0,0,1
305000000,1,0,0,1
305020000,1,0,0,1
305040000,1,0,0,1
305060000,1,0,0,1
305080000,1,0,0,1
305100000,1,0,0,1
305120000,1,0,0,1
305140000,1,0,0,1
305160000,1,0,0,1
305180000,1,0,0,1
305200000,1,0,0,1
305220000,1,0,0,1
305240000,1,0,0,1
305260000,1,0,0,1
305280000,1,0,0,1
305300000,1,0,0,1
305320000,1,0,0,1
305340000,1,0,0,1
305360000,1,0,0,1
305380000,1,0,0,1
305400000,1,0,0,1
305420000,1,0,0,1
305440000,1,0,0,1
305460000,1,0,0,1
305480000,1,0,0,1
305500000,1,0,0,1
305520000,1,0,0,1
305540000,1,0,0,1
305560000,1,0,0,1
305580000,1,0,0,1
305600000,1,0,0,1
305620000,1,0,0,1
305640000,1,0,0,1
305660000,1,0,0,1
305680000,1,0,0,1
305700000,1,0,0,1
305720000,1,0,0,1
305740000,1,0,0,1
305760000,1,0,0,1
305780000,1,0,0,1
305800000,1,0,0,1
305820000,1,0,0,1
305840000,1,0,0,1
305860000,1,0,0,1
305880000,1,0,0,1
305900000,1,0,0,1
305920000,1,0,0,1
305940000,1,0,0,1
305960000,1,0,0,1
305980000,1,0,0,1
306000000,1,0,0,1
306020000,1,0,0,1
306040000,1,0,0,1
306060000,1,0,0,1
306080000,1,0,0,1
306100000,1,0,0,1
306120000,1,0,0,1
306140000,1,0,0,1
306160000,1,0,0,1
306180000,1,0,0,1
306200000,1,0,0,1
306220000,1,0,0,1
306240000,1,0,0,1
306260000,1,0,0,1
306280000,1,0,0,1
306300000,1,0,0,1
306320000,1,0,0,1
306340000,1,0,0,1
306360000,1,0,0,1
306380000,1,0,0,1
306400000,1,0,0,1
306420000,1,0,0,1
306440000,1,0,0,1
306460000,1,0,0,1
306480000,1,0,0,1
306500000,1,0,0,1
306520000,1,0,0,1
306540000,1,0,0,1
306560000,1,0,0,1
306580000,1,0,0,1
306600000,1,0,0,1
306620000,1,0,0,1
306640000,1,0,0,1
306660000,1,0,0,1
306680000,1,0,0,1
306700000,1,0,0,1
306720000,1,0,0,1
306740000,1,0,0,1
306760000,1,0,0,1
306780000,1,0,0,1
306800000,1,0,0,1
306820000,1,0,0,1
306840000,1,0,0,1
306860000,1,0,0,1
306880000,1,0,0,1
306900000,1,0,0,1
306920000,1,0,0,1
306940000,1,0,0,1
306960000,1,0,0,1
306980000,1,0,0,1
307000000,1,0,0,1
307020000,1,0,0,1
307040000,1,0,0,1
307060000,1,0,0,1
307080000,1,0,0,1
307100000,1,0,0,1
307120000,1,0,0,1
307140000,1,0,0,1
307160000,1,0,0,1
307180000,1,0,0,1
307200000,1,0,0,1
307220000,1,0,0,1
307240000,1,0,0,1
307260000,1,0,0,1
307280000,1,0,0,1
307300000,1,0,0,1
307320000,1,0,0,1
307340000,1,0,0,1
307360000,1,0,0,1
307380000,1,0,0,1
307400000,1,0,0,1
307420000,1,0,0,1
307440000,1,0,0,1
307460000,1,0,0,1
307480000,1,0,0,1
307500000,1,0,0,1
307520000,1,0,0,1
307540000,1,0,0,1
307560000,1,0,0,1
307580000,1,0,0,1
307600000,1,0,0,1
307620000,1,0,0,1
307640000,1,0,0,1
307660000,1,0,0,1
307680000,1,0,0,1
307700000,1,0,0,1
307720000,1,0,0,1
307740000,1,0,0,1
307760000,1,0,0,1
307780000,1,0,0,1
307800000,1,0,0,1
307820000,1,0,0,1
307840000,1,0,0,1
307860000,1,0,0,1
307880000,1,0,0,1
307900000,1,0,0,1
307920000,1,0,0,1
307940000,1,0,0,1
307960000,1,0,0,1
307980000,1,0,0,1
308000000,1,0,0,1
308020000,1,0,0,1
308040000,1,0,0,1
308060000,1,0,0,1
308080000,1,0,0,1
308100000,1,0,0,1
308120000,1,0,0,1
308140000,1,0,0,1
308160000,1,0,0,1
308180000,1,0,0,1
308200000,1,0,0,1
308220000,1,0,0,1
308240000,1,0,0,1
308260000,1,0,0,1
308280000,1,0,0,1
308300000,1,0,0,1
308320000,1,0,0,1
308340000,1,0,0,1
308360000,1,0,0,1
308380000,1,0,0,1
308400000,1,0,0,1
308420000,1,0,0,1
308440000,1,0,0,1
308460000,1,0,0,1
308480000,1,0,0,1
308500000,1,0,0,1
308520000,1,0,0,1
308540000,1,0,0,1
308560000,1,0,0,1
308580000,1,0,0,1
308600000,1,0,0,1
308620000,1,0,0,1
308640000,1,0,0,1
308660000,1,0,0,1
308680000,1,0,0,1
308700000,1,0,0,1
308720000,1,0,0,1
308740000,1,0,0,1
308760000,1,0,0,1
308780000,1,0,0,1
308800000,1,0,0,1
308820000,1,0,0,1
308840000,1,0,0,1
308860000,1,0,0,1
308880000,1,0,0,1
308900000,1,0,0,1
308920000,1,0,0,1
308940000,1,0,0,1
308960000,1,0,0,1
308980000,1,0,0,1
309000000,1,0,0,1
309020000,1,0,0,1
309040000,1,0,0,1
309060000,1,0,0,1
309080000,1,0,0,1
309100000,1,0,0,1
309120000,1,0,0,1
309140000,1,0,0,1
309160000,1,0,0,1
309180000,1,0,0,1
309200000,1,0,0,1
309220000,1,0,0,1
309240000,1,0,0,1
309260000,1,0,0,1
309280000,1,0,0,1
309300000,1,0,0,1
309320000,1,0,0,1
309340000,1,0,0,1
309360000,1,0,0,1
309380000,1,0,0,1
309400000,1,0,0,1
309420000,1,0,0,1
309440000,1,0,0,1
309460000,1,0,0,1
309480000,1,0,0,1
309500000,1,0,0,1
309520000,1,0,0,1
309540000,1,0,0,1
309560000,1,0,0,1
309580000,1,0,0,1
309600000,1,0,0,1
309620000,1,0,0,1
309640000,1,0,0,1
309660000,1,0,0,1
309680000,1,0,0,1
309700000,1,0,0,1
309720000,1,0,0,1
309740000,1,0,0,1
309760000,1,0,0,1
309780000,1,0,0,1
309800000,1,0,0,1
309820000,1,0,0,1
309840000,1,0,0,1
309860000,1,0,0,1
309880000,1,0,0,1
309900000,1,0,0,1
309920000,1,0,0,1
309940000,1,0,0,1
309960000,1,0,0,1
309980000,1,0,0,1
310000000,1,0,0,1
310020000,1,0,0,1
310040000,1,0,0,1
310060000,1,0,0,1
310080000,1,0,0,1
310100000,1,0,0,1
310120000,1,0,0,1
310140000,1,0,0,1
310160000,1,0,0,1
310180000,1,0,0,1
310200000,1,0,0,1
310220000,1,0,0,1
310240000,1,0,0,1
310260000,1,0,0,1
310280000,1,0,0,1
310300000,1,0,0,1
310320000,1,0,0,1
310340000,1,0,0,1
310360000,1,0,0,1
310380000,1,0,0,1
310400000,1,0,0,1
310420000,1,0,0,1
310440000,1,0,0,1
310460000,1,0,0,1
310480000,1,0,0,1
310500000,1,0,0,1
310520000,1,0,0,1
310540000,1,0,0,1
310560000,1,0,0,1
310580000,1,0,0,1
310600000,1,0,0,1
310620000,1,0,0,1
310640000,1,0,0,1
310660000,1,0,0,1
310680000,1,0,0,1
310700000,1,0,0,1
310720000,1,0,0,1
310740000,1,0,0,1
310760000,1,0,0,1
310780000,1,0,0,1
310800000,1,0,0,1
310820000,1,0,0,1
310840000,1,0,0,1
310860000,1,0,0,1
310880000,1,0,0,1
310900000,1,0,0,1
310920000,1,0,0,1
310940000,1,0,0,1
310960000,1,0,0,1
310980000,1,0,0,1
311000000,1,0,0,1
311020000,1,0,0,1
311040000,1,0,0,1
311060000,1,0,0,1
311080000,1,0,0,1
311100000,1,0,0,1
311120000,1,0,0,1
311140000,1,0,0,1
311160000,1,0,0,1
311180000,1,0,0,1
311200000,1,0,0,1
311220000,1,0,0,1
311240000,1,0,0,1
311260000,1,0,0,1
311280000,1,0,0,1
311300000,1,0,0,1
311320000,1,0,0,1
311340000,1,0,0,1
311360000,1,0,0,1
311380000,1,0,0,1
311400000,1,0,0,1
311420000,1,0,0,1
311440000,1,0,0,1
311460000,1,0,0,1
311480000,1,0,0,1
311500000,1,0,0,1
311520000,1,0,0,1
311540000,1,0,0,1
311560000,1,0,0,1
311580000,1,0,0,1
311600000,1,0,0,1
311620000,1,0,0,1
311640000,1,0,0,1
311660000,1,0,0,1
311680000,1,0,0,1
311700000,1,0,0,1
311720000,1,0,0,1
311740000,1,0,0,1
311760000,1,0,0,1
311780000,1,0,0,1
311800000,1,0,0,1
311820000,1,0,0,1
311840000,1,0,0,1
311860000,1,0,0,1
311880000,1,0,0,1
311900000,1,0,0,1
311920000,1,0,0,1
311940000,1,0,0,1
311960000,1,0,0,1
311980000,1,0,0,1
312000000,1,0,0,1
312020000,1,0,0,1
312040000,1,0,0,1
312060000,1,0,0,1
312080000,1,0,0,1
312100000,1,0,0,1
312120000,1,0,0,1
312140000,1,0,0,1
312160000,1,0,0,1
312180000,1,0,0,1
312200000,1,0,0,1
312220000,1,0,0,1
312240000,1,0,0,1
312260000,1,0,0,1
312280000,1,0,0,1
312300000,1,0,0,1
312320000,1,0,0,1
312340000,1,0,0,1
312360000,1,0,0,1
312380000,1,0,0,1
312400000,1,0,0,1
312420000,1,0,0,1
312440000,1,0,0,1
312460000,1,0,0,1
312480000,1,0,0,1
312500000,1,0,0,1
312520000,1,0,0,1
312540000,1,0,0,1
312560000,1,0,0,1
312580000,1,0,0,1
312600000,1,0,0,1
312620000,1,0,0,1
312640000,1,0,0,1
312660000,1,0,0,1
312680000,1,0,0,1
312700000,1,0,0,1
312720000,1,0,0,1
312740000,1,0,0,1
312760000,1,0,0,1
312780000,1,0,0,1
312800000,1,0,0,1
312820000,1,0,0,1
312840000,1,0,0,1
312860000,1,0,0,1
312880000,1,0,0,1
312900000,1,0,0,1
312920000,1,0,0,1
312940000,1,0,0,1
312960000,1,0,0,1
312980000,1,0,0,1
313000000,1,0,0,1
313020000,1,0,0,1
313040000,1,0,0,1
313060000,1,0,0,1
313080000,1,0,0,1
313100000,1,0,0,1
313120000,1,0,0,1
313140000,1,0,0,1
313160000,1,0,0,1
313180000,1,0,0,1
313200000,1,0,0,1
313220000,1,0,0,1
313240000,1,0,0,1
313260000,1,0,0,1
313280000,1,0,0,1
313300000,1,0,0,1
313320000,1,0,0,1
313340000,1,0,0,1
313360000,1,0,0,1
313380000,1,0,0,1
313400000,1,0,0,1
313420000,1,0,0,1
313440000,1,0,0,1
313460000,1,0,0,1
313480000,1,0,0,1
313500000,1,0,0,1
313520000,1,0,0,1
313540000,1,0,0,1
313560000,1,0,0,1
313580000,1,0,0,1
313600000,1,0,0,1
313620000,1,0,0,1
313640000,1,0,0,1
313660000,1,0,0,1
313680000,1,0,0,1
313700000,1,0,0,1
313720000,1,0,0,1
313740000,1,0,0,1
313760000,1,0,0,1
313780000,1,0,0,1
313800000,1,0,0,1
313820000,1,0,0,1
313840000,1,0,0,1
313860000,1,0,0,1
313880000,1,0,0,1
313900000,1,0,0,1
313920000,1,0,0,1
313940000,1,0,0,1
313960000,1,0,0,1
313980000,1,0,0,1
314000000,1,0,0,1
314020000,1,0,0,1
314040000,1,0,0,1
314060000,1,0,0,1
314080000,1,0,0,1
314100000,1,0,0,1
314120000,1,0,0,1
314140000,1,0,0,1
314160000,1,0,0,1
314180000,1,0,0,1
314200000,1,0,0,1
314220000,1,0,0,1
314240000,1,0,0,1
314260000,1,0,0,1
314280000,1,0,0,1
314300000,1,0,0,1
314320000,1,0,0,1
314340000,1,0,0,1
314360000,1,0,0,1
314380000,1,0,0,1
314400000,1,0,0,1
314420000,1,0,0,1
314440000,1,0,0,1
314460000,1,0,0,1
314480000,1,0,0,1
314500000,1,0,0,1
314520000,1,0,0,1
314540000,1,0,0,1
314560000,1,0,0,1
314580000,1,0,0,1
314600000,1,0,0,1
314620000,1,0,0,1
314640000,1,0,0,1
314660000,1,0,0,1
314680000,1,0,0,1
314700000,1,0,0,1
314720000,1,0,0,1
314740000,1,0,0,1
314760000,1,0,0,1
314780000,1,0,0,1
314800000,1,0,0,1
314820000,1,0,0,1
314840000,1,0,0,1
314860000,1,0,0,1
314880000,1,0,0,1
314900000,1,0,0,1
314920000,1,0,0,1
314940000,1,0,0,1
314960000,1,0,0,1
314980000,1,0,0,1
315000000,1,0,0,1
315020000,1,0,0,1
315040000,1,0,0,1
315060000,1,0,0,1
315080000,1,0,0,1
315100000,1,0,0,1
315120000,1,0,0,1
315140000,1,0,0,1
315160000,1,0,0,1
315180000,1,0,0,1
315200000,1,0,0,1
315220000,1,0,0,1
315240000,1,0,0,1
315260000,1,0,0,1
315280000,1,0,0,1
315300000,1,0,0,1
315320000,1,0,0,1
315340000,1,0,0,1
315360000,1,0,0,1
315380000,1,0,0,1
315400000,1,0,0,1
315420000,1,0,0,1
315440000,1,0,0,1
315460000,1,0,0,1
315480000,1,0,0,1
315500000,1,0,0,1
315520000,1,0,0,1
315540000,1,0,0,1
315560000,1,0,0,1
315580000,1,0,0,1
315600000,1,0,0,1
315620000,1,0,0,1
315640000,1,0,0,1
315660000,1,0,0,1
315680000,1,0,0,1
315700000,1,0,0,1
315720000,1,0,0,1
315740000,1,0,0,1
315760000,1,0,0,1
315780000,1,0,0,1
315800000,1,0,0,1
315820000,1,0,0,1
315840000,1,0,0,1
315860000,1,0,0,1
315880000,1,0,0,1
315900000,1,0,0,1
315920000,1,0,0,1
315940000,1,0,0,1
315960000,1,0,0,1
315980000,1,0,0,1
316000000,1,0,0,1
316020000,1,0,0,1
316040000,1,0,0,1
316060000,1,0,0,1
316080000,1,0,0,1
316100000,1,0,0,1
316120000,1,0,0,1
316140000,1,0,0,1
316160000,1,0,0,1
316180000,1,0,0,1
316200000,1,0,0,1
316220000,1,0,0,1
316240000,1,0,0,1
316260000,1,0,0,1
316280000,1,0,0,1
316300000,1,0,0,1
316320000,1,0,0,1
316340000,1,0,0,1
316360000,1,0,0,1
316380000,1,0,0,1
316400000,1,0,0,1
316420000,1,0,0,1
316440000,1,0,0,1
316460000,1,0,0,1
316480000,1,0,0,1
316500000,1,0,0,1
316520000,1,0,0,1
316540000,1,0,0,1
316560000,1,0,0,1
316580000,1,0,0,1
316600000,1,0,0,1
316620000,1,0,0,1
316640000,1,0,0,1
316660000,1,0,0,1
316680000,1,0,0,1
316700000,1,0,0,1
316720000,1,0,0,1
316740000,1,0,0,1
316760000,1,0,0,1
316780000,1,0,0,1
316800000,1,0,0,1
316820000,1,0,0,1
316840000,1,0,0,1
316860000,1,0,0,1
316880000,1,0,0,1
316900000,1,0,0,1
316920000,1,0,0,1
316940000,1,0,0,1
316960000,1,0,0,1
316980000,1,0,0,1
317000000,1,0,0,1
317020000,1,0,0,1
317040000,1,0,0,1
317060000,1,0,0,1
317080000,1,0,0,1
317100000,1,0,0,1
317120000,1,0,0,1
317140000,1,0,0,1
317160000,1,0,0,1
317180000,1,0,0,1
317200000,1,0,0,1
317220000,1,0,0,1
317240000,1,0,0,1
317260000,1,0,0,1
317280000,1,0,0,1
317300000,1,0,0,1
317320000,1,0,0,1
317340000,1,0,0,1
317360000,1,0,0,1
317380000,1,0,0,1
317400000,1,0,0,1
317420000,1,0,0,1
317440000,1,0,0,1
317460000,1,0,0,1
317480000,1,0,0,1
317500000,1,0,0,1
317520000,1,0,0,1
317540000,1,0,0,1
317560000,1,0,0,1
317580000,1,0,0,1
317600000,1,0,0,1
317620000,1,0,0,1
317640000,1,0,0,1
317660000,1,0,0,1
317680000,1,0,0,1
317700000,1,0,0,1
317720000,1,0,0,1
317740000,1,0,0,1
317760000,1,0,0,1
317780000,1,0,0,1
317800000,1,0,0,1
317820000,1,0,0,1
317840000,1,0,0,1
317860000,1,0,0,1
317880000,1,0,0,1
317900000,1,0,0,1
317920000,1,0,0,1
317940000,1,0,0,1
317960000,1,0,0,1
317980000,1,0,0,1
318000000,1,0,0,1
318020000,1,0,0,1
318040000,1,0,0,1
318060000,1,0,0,1
318080000,1,0,0,1
318100000,1,0,0,1
318120000,1,0,0,1
318140000,1,0,0,1
318160000,1,0,0,1
318180000,1,0,0,1
318200000,1,0,0,1
318220000,1,0,0,1
318240000,1,0,0,1
318260000,1,0,0,1
318280000,1,0,0,1
318300000,1,0,0,1
318320000,1,0,0,1
318340000,1,0,0,1
318360000,1,0,0,1
318380000,1,0,0,1
318400000,1,0,0,1
318420000,1,0,0,1
318440000,1,0,0,1
318460000,1,0,0,1
318480000,1,0,0,1
318500000,1,0,0,1
318520000,1,0,0,1
318540000,1,0,0,1
318560000,1,0,0,1
318580000,1,0,0,1
318600000,1,0,0,1
318620000,1,0,0,1
318640000,1,0,0,1
318660000,1,0,0,1
318680000,1,0,0,1
318700000,1,0,0,1
318720000,1,0,0,1
318740000,1,0,0,1
318760000,1,0,0,1
318780000,1,0,0,1
318800000,1,0,0,1
318820000,1,0,0,1
318840000,1,0,0,1
318860000,1,0,0,1
318880000,1,0,0,1
318900000,1,0,0,1
318920000,1,0,0,1
318940000,1,0,0,1
318960000,1,0,0,1
318980000,1,0,0,1
319000000,1,0,0,1
319020000,1,0,0,1
319040000,1,0,0,1
319060000,1,0,0,1
319080000,1,0,0,1
319100000,1,0,0,1
319120000,1,0,0,1
319140000,1,0,0,1
319160000,1,0,0,1
319180000,1,0,0,1
319200000,1,0,0,1
319220000,1,0,0,1
319240000,1,0,0,1
319260000,1,0,0,1
319280000,1,0,0,1
319300000,1,0,0,1
319320000,1,0,0,1
319340000,1,0,0,1
319360000,1,0,0,1
319380000,1,0,0,1
319400000,1,0,0,1
319420000,1,0,0,1
319440000,1,0,0,1
319460000,1,0,0,1
319480000,1,0,0,1
319500000,1,0,0,1
319520000,1,0,0,1
319540000,1,0,0,1
319560000,1,0,0,1
319580000,1,0,0,1
319600000,1,0,0,1
319620000,1,0,0,1
319640000,1,0,0,1
319660000,1,0,0,1
319680000,1,0,0,1
319700000,1,0,0,1
319720000,1,0,0,1
319740000,1,0,0,1
319760000,1,0,0,1
319780000,1,0,0,1
319800000,1,0,0,1
319820000,1,0,0,1
319840000,1,0,0,1
319860000,1,0,0,1
319880000,1,0,0,1
319900000,1,0,0,1
319920000,1,0,0,1
319940000,1,0,0,1
319960000,1,0,0,1
319980000,1,0,0,1
320000000,1,0,0,1
320020000,1,0,0,1
320040000,1,0,0,1
320060000,1,0,0,1
320080000,1,0,0,1
320100000,1,0,0,1
320120000,1,0,0,1
320140000,1,0,0,1
320160000,1,0,0,1
320180000,1,0,0,1
320200000,1,0,0,1
320220000,1,0,0,1
320240000,1,0,0,1
320260000,1,0,0,1
320280000,1,0,0,1
320300000,1,0,0,1
320320000,1,0,0,1
320340000,1,0,0,1
320360000,1,0,0,1
320380000,1,0,0,1
320400000,1,0,0,1
320420000,1,0,0,1
320440000,1,0,0,1
320460000,1,0,0,1
320480000,1,0,0,1
320500000,1,0,0,1
320520000,1,0,0,1
320540000,1,0,0,1
320560000,1,0,0,1
320580000,1,0,0,1
320600000,1,0,0,1
320620000,1,0,0,1
320640000,1,0,0,1
320660000,1,0,0,1
320680000,1,0,0,1
320700000,1,0,0,1
320720000,1,0,0,1
320740000,1,0,0,1
320760000,1,0,0,1
320780000,1,0,0,1
320800000,1,0,0,1
320820000,1,0,0,1
320840000,1,0,0,1
320860000,1,0,0,1
320880000,1,0,0,1
320900000,1,0,0,1
320920000,1,0,0,1
320940000,1,0,0,1
320960000,1,0,0,1
320980000,1,0,0,1
321000000,1,0,0,1
321020000,1,0,0,1
321040000,1,0,0,1
321060000,1,0,0,1
321080000,1,0,0,1
321100000,1,0,0,1
321120000,1,0,0,1
321140000,1,0,0,1
321160000,1,0,0,1
321180000,1,0,0,1
321200000,1,0,0,1
321220000,1,0,0,1
321240000,1,0,0,1
321260000,1,0,0,1
321280000,1,0,0,1
321300000,1,0,0,1
321320000,1,0,0,1
321340000,1,0,0,1
321360000,1,0,0,1
321380000,1,0,0,1
321400000,1,0,0,1
321420000,1,0,0,1
321440000,1,0,0,1
321460000,1,0,0,1
321480000,1,0,0,1
321500000,1,0,0,1
321520000,1,0,0,1
321540000,1,0,0,1
321560000,1,0,0,1
321580000,1,0,0,1
321600000,1,0,0,1
321620000,1,0,0,1
321640000,1,0,0,1
321660000,1,0,0,1
321680000,1,0,0,1
321700000,1,0,0,1
321720000,1,0,0,1
321740000,1,0,0,1
321760000,1,0,0,1
321780000,1,0,0,1
321800000,1,0,0,1
321820000,1,0,0,1
321840000,1,0,0,1
321860000,1,0,0,1
321880000,1,0,0,1
321900000,1,0,0,1
321920000,1,0,0,1
321940000,1,0,0,1
321960000,1,0,0,1
321980000,1,0,0,1
322000000,1,0,0,1
322020000,1,0,0,1
322040000,1,0,0,1
322060000,1,0,0,1
322080000,1,0,0,1
322100000,1,0,0,1
322120000,1,0,0,1
322140000,1,0,0,1
322160000,1,0,0,1
322180000,1,0,0,1
322200000,1,0,0,1
322220000,1,0,0,1
322240000,1,0,0,1
322260000,1,0,0,1
322280000,1,0,0,1
322300000,1,0,0,1
322320000,1,0,0,1
322340000,1,0,0,1
322360000,1,0,0,1
322380000,1,0,0,1
322400000,1,0,0,1
322420000,1,0,0,1
322440000,1,0,0,1
322460000,1,0,0,1
322480000,1,0,0,1
322500000,1,0,0,1
322520000,1,0,0,1
322540000,1,0,0,1
322560000,1,0,0,1
322580000,1,0,0,1
322600000,1,0,0,1
322620000,1,0,0,1
322640000,1,0,0,1
322660000,1,0,0,1
322680000,1,0,0,1
322700000,1,0,0,1
322720000,1,0,0,1
322740000,1,0,0,1
322760000,1,0,0,1
322780000,1,0,0,1
322800000,1,0,0,1
322820000,1,0,0,1
322840000,1,0,0,1
322860000,1,0,0,1
322880000,1,0,0,1
322900000,1,0,0,1
322920000,1,0,0,1
322940000,1,0,0,1
322960000,1,0,0,1
322980000,1,0,0,1
323000000,1,0,0,1
323020000,1,0,0,1
323040000,1,0,0,1
323060000,1,0,0,1
323080000,1,0,0,1
323100000,1,0,0,1
323120000,1,0,0,1
323140000,1,0,0,1
323160000,1,0,0,1
323180000,1,0,0,1
323200000,1,0,0,1
323220000,1,0,0,1
323240000,1,0,0,1
323260000,1,0,0,1
323280000,1,0,0,1
323300000,1,0,0,1
323320000,1,0,0,1
323340000,1,0,0,1
323360000,1,0,0,1
323380000,1,0,0,1
323400000,1,0,0,1
323420000,1,0,0,1
323440000,1,0,0,1
323460000,1,0,0,1
323480000,1,0,0,1
323500000,1,0,0,1
323520000,1,0,0,1
323540000,1,0,0,1
323560000,1,0,0,1
323580000,1,0,0,1
323600000,1,0,0,1
323620000,1,0,0,1
323640000,1,0,0,1
323660000,1,0,0,1
323680000,1,0,0,1
323700000,1,0,0,1
323720000,1,0,0,1
323740000,1,0,0,1
323760000,1,0,0,1
323780000,1,0,0,1
323800000,1,0,0,1
323820000,1,0,0,1
323840000,1,0,0,1
323860000,1,0,0,1
323880000,1,0,0,1
323900000,1,0,0,1
323920000,1,0,0,1
323940000,1,0,0,1
323960000,1,0,0,1
323980000,1,0,0,1
324000000,1,0,0,1
324020000,1,0,0,1
324040000,1,0,0,1
324060000,1,0,0,1
324080000,1,0,0,1
324100000,1,0,0,1
324120000,1,0,0,1
324140000,1,0,0,1
324160000,1,0,0,1
324180000,1,0,0,1
324200000,1,0,0,1
324220000,1,0,0,1
324240000,1,0,0,1
324260000,1,0,0,1
324280000,1,0,0,1
324300000,1,0,0,1
324320000,1,0,0,1
324340000,1,0,0,1
324360000,1,0,0,1
324380000,1,0,0,1
324400000,1,0,0,1
324420000,1,0,0,1
324440000,1,0,0,1
324460000,1,0,0,1
324480000,1,0,0,1
324500000,1,0,0,1
324520000,1,0,0,1
324540000,1,0,0,1
324560000,1,0,0,1
324580000,1,0,0,1
324600000,1,0,0,1
324620000,1,0,0,1
324640000,1,0,0,1
324660000,1,0,0,1
324680000,1,0,0,1
324700000,1,0,0,1
324720000,1,0,0,1
324740000,1,0,0,1
324760000,1,0,0,1
324780000,1,0,0,1
324800000,1,0,0,1
324820000,1,0,0,1
324840000,1,0,0,1
324860000,1,0,0,1
324880000,1,0,0,1
324900000,1,0,0,1
324920000,1,0,0,1
324940000,1,0,0,1
324960000,1,0,0,1
324980000,1,0,0,1
325000000,1,0,0,1
325020000,1,0,0,1
325040000,1,0,0,1
325060000,1,0,0,1
325080000,1,0,0,1
325100000,1,0,0,1
325120000,1,0,0,1
325140000,1,0,0,1
325160000,1,0,0,1
325180000,1,0,0,1
325200000,1,0,0,1
325220000,1,0,0,1
325240000,1,0,0,1
325260000,1,0,0,1
325280000,1,0,0,1
325300000,1,0,0,1
325320000,1,0,0,1
325340000,1,0,0,1
325360000,1,0,0,1
325380000,1,0,0,1
325400000,1,0,0,1
325420000,1,0,0,1
325440000,1,0,0,1
325460000,1,0,0,1
325480000,1,0,0,1
325500000,1,0,0,1
325520000,1,0,0,1
325540000,1,0,0,1
325560000,1,0,0,1
325580000,1,0,0,1
325600000,1,0,0,1
325620000,1,0,0,1
325640000,1,0,0,1
325660000,1,0,0,1
325680000,1,0,0,1
325700000,1,0,0,1
325720000,1,0,0,1
325740000,1,0,0,1
325760000,1,0,0,1
325780000,1,0,0,1
325800000,1,0,0,1
325820000,1,0,0,1
325840000,1,0,0,1
325860000,1,0,0,1
325880000,1,0,0,1
325900000,1,0,0,1
325920000,1,0,0,1
325940000,1,0,0,1
325960000,1,0,0,1
325980000,1,0,0,1
326000000,1,0,0,1
326020000,1,0,0,1
326040000,1,0,0,1
326060000,1,0,0,1
326080000,1,0,0,1
326100000,1,0,0,1
326120000,1,0,0,1
326140000,1,0,0,1
326160000,1,0,0,1
326180000,1,0,0,1
326200000,1,0,0,1
326220000,1,0,0,1
326240000,1,0,0,1
326260000,1,0,0,1
326280000,1,0,0,1
326300000,1,0,0,1
326320000,1,0,0,1
326340000,1,0,0,1
326360000,1,0,0,1
326380000,1,0,0,1
326400000,1,0,0,1
326420000,1,0,0,1
326440000,1,0,0,1
326460000,1,0,0,1
326480000,1,0,0,1
326500000,1,0,0,1
326520000,1,0,0,1
326540000,1,0,0,1
326560000,1,0,0,1
326580000,1,0,0,1
326600000,1,0,0,1
326620000,1,0,0,1
326640000,1,0,0,1
326660000,1,0,0,1
326680000,1,0,0,1
326700000,1,0,0,1
326720000,1,0,0,1
326740000,1,0,0,1
326760000,1,0,0,1
326780000,1,0,0,1
326800000,1,0,0,1
326820000,1,0,0,1
326840000,1,0,0,1
326860000,1,0,0,1
326880000,1,0,0,1
326900000,1,0,0,1
326920000,1,0,0,1
326940000,1,0,0,1
326960000,1,0,0,1
326980000,1,0,0,1
327000000,1,0,0,1
327020000,1,0,0,1
327040000,1,0,0,1
327060000,1,0,0,1
327080000,1,0,0,1
327100000,1,0,0,1
327120000,1,0,0,1
327140000,1,0,0,1
327160000,1,0,0,1
327180000,1,0,0,1
327200000,1,0,0,1
327220000,1,0,0,1
327240000,1,0,0,1
327260000,1,0,0,1
327280000,1,0,0,1
327300000,1,0,0,1
327320000,1,0,0,1
327340000,1,0,0,1
327360000,1,0,0,1
327380000,1,0,0,1
327400000,1,0,0,1
327420000,1,0,0,1
327440000,1,0,0,1
327460000,1,0,0,1
327480000,1,0,0,1
327500000,1,0,0,1
327520000,1,0,0,1
327540000,1,0,0,1
327560000,1,0,0,1
327580000,1,0,0,1
327600000,1,0,0,1
327620000,1,0,0,1
327640000,1,0,0,1
327660000,1,0,0,1
327680000,1,0,0,1
327695231,1,1,0,0
